C:\Users\xumen\.jdks\openjdk-26.0.1\bin\java.exe --add-opens java.base/java.lang=ALL-UNNAMED "-javaagent:C:\Program Files\JetBrains\IntelliJ IDEA 2026.1.1\lib\idea_rt.jar=58471" -Dfile.encoding=UTF-8 -Dsun.stdout.encoding=UTF-8 -Dsun.stderr.encoding=UTF-8 -classpath D:\javaProject\GPDFJSS-MENG\out\production\GPDFJSS-MENG;D:\javaProject\GPDFJSS-MENG\libraries\weka.jar;D:\javaProject\GPDFJSS-MENG\libraries\itext-1.2.jar;D:\javaProject\GPDFJSS-MENG\libraries\EJML-dense64-0.27.jar;D:\javaProject\GPDFJSS-MENG\libraries\commons-lang3-3.4.jar;D:\javaProject\GPDFJSS-MENG\libraries\Jama-1.0.3.jar;D:\javaProject\GPDFJSS-MENG\libraries\commons-math3-3.5.jar;D:\javaProject\GPDFJSS-MENG\libraries\okio-1.17.5.jar;D:\javaProject\GPDFJSS-MENG\libraries\jfreechart-1.0.19.jar;D:\javaProject\GPDFJSS-MENG\libraries\commons-lang3-3.4-javadoc.jar;D:\javaProject\GPDFJSS-MENG\libraries\EJML-core-0.27.jar;D:\javaProject\GPDFJSS-MENG\libraries\okio-jvm-3.9.1.jar;D:\javaProject\GPDFJSS-MENG\libraries\EJML-simple-0.27.jar;D:\javaProject\GPDFJSS-MENG\libraries\okhttp-3.14.9.jar;D:\javaProject\GPDFJSS-MENG\libraries\json-20240303.jar;D:\javaProject\GPDFJSS-MENG\libraries\kotlin-stdlib-2.1.0-RC2.jar;D:\javaProject\GPDFJSS-MENG\libraries\okhttp-5.0.0-alpha.14.jar;D:\javaProject\GPDFJSS-MENG\libraries\commons-math3-3.5-javadoc.jar;D:\javaProject\GPDFJSS-MENG\libraries\jzlib-1.0.7.jar;D:\javaProject\GPDFJSS-MENG\libraries\jcommon-1.0.23.jar;D:\javaProject\GPDFJSS-MENG\libraries\pshecj.jar;D:\javaProject\GPDFJSS-MENG\libraries\okio-3.9.1.jar yimei.jss.gp.GPMain

| ECJ
| An evolutionary computation system (version 23)
| By Sean Luke
| Contributors: L. Panait, G. Balan, S. Paus, Z. Skolicki, R. Kicinger,
|               E. Popovici, K. Sullivan, J. Harrison, J. Bassett, R. Hubley,
|               A. Desai, A. Chircop, J. Compton, W. Haddon, S. Donnelly,
|               B. Jamil, J. Zelibor, E. Kangas, F. Abidi, H. Mooers,
|               J. O'Beirne, L. Manzoni, K. Talukder, and J. McDermott
| URL: http://cs.gmu.edu/~eclab/projects/ecj/
| Mail: ecj-help@cs.gmu.edu
|       (better: join ECJ-INTEREST at URL above)
| Date: June 15, 2015
| Current Java: 26.0.1 / OpenJDK 64-Bit Server VM-26.0.1+8-34
| Required Minimum Java: 1.5


Threads:  breed/1 eval/1
Seed: 22
Job: 0
Setting up
Processing GP Types
Processing GP Node Constraints
Processing GP Function Sets
No GPFunctionSet specified, assuming the default class: ec.gp.GPFunctionSet for gp.fs.0
Processing GP Tree Constraints
WARNING:
You're using elitism with NSGA2Breeder, which is not permitted and will be ignored.  However the reevaluate-elites parameter *will* bre recognized by NSGAEvaluator.
PARAMETER: breed.elite.0
Initializing Generation 0
ideal points: [7123.57030612483, 1285.8026403756478]
nadir points: [8354.678401669546, 2249.9589085114276]
max objectives: [636323.1603378257, 161465.13104757224]
min objectives: [7915.078117916477, 1428.6696004173864]
HVOfIntermedidatePopPSL: DoubleSummaryStatistics{count=1000, sum=506.093698, min=0.000000, average=0.506094, max=0.999293}
preferenceDiversityPopAll: DoubleSummaryStatistics{count=1000, sum=7.836908, min=0.000000, average=0.007837, max=0.119553}
Genotype diversity: 1.0
Entropy diversity: 4.0041320041762045
PC diversity: 0.874
MPSLGP top 5 HV by task at generation 0:
  Task 0: #1 ind=28 HV=0.998489191688891; #2 ind=1 HV=0.9983649218861556; #3 ind=7 HV=0.9980943599020544; #4 ind=10 HV=0.9978400311125198; #5 ind=2 HV=0.9977795614725902
  Task 1: #1 ind=0 HV=0.9992926209137032; #2 ind=5 HV=0.9982592761977201; #3 ind=6 HV=0.9982504685714467; #4 ind=9 HV=0.9981187947364404; #5 ind=11 HV=0.9977250936995147

Pareto Front of Subpopulation 0
Objective 0: [7915.078117916477, 8015.29053020585, 8241.03415611951, 8347.921036216721, 8354.678401669546]
Objective 1: [2249.9589085114276, 1782.618033545783, 1697.3988324943857, 1577.7094180288332, 1428.6696004173864]
MPSLGP task 0 best fitness of generation Fitness: [8347.921036216721 1577.7094180288332]
MPSLGP task 1 best fitness of generation Fitness: [8354.678401669546 1428.6696004173864]
2
duration: 37.0
Generation 0 elapsed 37.0 seconds.
Generation 1
Preselection cleared number: 1677
MPSLGP task-balanced survival counts: [task 0=500, task 1=500]
Subpop 0 reduced 5000 -> 1000
ideal points: [5674.155029036827, 1075.5319143085514]
nadir points: [6771.122925957316, 2568.583499478991]
max objectives: [609916.9966656808, 153496.40448453423]
min objectives: [6304.616698929807, 1195.035460342835]
HVOfIntermedidatePopPSL: DoubleSummaryStatistics{count=1000, sum=929.588573, min=0.000000, average=0.929589, max=0.999219}
preferenceDiversityPopAll: DoubleSummaryStatistics{count=1000, sum=8.548214, min=0.000000, average=0.008548, max=0.101007}
Genotype diversity: 1.0
Entropy diversity: 6.6039883271323045
PC diversity: 0.957
MPSLGP top 5 HV by task at generation 1:
  Task 0: #1 ind=263 HV=0.9970247025150913; #2 ind=12 HV=0.9967595372986737; #3 ind=16 HV=0.9961770651600225; #4 ind=22 HV=0.9954785967184278; #5 ind=236 HV=0.9952619178438942
  Task 1: #1 ind=0 HV=0.999218927828235; #2 ind=10 HV=0.9991285776350498; #3 ind=4 HV=0.9985920119008936; #4 ind=7 HV=0.998088211846937; #5 ind=1 HV=0.9971256082278822

Pareto Front of Subpopulation 1
Objective 0: [6304.616698929807, 6612.639486872911, 6748.755719765177, 6771.122925957316]
Objective 1: [2568.583499478991, 2384.5289695652973, 1518.4908561832126, 1195.035460342835]
2
duration: 73.0
MPSLGP task 0 best fitness of generation Fitness: [6304.616698929807 2568.583499478991]
MPSLGP task 1 best fitness of generation Fitness: [6771.122925957316 1195.035460342835]
Generation 1 elapsed 73.0 seconds.
Generation 2
Preselection cleared number: 1531
MPSLGP task-balanced survival counts: [task 0=500, task 1=500]
Subpop 0 reduced 5000 -> 1000
ideal points: [5401.565131861083, 1149.0892671523907]
nadir points: [7478.464082987804, 2661.857076263157]
max objectives: [162939.58163216955, 40702.55910275929]
min objectives: [6001.739035401202, 1276.7658523915452]
HVOfIntermedidatePopPSL: DoubleSummaryStatistics{count=1000, sum=894.107746, min=0.000000, average=0.894108, max=0.992260}
preferenceDiversityPopAll: DoubleSummaryStatistics{count=1000, sum=6.299900, min=0.000000, average=0.006300, max=0.113858}
Genotype diversity: 1.0
Entropy diversity: 6.616851874253531
PC diversity: 0.952
MPSLGP top 5 HV by task at generation 2:
  Task 0: #1 ind=15 HV=0.9895746036983847; #2 ind=16 HV=0.9891784978602017; #3 ind=9 HV=0.9884210539040034; #4 ind=24 HV=0.9880013023141573; #5 ind=71 HV=0.9874325681843836
  Task 1: #1 ind=0 HV=0.992260056782167; #2 ind=1 HV=0.9918801892511744; #3 ind=2 HV=0.991806344049663; #4 ind=6 HV=0.9908546266576236; #5 ind=3 HV=0.99040217224636

Pareto Front of Subpopulation 2
Objective 0: [6001.739035401202, 6125.982610756939, 6863.2320218330715, 7089.064457653556, 7158.567374320934, 7478.464082987804]
Objective 1: [2661.857076263157, 2259.129461150209, 1362.2511458785157, 1322.0117079890042, 1300.2589838542335, 1276.7658523915452]
2
MPSLGP task 0 best fitness of generation Fitness: [6001.739035401202 2661.857076263157]
MPSLGP task 1 best fitness of generation Fitness: [6863.2320218330715 1362.2511458785157]
Generation 2 elapsed 77.0 seconds.
Generation 3
duration: 77.0
Preselection cleared number: 1759
MPSLGP task-balanced survival counts: [task 0=500, task 1=500]
Subpop 0 reduced 5000 -> 1000
ideal points: [5166.546623330517, 1247.8132324106032]
nadir points: [7799.274783766043, 3786.9584590717786]
max objectives: [350110.6834897923, 155330.53417067113]
min objectives: [5740.60735925613, 1386.4591471228923]
HVOfIntermedidatePopPSL: DoubleSummaryStatistics{count=1000, sum=941.551515, min=0.000000, average=0.941552, max=0.995967}
preferenceDiversityPopAll: DoubleSummaryStatistics{count=1000, sum=7.343225, min=0.000000, average=0.007343, max=0.107577}
Genotype diversity: 1.0
Entropy diversity: 6.690153754439522
PC diversity: 0.953
MPSLGP top 5 HV by task at generation 3:
  Task 0: #1 ind=190 HV=0.9927125880068383; #2 ind=23 HV=0.9926447026527898; #3 ind=4 HV=0.9920558435110263; #4 ind=59 HV=0.9919572223992802; #5 ind=116 HV=0.9913513230350487
  Task 1: #1 ind=0 HV=0.995966864994613; #2 ind=21 HV=0.9957614429903268; #3 ind=132 HV=0.9947258778015221; #4 ind=1 HV=0.9945707536321087; #5 ind=2 HV=0.994012606846227

Pareto Front of Subpopulation 3
Objective 0: [5740.60735925613, 5753.257720458903, 5770.788758386101, 6973.847881829075, 7230.621260652668, 7496.7986463650595, 7537.428243556584, 7799.274783766043]
Objective 1: [3786.9584590717786, 3344.086191074035, 3080.6213471835945, 2053.358575078062, 1790.4435351589345, 1533.3170326028776, 1416.3074076068588, 1386.4591471228923]
2
duration: 78.0
MPSLGP task 0 best fitness of generation Fitness: [6973.847881829075 2053.358575078062]
MPSLGP task 1 best fitness of generation Fitness: [7230.621260652668 1790.4435351589345]
Generation 3 elapsed 78.0 seconds.
Generation 4
Preselection cleared number: 1923
MPSLGP task-balanced survival counts: [task 0=500, task 1=500]
Subpop 0 reduced 5000 -> 1000
ideal points: [4831.361045030906, 1076.6273165162056]
nadir points: [6780.9217547297885, 4135.758448065237]
max objectives: [124415.41043655944, 123953.41043655944]
min objectives: [5368.178938923229, 1196.2525739068951]
HVOfIntermedidatePopPSL: DoubleSummaryStatistics{count=1000, sum=932.388651, min=0.000000, average=0.932389, max=0.996283}
preferenceDiversityPopAll: DoubleSummaryStatistics{count=1000, sum=5.770520, min=0.000000, average=0.005771, max=0.092971}
Genotype diversity: 1.0
Entropy diversity: 6.714283495652586
PC diversity: 0.952
MPSLGP top 5 HV by task at generation 4:
  Task 0: #1 ind=0 HV=0.9925630233221887; #2 ind=1 HV=0.9915977283164545; #3 ind=3 HV=0.9914575231297564; #4 ind=15 HV=0.9894583275109067; #5 ind=28 HV=0.9890272463422454
  Task 1: #1 ind=72 HV=0.9962831288686349; #2 ind=91 HV=0.9936185946394805; #3 ind=27 HV=0.9934947779479193; #4 ind=151 HV=0.9925785746649337; #5 ind=39 HV=0.9920527262202292

Pareto Front of Subpopulation 4
Objective 0: [5368.178938923229, 5415.232288780273, 5432.559164318838, 5477.24482677097, 5532.4961728870985, 5616.060964289209, 5653.25551545067, 5845.521685845568, 5856.353229485278, 5990.787244304374, 6267.7397261661245, 6448.210047273169, 6780.9217547297885]
Objective 1: [4135.758448065237, 3706.9270866475563, 3383.880380533752, 2622.3265157217247, 2428.308822997911, 2342.8733208642698, 1921.4277122957938, 1739.8018473977063, 1597.4094712118094, 1596.966886499009, 1566.568568638424, 1467.8074746565617, 1196.2525739068951]
2
duration: 78.0
MPSLGP task 0 best fitness of generation Fitness: [5856.353229485278 1597.4094712118094]
MPSLGP task 1 best fitness of generation Fitness: [5845.521685845568 1739.8018473977063]
Generation 4 elapsed 78.0 seconds.
Generation 5
Preselection cleared number: 1663
MPSLGP task-balanced survival counts: [task 0=500, task 1=500]
Subpop 0 reduced 5000 -> 1000
ideal points: [4835.153552334529, 1088.1870023124472]
nadir points: [7202.303363152081, 3141.9965844809994]
max objectives: [99298.61874795686, 98638.61874795686]
min objectives: [5372.392835927254, 1209.0966692360525]
HVOfIntermedidatePopPSL: DoubleSummaryStatistics{count=1000, sum=872.876514, min=0.000000, average=0.872877, max=0.990600}
preferenceDiversityPopAll: DoubleSummaryStatistics{count=1000, sum=5.778784, min=0.000000, average=0.005779, max=0.105689}
Genotype diversity: 1.0
Entropy diversity: 6.46491308333277
PC diversity: 0.946
MPSLGP top 5 HV by task at generation 5:
  Task 0: #1 ind=1 HV=0.9873387041017803; #2 ind=4 HV=0.985671894868185; #3 ind=13 HV=0.9847146483811172; #4 ind=14 HV=0.9846467487901942; #5 ind=35 HV=0.983671892315872
  Task 1: #1 ind=86 HV=0.9906004224231163; #2 ind=32 HV=0.9901776046664312; #3 ind=0 HV=0.9901575995310957; #4 ind=11 HV=0.9895851050403506; #5 ind=111 HV=0.988197355288661

Pareto Front of Subpopulation 5
Objective 0: [5372.392835927254, 5572.718922876491, 5708.361173445708, 5770.031049226702, 5786.217716937419, 5809.156622680603, 6197.095846345299, 6201.344048148545, 6374.522591281915, 6423.724984537548, 7202.303363152081]
Objective 1: [3141.9965844809994, 2798.0903813639816, 2770.280891989838, 2450.014631024511, 2446.481602694432, 2144.409730607098, 1600.740981155148, 1575.9010669913187, 1513.7578670321818, 1349.7125556677638, 1209.0966692360525]
2
duration: 80.0
MPSLGP task 0 best fitness of generation Fitness: [6423.724984537548 1349.7125556677638]
MPSLGP task 1 best fitness of generation Fitness: [6201.344048148545 1575.9010669913187]
Generation 5 elapsed 80.0 seconds.
Generation 6
Preselection cleared number: 1735
MPSLGP task-balanced survival counts: [task 0=500, task 1=500]
Subpop 0 reduced 5000 -> 1000
ideal points: [4872.949408518051, 1086.9441647777742]
nadir points: [7081.323407871241, 2583.7999593407076]
max objectives: [69169.56518097824, 68575.56518097824]
min objectives: [5414.388231686724, 1207.7157386419713]
HVOfIntermedidatePopPSL: DoubleSummaryStatistics{count=1000, sum=924.395785, min=0.000000, average=0.924396, max=0.993438}
preferenceDiversityPopAll: DoubleSummaryStatistics{count=1000, sum=6.344063, min=0.000000, average=0.006344, max=0.105983}
Genotype diversity: 1.0
Entropy diversity: 6.7866244214210525
PC diversity: 0.95
MPSLGP top 5 HV by task at generation 6:
  Task 0: #1 ind=1 HV=0.9882092763689879; #2 ind=3 HV=0.9869541667102385; #3 ind=4 HV=0.9863780037396941; #4 ind=16 HV=0.984456766506837; #5 ind=18 HV=0.9835263821566455
  Task 1: #1 ind=0 HV=0.9934382426937047; #2 ind=58 HV=0.9916808136883494; #3 ind=59 HV=0.988935727700433; #4 ind=60 HV=0.988162175262008; #5 ind=106 HV=0.9880927383911524

Pareto Front of Subpopulation 6
Objective 0: [5414.388231686724, 5468.540665237408, 5662.506156593445, 5778.507809225644, 5994.586139163992, 6005.5279964933, 6724.668191957113, 6740.579740513145, 6778.386945984326, 6928.186780478049, 7081.323407871241]
Objective 1: [2583.7999593407076, 2048.7423560293537, 1771.1095158031603, 1688.4456996292574, 1676.8548424971377, 1366.7481620448089, 1342.9999887585582, 1306.9398379708873, 1232.5967364960816, 1231.192359548062, 1207.7157386419713]
2
duration: 82.0
MPSLGP task 0 best fitness of generation Fitness: [6005.5279964933 1366.7481620448089]
MPSLGP task 1 best fitness of generation Fitness: [6724.668191957113 1342.9999887585582]
Generation 6 elapsed 82.0 seconds.
Generation 7
Preselection cleared number: 1521
MPSLGP task-balanced survival counts: [task 0=500, task 1=500]
Subpop 0 reduced 5000 -> 1000
ideal points: [4949.924068254407, 1082.860835924739]
nadir points: [6783.634414901084, 3868.3807887782314]
max objectives: [66621.07507179305, 40267.96420420657]
min objectives: [5499.915631393786, 1203.178706583043]
HVOfIntermedidatePopPSL: DoubleSummaryStatistics{count=1000, sum=896.688709, min=0.000000, average=0.896689, max=0.997382}
preferenceDiversityPopAll: DoubleSummaryStatistics{count=1000, sum=5.683361, min=0.000000, average=0.005683, max=0.110849}
Genotype diversity: 1.0
Entropy diversity: 6.763981827468166
PC diversity: 0.957
MPSLGP top 5 HV by task at generation 7:
  Task 0: #1 ind=2 HV=0.9810463764026083; #2 ind=3 HV=0.9804872046190365; #3 ind=74 HV=0.9799936892964233; #4 ind=5 HV=0.9796461260080358; #5 ind=7 HV=0.978523405753025
  Task 1: #1 ind=0 HV=0.9973821756775625; #2 ind=70 HV=0.9865236322219181; #3 ind=71 HV=0.9838118525753062; #4 ind=1 HV=0.9833268301538637; #5 ind=165 HV=0.9823145487697332

Pareto Front of Subpopulation 7
Objective 0: [5499.915631393786, 5522.370942343725, 5528.609854721872, 5720.064001841121, 5910.0214731384185, 5955.182551083737, 5980.341274304752, 6140.652094543853, 6234.346136459324, 6236.586836671457, 6661.144582443987, 6783.634414901084]
Objective 1: [3868.3807887782314, 3312.7485399414145, 2073.9083798753563, 1812.629530970109, 1789.062382988588, 1699.9022082384472, 1631.9498670317844, 1631.258267127807, 1570.8254780563293, 1381.0235418616066, 1230.8642243402574, 1203.178706583043]
2
duration: 82.0
MPSLGP task 0 best fitness of generation Fitness: [5980.341274304752 1631.9498670317844]
MPSLGP task 1 best fitness of generation Fitness: [5499.915631393786 3868.3807887782314]
Generation 7 elapsed 82.0 seconds.
Generation 8
Preselection cleared number: 1589
MPSLGP task-balanced survival counts: [task 0=500, task 1=500]
Subpop 0 reduced 5000 -> 1000
ideal points: [4749.082828670112, 1155.8681060260133]
nadir points: [7010.675258634146, 4023.4242472405313]
max objectives: [34945.01993399009, 22654.46350602596]
min objectives: [5276.758698522346, 1284.2978955844592]
HVOfIntermedidatePopPSL: DoubleSummaryStatistics{count=1000, sum=835.790876, min=0.000000, average=0.835791, max=0.967066}
preferenceDiversityPopAll: DoubleSummaryStatistics{count=1000, sum=6.451361, min=0.000000, average=0.006451, max=0.116195}
Genotype diversity: 1.0
Entropy diversity: 6.704186380368655
PC diversity: 0.954
MPSLGP top 5 HV by task at generation 8:
  Task 0: #1 ind=39 HV=0.9611876046593569; #2 ind=1 HV=0.9599967725072269; #3 ind=19 HV=0.9578049583184992; #4 ind=20 HV=0.956423625603505; #5 ind=2 HV=0.9560419857350845
  Task 1: #1 ind=0 HV=0.9670657254558642; #2 ind=38 HV=0.9638499168998226; #3 ind=132 HV=0.9613990662455393; #4 ind=195 HV=0.9575118616138133; #5 ind=167 HV=0.9574507779584669

Pareto Front of Subpopulation 8
Objective 0: [5276.758698522346, 5500.32130599767, 5601.802488806425, 5693.003999904991, 5693.003999904991, 5768.705872769235, 5798.887923373608, 5820.441582940402, 5928.523648455914, 6173.0650795232505, 6545.154105491587, 6603.06251498661, 6639.911193928099, 6904.448637309601, 6908.222684683744, 6969.2969292138005, 6999.971674692351, 7005.950285368017, 7010.675258634146]
Objective 1: [4023.4242472405313, 3015.3292381546053, 2216.047649407934, 2004.3894430437067, 2004.3894430437067, 1971.6548870026018, 1944.3494184666488, 1822.6565502465528, 1683.9325105372118, 1620.6391485159693, 1589.1726596702647, 1500.575802826992, 1466.2990622812358, 1451.2228153315955, 1443.4893536223972, 1418.5078626222385, 1358.9717179217841, 1298.8393246250926, 1284.2978955844592]
MPSLGP task 0 best fitness of generation Fitness: [5928.523648455914 1683.9325105372118]
MPSLGP task 1 best fitness of generation Fitness: [5276.758698522346 4023.4242472405313]
2
duration: 95.0
Generation 8 elapsed 95.0 seconds.
Generation 9
Preselection cleared number: 1582
MPSLGP task-balanced survival counts: [task 0=500, task 1=500]
Subpop 0 reduced 5000 -> 1000
ideal points: [4763.123712106236, 995.765313449518]
nadir points: [6394.28000392433, 2498.6892983966463]
max objectives: [27402.112100955652, 22225.914513247175]
min objectives: [5292.359680118039, 1106.4059038327978]
HVOfIntermedidatePopPSL: DoubleSummaryStatistics{count=1000, sum=862.554393, min=0.000000, average=0.862554, max=0.980946}
preferenceDiversityPopAll: DoubleSummaryStatistics{count=1000, sum=7.258739, min=0.000000, average=0.007259, max=0.108250}
Genotype diversity: 1.0
Entropy diversity: 6.75942178234242
PC diversity: 0.933
MPSLGP top 5 HV by task at generation 9:
  Task 0: #1 ind=0 HV=0.9809459882883339; #2 ind=97 HV=0.9769319928993229; #3 ind=1 HV=0.9769105749399531; #4 ind=2 HV=0.975654717885459; #5 ind=15 HV=0.9738754642303145
  Task 1: #1 ind=76 HV=0.9765669625797033; #2 ind=32 HV=0.9751748516009704; #3 ind=50 HV=0.9705913300296207; #4 ind=77 HV=0.9689311014382795; #5 ind=8 HV=0.9679868649188994

Pareto Front of Subpopulation 9
Objective 0: [5292.359680118039, 5349.184187229257, 5376.2070233759005, 5442.249898933456, 5471.5776104762335, 5483.819354971056, 5600.565702934633, 5632.451903769543, 5728.907180982875, 6033.0973209075455, 6134.508423851075, 6164.084935616353, 6168.265381720936, 6198.741222025827, 6394.28000392433]
Objective 1: [2498.6892983966463, 1686.8800396593942, 1654.248867044691, 1558.1104514015751, 1509.9149233821736, 1394.7763142040567, 1374.7015930499329, 1291.008489459753, 1281.3802174922748, 1274.078312829537, 1264.5009614406154, 1259.5210799828274, 1225.5211964672344, 1120.7077840367856, 1106.4059038327978]
2
duration: 89.0
MPSLGP task 0 best fitness of generation Fitness: [5376.2070233759005 1654.248867044691]
MPSLGP task 1 best fitness of generation Fitness: [6134.508423851075 1264.5009614406154]
Generation 9 elapsed 89.0 seconds.
Generation 10
Preselection cleared number: 1645
MPSLGP task-balanced survival counts: [task 0=500, task 1=500]
Subpop 0 reduced 5000 -> 1000
ideal points: [4688.717188179027, 1056.1301654567783]
nadir points: [6652.062511873548, 3280.710849423893]
max objectives: [34401.53233764891, 20587.04804964058]
min objectives: [5209.685764643364, 1173.4779616186424]
HVOfIntermedidatePopPSL: DoubleSummaryStatistics{count=1000, sum=838.012250, min=0.000000, average=0.838012, max=0.973617}
preferenceDiversityPopAll: DoubleSummaryStatistics{count=1000, sum=10.781500, min=0.000000, average=0.010781, max=0.108290}
Genotype diversity: 1.0
Entropy diversity: 6.674017482746659
PC diversity: 0.947
MPSLGP top 5 HV by task at generation 10:
  Task 0: #1 ind=1 HV=0.9691208343802206; #2 ind=13 HV=0.9664928290945849; #3 ind=14 HV=0.9638425813035354; #4 ind=15 HV=0.9629827316576777; #5 ind=3 HV=0.9611621416125492
  Task 1: #1 ind=0 HV=0.9736170713139473; #2 ind=84 HV=0.9689022881415598; #3 ind=85 HV=0.9647596735968565; #4 ind=2 HV=0.964045043958144; #5 ind=4 HV=0.9609429033293437

Pareto Front of Subpopulation 10
Objective 0: [5209.685764643364, 5453.81773224668, 5500.347334487364, 5566.7837805041345, 5636.980831511668, 5853.024519698578, 5873.119380206452, 6059.677731787844, 6094.083550852258, 6344.234754675999, 6528.476134973345, 6598.506991223199, 6652.062511873548]
Objective 1: [3280.710849423893, 2959.9595193773857, 2072.209463973384, 2021.1021413127892, 1635.9597461794328, 1579.0491741915466, 1424.9601781213132, 1377.3599829033483, 1340.77198314431, 1261.7100345080544, 1256.4414542738086, 1246.9931933834741, 1173.4779616186424]
2
duration: 86.0
MPSLGP task 0 best fitness of generation Fitness: [5853.024519698578 1579.0491741915466]
MPSLGP task 1 best fitness of generation Fitness: [5566.7837805041345 2021.1021413127892]
Generation 10 elapsed 86.0 seconds.
Generation 11
Preselection cleared number: 1850
MPSLGP task-balanced survival counts: [task 0=500, task 1=500]
Subpop 0 reduced 5000 -> 1000
ideal points: [4698.329936992005, 1019.7365901746161]
nadir points: [6948.7445591012365, 3805.5332090184893]
max objectives: [45504.39065228042, 44910.39065228042]
min objectives: [5220.366596657783, 1133.0406557495735]
HVOfIntermedidatePopPSL: DoubleSummaryStatistics{count=1000, sum=893.033135, min=0.000000, average=0.893033, max=0.990112}
preferenceDiversityPopAll: DoubleSummaryStatistics{count=1000, sum=11.220621, min=0.000000, average=0.011221, max=0.110340}
Genotype diversity: 1.0
Entropy diversity: 6.710316337535812
PC diversity: 0.951
MPSLGP top 5 HV by task at generation 11:
  Task 0: #1 ind=20 HV=0.9901118912148071; #2 ind=0 HV=0.9873251024172264; #3 ind=53 HV=0.9821878068978374; #4 ind=21 HV=0.9815820831397364; #5 ind=22 HV=0.9802946735129444
  Task 1: #1 ind=50 HV=0.9901031156889875; #2 ind=51 HV=0.9874749992959249; #3 ind=52 HV=0.9853246987486005; #4 ind=1 HV=0.9831539095493805; #5 ind=107 HV=0.978530583725

Pareto Front of Subpopulation 11
Objective 0: [5220.366596657783, 5281.248610359733, 5552.841749281099, 5557.979126143153, 5567.068702253309, 5578.513744930795, 5599.947563663387, 5662.240001810016, 5968.402390036732, 6051.104582818458, 6057.662225160864, 6381.508360682288, 6464.8514258279465, 6526.636409359693, 6646.704164926661, 6716.661139007891, 6744.04037077236, 6823.212764271011, 6924.39608385507, 6948.7445591012365]
Objective 1: [3805.5332090184893, 3176.395886973827, 2890.2100212386285, 2361.717947502868, 2006.2754510551167, 1683.878732193727, 1542.3954032603797, 1366.4429444070847, 1325.2175498855358, 1291.436647815135, 1288.0880700962734, 1260.1115389601473, 1245.2162332025182, 1219.8490225229762, 1195.8985450437394, 1188.7334368600277, 1183.157581037929, 1151.1682880503067, 1148.1619534091733, 1133.0406557495735]
2
duration: 105.0
MPSLGP task 0 best fitness of generation Fitness: [5599.947563663387 1542.3954032603797]
MPSLGP task 1 best fitness of generation Fitness: [5662.240001810016 1366.4429444070847]
Generation 11 elapsed 105.0 seconds.
Generation 12
Preselection cleared number: 1600
MPSLGP task-balanced survival counts: [task 0=500, task 1=500]
Subpop 0 reduced 5000 -> 1000
ideal points: [4651.161696346983, 927.1757641783421]
nadir points: [5949.4289776893565, 1615.5424910157162]
max objectives: [73569.46832498169, 73239.46832498169]
min objectives: [5167.957440385537, 1030.1952935314912]
HVOfIntermedidatePopPSL: DoubleSummaryStatistics{count=1000, sum=890.443418, min=0.000000, average=0.890443, max=0.994756}
preferenceDiversityPopAll: DoubleSummaryStatistics{count=1000, sum=12.267438, min=0.000000, average=0.012267, max=0.111207}
Genotype diversity: 1.0
Entropy diversity: 6.480660375004762
PC diversity: 0.969
MPSLGP top 5 HV by task at generation 12:
  Task 0: #1 ind=0 HV=0.9947563316831649; #2 ind=1 HV=0.9942658159968552; #3 ind=2 HV=0.9938264952439361; #4 ind=3 HV=0.9937982995462293; #5 ind=4 HV=0.9935820168759223
  Task 1: #1 ind=30 HV=0.9931429827306758; #2 ind=6 HV=0.9925166182763666; #3 ind=8 HV=0.9924353366516799; #4 ind=31 HV=0.9924239683915972; #5 ind=17 HV=0.9919142534104604

Pareto Front of Subpopulation 12
Objective 0: [5167.957440385537, 5167.957440385537, 5339.395696292224, 5341.304755120422, 5359.309811653686, 5367.40758794127, 5367.40758794127, 5402.405337548291, 5461.373998427531, 5547.2312525260495, 5568.108201883268, 5594.1286380332895, 5740.607687823533, 5763.843590908684, 5801.705842821451, 5949.4289776893565]
Objective 1: [1615.5424910157162, 1615.5424910157162, 1613.9583269745926, 1605.5425714856538, 1448.9344660796633, 1245.686953423181, 1245.686953423181, 1228.2060654361849, 1187.891634403757, 1185.583049657318, 1136.5654383348883, 1121.0079574116971, 1119.4894471237785, 1115.3174608980771, 1043.3148013181126, 1030.1952935314912]
MPSLGP task 0 best fitness of generation Fitness: [5402.405337548291 1228.2060654361849]
MPSLGP task 1 best fitness of generation Fitness: [5568.108201883268 1136.5654383348883]
2
duration: 105.0
Generation 12 elapsed 105.0 seconds.
Generation 13
Preselection cleared number: 1386
MPSLGP task-balanced survival counts: [task 0=500, task 1=500]
Subpop 0 reduced 5000 -> 1000
ideal points: [4621.426877917384, 1031.3018845965796]
nadir points: [6981.656598001835, 2539.205011256621]
max objectives: [30273.354723148746, 22633.800327819918]
min objectives: [5134.918753241538, 1145.8909828850883]
HVOfIntermedidatePopPSL: DoubleSummaryStatistics{count=1000, sum=869.577208, min=0.000000, average=0.869577, max=0.973968}
preferenceDiversityPopAll: DoubleSummaryStatistics{count=1000, sum=14.001435, min=0.000000, average=0.014001, max=0.119953}
Genotype diversity: 1.0
Entropy diversity: 6.804095897905089
PC diversity: 0.976
MPSLGP top 5 HV by task at generation 13:
  Task 0: #1 ind=0 HV=0.9739682789207041; #2 ind=1 HV=0.9639580274415062; #3 ind=79 HV=0.9632745457747225; #4 ind=58 HV=0.9628037779515835; #5 ind=4 HV=0.9612583011572017
  Task 1: #1 ind=2 HV=0.9625964701437602; #2 ind=3 HV=0.9619414805071311; #3 ind=175 HV=0.9618258976952381; #4 ind=5 HV=0.9608751130712088; #5 ind=6 HV=0.9588265681121674

Pareto Front of Subpopulation 13
Objective 0: [5134.918753241538, 5335.282691508808, 5369.07094323379, 5520.150306745665, 5547.893628095742, 5569.452094871231, 5587.267664409359, 5593.614042129368, 5726.363997129549, 5777.770384863368, 5806.548024652526, 5922.741250398103, 6384.447414392605, 6665.856806678465, 6844.291596109397, 6981.656598001835]
Objective 1: [2539.205011256621, 1958.0356999591459, 1933.4727809726319, 1794.693015261233, 1785.1089900502993, 1718.5587637465796, 1652.7314052083675, 1635.418840600818, 1519.9340313036519, 1394.199890918666, 1385.489907601208, 1309.5751189783623, 1251.7754162550264, 1241.1119250741322, 1198.394588205687, 1145.8909828850883]
MPSLGP task 0 best fitness of generation Fitness: [5587.267664409359 1652.7314052083675]
MPSLGP task 1 best fitness of generation Fitness: [5777.770384863368 1394.199890918666]
2
duration: 112.0
Generation 13 elapsed 112.0 seconds.
Generation 14
Preselection cleared number: 1475
MPSLGP task-balanced survival counts: [task 0=500, task 1=500]
Subpop 0 reduced 5000 -> 1000
ideal points: [4783.255241025227, 1103.9290379263316]
nadir points: [6967.010891864833, 3985.128327469385]
max objectives: [36756.11800855625, 23446.691189276506]
min objectives: [5314.728045583586, 1226.5878199181461]
HVOfIntermedidatePopPSL: DoubleSummaryStatistics{count=1000, sum=877.514983, min=0.000000, average=0.877515, max=0.980491}
preferenceDiversityPopAll: DoubleSummaryStatistics{count=1000, sum=11.290848, min=0.000000, average=0.011291, max=0.111816}
Genotype diversity: 1.0
Entropy diversity: 6.780475789816525
PC diversity: 0.957
MPSLGP top 5 HV by task at generation 14:
  Task 0: #1 ind=16 HV=0.9795236514254213; #2 ind=1 HV=0.978349826807636; #3 ind=2 HV=0.9772006917568294; #4 ind=3 HV=0.9771265944980907; #5 ind=75 HV=0.976521507897306
  Task 1: #1 ind=0 HV=0.9804912406175385; #2 ind=17 HV=0.9755370339015642; #3 ind=18 HV=0.975258834872232; #4 ind=20 HV=0.9729312631489666; #5 ind=21 HV=0.9724495692308514

Pareto Front of Subpopulation 14
Objective 0: [5314.728045583586, 5342.615962443233, 5426.309520734911, 5483.285174957826, 5505.367170448182, 5542.939766382624, 5542.939766382624, 5616.317802859237, 5694.405870400311, 5985.234142329951, 6056.265778357687, 6540.94280891231, 6563.326110551192, 6574.437968552404, 6655.698602607474, 6967.010891864833]
Objective 1: [3985.128327469385, 1889.01832628368, 1739.3394046605245, 1728.9383292088169, 1670.0786043275875, 1566.1376530940179, 1566.1376530940179, 1490.4451656377205, 1392.0914603265846, 1381.8536618924845, 1362.3941162187257, 1340.7440809491382, 1316.5594008288026, 1299.753006670071, 1297.7449936443882, 1226.5878199181461]
MPSLGP task 0 best fitness of generation Fitness: [5616.317802859237 1490.4451656377205]
MPSLGP task 1 best fitness of generation Fitness: [5694.405870400311 1392.0914603265846]
2
duration: 110.0
Generation 14 elapsed 110.0 seconds.
Generation 15
Preselection cleared number: 1665
MPSLGP task-balanced survival counts: [task 0=500, task 1=500]
Subpop 0 reduced 5000 -> 1000
ideal points: [4672.698496898963, 1034.6173691639437]
nadir points: [6596.425886747107, 2069.131069931609]
max objectives: [25723.130278436554, 15179.361245941196]
min objectives: [5191.887218776625, 1149.574854626604]
HVOfIntermedidatePopPSL: DoubleSummaryStatistics{count=1000, sum=838.940983, min=0.000000, average=0.838941, max=0.973864}
preferenceDiversityPopAll: DoubleSummaryStatistics{count=1000, sum=8.198440, min=0.000000, average=0.008198, max=0.108511}
Genotype diversity: 1.0
Entropy diversity: 6.835824320207432
PC diversity: 0.961
MPSLGP top 5 HV by task at generation 15:
  Task 0: #1 ind=60 HV=0.9738643015338382; #2 ind=4 HV=0.9601389631001155; #3 ind=109 HV=0.9600209011386458; #4 ind=5 HV=0.9599426742219098; #5 ind=36 HV=0.9596895442472655
  Task 1: #1 ind=0 HV=0.9679596404565265; #2 ind=1 HV=0.964672470479319; #3 ind=2 HV=0.9646540320656001; #4 ind=3 HV=0.9646005349615663; #5 ind=16 HV=0.9573396749356816

Pareto Front of Subpopulation 15
Objective 0: [5191.887218776625, 5206.591921151965, 5316.308592998306, 5387.57758740586, 5428.308114024287, 5452.591785958328, 5486.057011160068, 5513.599202033714, 5513.69913712269, 5586.05688851446, 5744.1930300340755, 5811.398400813807, 6331.314484591712, 6353.382686579775, 6486.995460914186, 6596.425886747107]
Objective 1: [2069.131069931609, 2015.4709183914601, 1936.0094351187363, 1803.2986094194785, 1623.7775998965953, 1590.3817494259638, 1510.9889039615882, 1487.953352968325, 1427.4840750535368, 1331.634595537318, 1259.5764682146983, 1211.2060942974495, 1188.001400151741, 1171.5916731530888, 1158.6419363045861, 1149.574854626604]
MPSLGP task 0 best fitness of generation Fitness: [5513.599202033714 1487.953352968325]
MPSLGP task 1 best fitness of generation Fitness: [5586.05688851446 1331.634595537318]
2
duration: 112.0
Generation 15 elapsed 112.0 seconds.
Generation 16
Preselection cleared number: 1729
MPSLGP task-balanced survival counts: [task 0=500, task 1=500]
Subpop 0 reduced 5000 -> 1000
ideal points: [4631.640878859727, 947.0312162949733]
nadir points: [6585.027627977659, 1798.190087387833]
max objectives: [23363.063053560472, 22779.67010683095]
min objectives: [5146.267643177474, 1052.2569069944147]
HVOfIntermedidatePopPSL: DoubleSummaryStatistics{count=1000, sum=847.595673, min=0.000000, average=0.847596, max=0.975136}
preferenceDiversityPopAll: DoubleSummaryStatistics{count=1000, sum=7.345041, min=0.000000, average=0.007345, max=0.131221}
Genotype diversity: 1.0
Entropy diversity: 6.705222656905238
PC diversity: 0.967
MPSLGP top 5 HV by task at generation 16:
  Task 0: #1 ind=1 HV=0.9741389981092113; #2 ind=3 HV=0.973092892205448; #3 ind=4 HV=0.9719592343727671; #4 ind=7 HV=0.9698144095521981; #5 ind=56 HV=0.9691390838042064
  Task 1: #1 ind=159 HV=0.9751361218396848; #2 ind=0 HV=0.9748852701769607; #3 ind=2 HV=0.973320882568867; #4 ind=17 HV=0.970801355210422; #5 ind=5 HV=0.9704254631981558

Pareto Front of Subpopulation 16
Objective 0: [5146.267643177474, 5231.205543456308, 5262.101086020644, 5306.578743520018, 5416.2175295350025, 5423.3392564389505, 5459.507090864034, 5528.639765802363, 5562.837463765172, 5643.9519618972845, 5670.355158211663, 5792.745582343196, 5806.599689526804, 5850.76944934341, 5892.1892096521915, 6104.946850639011, 6585.027627977659]
Objective 1: [1798.190087387833, 1533.6042996440228, 1472.3370313879277, 1401.357293105888, 1380.533714697609, 1322.5498480796523, 1246.9348283346335, 1225.6561329920514, 1194.38160881956, 1178.3236168941949, 1168.5671802531288, 1163.7446041126386, 1161.773931298958, 1152.9215359146474, 1082.453427659464, 1062.3770726207295, 1052.2569069944147]
2
duration: 109.0
MPSLGP task 0 best fitness of generation Fitness: [5262.101086020644 1472.3370313879277]
MPSLGP task 1 best fitness of generation Fitness: [5306.578743520018 1401.357293105888]
Generation 16 elapsed 109.0 seconds.
Generation 17
Preselection cleared number: 1648
MPSLGP task-balanced survival counts: [task 0=500, task 1=500]
Subpop 0 reduced 5000 -> 1000
ideal points: [4693.445022179699, 1622.9860960320905]
nadir points: [9361.71107861388, 3380.735481398544]
max objectives: [39032.74733184045, 11210.16042043909]
min objectives: [5214.938913532998, 1803.3178844801005]
HVOfIntermedidatePopPSL: DoubleSummaryStatistics{count=1000, sum=778.401806, min=0.000000, average=0.778402, max=0.970539}
preferenceDiversityPopAll: DoubleSummaryStatistics{count=1000, sum=9.892768, min=0.000000, average=0.009893, max=0.133838}
Genotype diversity: 1.0
Entropy diversity: 6.764773021991794
PC diversity: 0.959
MPSLGP top 5 HV by task at generation 17:
  Task 0: #1 ind=15 HV=0.9705387446632241; #2 ind=74 HV=0.9477771613032637; #3 ind=2 HV=0.9406475786787689; #4 ind=41 HV=0.9367200683398994; #5 ind=4 HV=0.9358533158193049
  Task 1: #1 ind=16 HV=0.9542858316225157; #2 ind=0 HV=0.9429251275258191; #3 ind=1 HV=0.9407580338368735; #4 ind=17 HV=0.9389916233839034; #5 ind=3 HV=0.937287131105715

Pareto Front of Subpopulation 17
Objective 0: [5214.938913532998, 5253.706456538523, 5440.82185135287, 5727.458364856429, 5887.323305571801, 6280.6941988385515, 6407.905380781973, 6428.642989101645, 6430.049776261963, 6966.5717860352015, 8558.832315206178, 8659.94086719508, 8796.179877404938, 8807.758283415053, 9361.71107861388]
Objective 1: [3380.735481398544, 3170.826579360699, 2935.0231532704056, 2263.136175100779, 2177.411818062057, 2132.549882511259, 2099.050649186378, 2061.419430297159, 2007.1906810960645, 1875.9401480956876, 1875.5631097803562, 1840.7029918754124, 1838.6624922745104, 1823.277283184012, 1803.3178844801005]
MPSLGP task 0 best fitness of generation Fitness: [5887.323305571801 2177.411818062057]
MPSLGP task 1 best fitness of generation Fitness: [6430.049776261963 2007.1906810960645]
2
duration: 113.0
Generation 17 elapsed 113.0 seconds.
Generation 18
Preselection cleared number: 1925
MPSLGP task-balanced survival counts: [task 0=500, task 1=500]
Subpop 0 reduced 5000 -> 1000
ideal points: [4538.446767789801, 1066.5091368485125]
nadir points: [6752.276357522438, 2547.2248399979144]
max objectives: [33056.51000340562, 25314.188321591762]
min objectives: [5042.718630877556, 1185.0101520539029]
HVOfIntermedidatePopPSL: DoubleSummaryStatistics{count=1000, sum=866.763785, min=0.000000, average=0.866764, max=0.977215}
preferenceDiversityPopAll: DoubleSummaryStatistics{count=1000, sum=8.775178, min=0.000000, average=0.008775, max=0.133202}
Genotype diversity: 1.0
Entropy diversity: 6.743311896945033
PC diversity: 1.0
MPSLGP top 5 HV by task at generation 18:
  Task 0: #1 ind=2 HV=0.9679097413369159; #2 ind=154 HV=0.9648515904394735; #3 ind=65 HV=0.9631282900099688; #4 ind=19 HV=0.9627914537421506; #5 ind=39 HV=0.9626840137598076
  Task 1: #1 ind=0 HV=0.977214992864014; #2 ind=1 HV=0.9740121726004559; #3 ind=15 HV=0.9677144530064009; #4 ind=16 HV=0.9664867681864985; #5 ind=17 HV=0.9662518298679363

Pareto Front of Subpopulation 18
Objective 0: [5042.718630877556, 5196.632496865117, 5251.546347958851, 5456.429417598061, 5487.124510371534, 5819.459197930642, 6016.79665751569, 6074.738312553003, 6180.687658157083, 6427.44899595622, 6486.835210651625, 6499.610189976345, 6539.299057997065, 6660.664335923269, 6752.276357522438]
Objective 1: [2547.2248399979144, 2016.438691367919, 1778.5638624023413, 1452.526111264655, 1345.5665029742522, 1340.9481577892439, 1321.435513778968, 1287.975004981592, 1277.0928949654335, 1271.5333410753228, 1260.197756761394, 1234.0297882822924, 1190.0777480844117, 1189.7522955993772, 1185.0101520539029]
2
duration: 114.0
MPSLGP task 0 best fitness of generation Fitness: [5251.546347958851 1778.5638624023413]
MPSLGP task 1 best fitness of generation Fitness: [5487.124510371534 1345.5665029742522]
Generation 18 elapsed 114.0 seconds.
Generation 19
Preselection cleared number: 1725
MPSLGP task-balanced survival counts: [task 0=500, task 1=500]
Subpop 0 reduced 5000 -> 1000
ideal points: [4678.225459706714, 943.7218039160049]
nadir points: [6137.171403281973, 2103.2046118188446]
max objectives: [83917.1480377441, 20319.287009436026]
min objectives: [5198.028288563015, 1048.5797821288943]
HVOfIntermedidatePopPSL: DoubleSummaryStatistics{count=1000, sum=905.844697, min=0.000000, average=0.905845, max=0.990930}
preferenceDiversityPopAll: DoubleSummaryStatistics{count=1000, sum=5.539030, min=0.000000, average=0.005539, max=0.134300}
Genotype diversity: 1.0
Entropy diversity: 6.788010715782172
PC diversity: 0.969
MPSLGP top 5 HV by task at generation 19:
  Task 0: #1 ind=107 HV=0.9811903056779054; #2 ind=29 HV=0.9797281602469984; #3 ind=47 HV=0.9778421714200247; #4 ind=13 HV=0.9773204083508029; #5 ind=50 HV=0.9759631011090549
  Task 1: #1 ind=0 HV=0.9909303939180861; #2 ind=1 HV=0.9889507923586709; #3 ind=2 HV=0.9887864495423945; #4 ind=3 HV=0.9880621162940856; #5 ind=4 HV=0.9879423731789415

Pareto Front of Subpopulation 19
Objective 0: [5198.028288563015, 5296.2136243969435, 5398.170775375154, 5413.969992791419, 5430.234199456841, 5503.045140843897, 5582.607453544566, 5697.119652865978, 5735.846231575764, 5744.141311143845, 5751.968250988866, 5865.86366525304, 5937.097177452379, 5994.9574437740375, 6022.907096529088, 6049.853789249435, 6137.171403281973]
Objective 1: [2103.2046118188446, 1833.5361107250355, 1603.0444712390236, 1538.5495939449538, 1313.9887604880932, 1232.786884841109, 1221.8571577849507, 1190.0510002965602, 1172.4298071648518, 1160.757095482506, 1122.2342474738616, 1115.6445517734828, 1106.1297996130597, 1097.436170775727, 1073.278970450745, 1051.7825215607372, 1048.5797821288943]
MPSLGP task 0 best fitness of generation Fitness: [5413.969992791419 1538.5495939449538]
MPSLGP task 1 best fitness of generation Fitness: [5582.607453544566 1221.8571577849507]
2
duration: 114.0
Generation 19 elapsed 114.0 seconds.
Generation 20
Preselection cleared number: 1912
MPSLGP task-balanced survival counts: [task 0=500, task 1=500]
Subpop 0 reduced 5000 -> 1000
ideal points: [4551.467230916361, 944.0463708200608]
nadir points: [6571.761648089159, 1827.5385459819227]
max objectives: [51904.85661101842, 19496.629237785877]
min objectives: [5057.18581212929, 1048.9404120222898]
HVOfIntermedidatePopPSL: DoubleSummaryStatistics{count=1000, sum=897.419771, min=0.000000, average=0.897420, max=0.985885}
preferenceDiversityPopAll: DoubleSummaryStatistics{count=1000, sum=4.424587, min=0.000000, average=0.004425, max=0.120732}
Genotype diversity: 1.0
Entropy diversity: 6.7996993606180425
PC diversity: 0.97
MPSLGP top 5 HV by task at generation 20:
  Task 0: #1 ind=111 HV=0.9844269814608433; #2 ind=6 HV=0.9785513745454322; #3 ind=84 HV=0.977563012203797; #4 ind=28 HV=0.9774661323401278; #5 ind=11 HV=0.9754231697846505
  Task 1: #1 ind=0 HV=0.9858854488625137; #2 ind=1 HV=0.984911978214793; #3 ind=14 HV=0.9839127082676076; #4 ind=2 HV=0.9826289060789076; #5 ind=26 HV=0.9823272423508259

Pareto Front of Subpopulation 20
Objective 0: [5057.18581212929, 5116.040160162054, 5313.956966538564, 5354.462466628058, 5379.0370033519575, 5395.794570989092, 5402.703997666249, 5403.692139155581, 5600.001415733597, 5690.3682441884885, 5852.253992905491, 5949.41173242894, 6036.74987886817, 6571.761648089159]
Objective 1: [1827.5385459819227, 1413.8402621323767, 1389.6959365279472, 1320.095332522178, 1275.138322351675, 1233.3220563786454, 1189.5337748415186, 1172.4227016016812, 1171.6722231459862, 1156.1016495631193, 1131.3190460933547, 1114.3464012011827, 1063.5974570715916, 1048.9404120222898]
MPSLGP task 0 best fitness of generation Fitness: [5116.040160162054 1413.8402621323767]
MPSLGP task 1 best fitness of generation Fitness: [5403.692139155581 1172.4227016016812]
2
duration: 115.0
Generation 20 elapsed 115.0 seconds.
Generation 21
Preselection cleared number: 1622
MPSLGP task-balanced survival counts: [task 0=500, task 1=500]
Subpop 0 reduced 5000 -> 1000
ideal points: [4437.40664440447, 882.0248387100786]
nadir points: [5952.0336310818675, 2078.5345677152945]
max objectives: [71478.59785789857, 19016.856980443437]
min objectives: [4930.451827116078, 980.027598566754]
HVOfIntermedidatePopPSL: DoubleSummaryStatistics{count=1000, sum=831.935718, min=0.000000, average=0.831936, max=0.988385}
preferenceDiversityPopAll: DoubleSummaryStatistics{count=1000, sum=4.053938, min=0.000000, average=0.004054, max=0.100159}
Genotype diversity: 1.0
Entropy diversity: 6.510453802442148
PC diversity: 0.981
MPSLGP top 5 HV by task at generation 21:
  Task 0: #1 ind=5 HV=0.9759455927425758; #2 ind=6 HV=0.9749164884927843; #3 ind=188 HV=0.9741178893844334; #4 ind=40 HV=0.972982195152865; #5 ind=7 HV=0.9726698770090896
  Task 1: #1 ind=0 HV=0.9883848407428132; #2 ind=1 HV=0.9868860048028858; #3 ind=2 HV=0.9858207348630499; #4 ind=3 HV=0.9851505851084619; #5 ind=12 HV=0.9846658446295413

Pareto Front of Subpopulation 21
Objective 0: [4930.451827116078, 4979.270887264167, 5085.449270061625, 5103.752498955117, 5136.855929460493, 5213.611999859568, 5244.482246889151, 5378.299363989907, 5486.708854718076, 5798.830310179677, 5835.605107791373, 5952.0336310818675]
Objective 1: [2078.5345677152945, 1789.1574002163688, 1719.4516434898833, 1535.4281745471671, 1412.3176858509105, 1352.4238521797088, 1326.756146521453, 1067.4851712225063, 1064.0048936892708, 1062.1770119019784, 995.2592703755654, 980.027598566754]
2
duration: 115.0
MPSLGP task 0 best fitness of generation Fitness: [5244.482246889151 1326.756146521453]
MPSLGP task 1 best fitness of generation Fitness: [5378.299363989907 1067.4851712225063]
Generation 21 elapsed 115.0 seconds.
Generation 22
Preselection cleared number: 1672
MPSLGP task-balanced survival counts: [task 0=500, task 1=500]
Subpop 0 reduced 5000 -> 1000
ideal points: [4523.514950006828, 926.3217829511734]
nadir points: [6069.055863065121, 1736.5146497904789]
max objectives: [18826.173790573142, 7415.288887772564]
min objectives: [5026.127722229809, 1029.2464255013037]
HVOfIntermedidatePopPSL: DoubleSummaryStatistics{count=1000, sum=760.902387, min=0.031496, average=0.760902, max=0.943408}
preferenceDiversityPopAll: DoubleSummaryStatistics{count=1000, sum=2.600897, min=0.000000, average=0.002601, max=0.100475}
Genotype diversity: 1.0
Entropy diversity: 6.902210101537775
PC diversity: 0.977
MPSLGP top 5 HV by task at generation 22:
  Task 0: #1 ind=32 HV=0.9295910405443529; #2 ind=9 HV=0.9103066891342846; #3 ind=259 HV=0.9052786684272871; #4 ind=40 HV=0.8970996159436639; #5 ind=10 HV=0.8870197630854507
  Task 1: #1 ind=0 HV=0.9434082391325888; #2 ind=31 HV=0.9407024354963969; #3 ind=1 HV=0.939934067363319; #4 ind=2 HV=0.9392064870934509; #5 ind=3 HV=0.9371882898641712

Pareto Front of Subpopulation 22
Objective 0: [5026.127722229809, 5339.642610540497, 5342.928240764013, 5370.857431398646, 5401.963756928628, 5447.501224120613, 5451.006913060293, 5613.4378645546385, 5640.688339636312, 5911.148952907708, 5981.666329759231, 6069.055863065121]
Objective 1: [1736.5146497904789, 1697.6313171948132, 1452.590087208926, 1275.2916335298796, 1233.836313354419, 1218.9623639780912, 1190.9622763270017, 1158.769222308285, 1148.7750385801628, 1135.5120441906038, 1080.033446432033, 1029.2464255013037]
MPSLGP task 0 best fitness of generation Fitness: [5342.928240764013 1452.590087208926]
MPSLGP task 1 best fitness of generation Fitness: [5451.006913060293 1190.9622763270017]
2
duration: 120.0
Generation 22 elapsed 120.0 seconds.
Generation 23
Preselection cleared number: 1910
MPSLGP task-balanced survival counts: [task 0=500, task 1=500]
Subpop 0 reduced 5000 -> 1000
ideal points: [4509.689127352409, 878.016305746224]
nadir points: [6006.796517497249, 2056.7829099398805]
max objectives: [71651.2650595241, 17252.816264881025]
min objectives: [5010.765697058232, 975.57367305136]
HVOfIntermedidatePopPSL: DoubleSummaryStatistics{count=1000, sum=893.413252, min=0.000000, average=0.893413, max=0.989604}
preferenceDiversityPopAll: DoubleSummaryStatistics{count=1000, sum=2.812722, min=0.000000, average=0.002813, max=0.082987}
Genotype diversity: 1.0
Entropy diversity: 6.77915921374676
PC diversity: 0.973
MPSLGP top 5 HV by task at generation 23:
  Task 0: #1 ind=10 HV=0.9761161489626441; #2 ind=111 HV=0.9737597616488052; #3 ind=11 HV=0.9701151733453521; #4 ind=119 HV=0.9694512866757112; #5 ind=12 HV=0.9688991809824847
  Task 1: #1 ind=0 HV=0.9896037537390521; #2 ind=15 HV=0.9893465059415059; #3 ind=1 HV=0.9884716164836351; #4 ind=2 HV=0.9878029261790289; #5 ind=3 HV=0.9875243164679239

Pareto Front of Subpopulation 23
Objective 0: [5010.765697058232, 5100.02857865073, 5115.299516854226, 5126.436071554199, 5174.890641583712, 5215.740433940664, 5274.461340780603, 5383.480856922688, 5398.923679274041, 5488.615070889151, 5516.660734046425, 5776.934018161963, 5905.021445136459, 5936.817615177861, 6006.796517497249]
Objective 1: [2056.7829099398805, 1694.654438647558, 1473.56575443138, 1420.389537285373, 1311.956206484232, 1128.8194217116688, 1107.4398826626857, 1098.9676226940646, 1066.4985486976802, 1054.2888088207837, 1020.3419134640571, 1017.6983758253045, 985.6745894728374, 981.1802537361946, 975.57367305136]
MPSLGP task 0 best fitness of generation Fitness: [5174.890641583712 1311.956206484232]
MPSLGP task 1 best fitness of generation Fitness: [5516.660734046425 1020.3419134640571]
2
duration: 116.0
Generation 23 elapsed 116.0 seconds.
Generation 24
Preselection cleared number: 1903
MPSLGP task-balanced survival counts: [task 0=500, task 1=500]
Subpop 0 reduced 5000 -> 1000
ideal points: [4736.866715060408, 1240.2776554023615]
nadir points: [7360.345135121606, 2601.269983917635]
max objectives: [62734.41228332056, 16275.871765558055]
min objectives: [5263.185238956008, 1378.0862837804016]
HVOfIntermedidatePopPSL: DoubleSummaryStatistics{count=1000, sum=866.767736, min=0.000000, average=0.866768, max=0.974096}
preferenceDiversityPopAll: DoubleSummaryStatistics{count=1000, sum=2.623221, min=0.000000, average=0.002623, max=0.104998}
Genotype diversity: 1.0
Entropy diversity: 6.8606212707041765
PC diversity: 0.981
MPSLGP top 5 HV by task at generation 24:
  Task 0: #1 ind=285 HV=0.9651665147793358; #2 ind=9 HV=0.961261926432123; #3 ind=113 HV=0.9593297232684431; #4 ind=116 HV=0.9550420361083416; #5 ind=32 HV=0.9544128572058472
  Task 1: #1 ind=16 HV=0.974096469002914; #2 ind=0 HV=0.9718520622348744; #3 ind=1 HV=0.9676389753485337; #4 ind=2 HV=0.9663765456968285; #5 ind=3 HV=0.9661193229118121

Pareto Front of Subpopulation 24
Objective 0: [5263.185238956008, 5420.335684193065, 5530.955075807171, 5574.285608937906, 5635.794047570496, 5784.020695724757, 5941.264836337534, 6293.548761311686, 6365.929290086497, 6427.968289683224, 6433.364370422205, 6593.514109368669, 6713.952076686197, 6950.666093495907, 7310.278047248779, 7360.345135121606]
Objective 1: [2601.269983917635, 2371.4172635045543, 2242.016554351023, 2074.751602319986, 2057.06177507143, 1811.1437292391493, 1623.3445736481299, 1615.5670446188597, 1602.8090531767084, 1600.2419528354658, 1573.6547587736713, 1516.132576757198, 1506.3976381805405, 1492.5522939058428, 1471.2168354879832, 1378.0862837804016]
2
duration: 122.0
MPSLGP task 0 best fitness of generation Fitness: [5784.020695724757 1811.1437292391493]
MPSLGP task 1 best fitness of generation Fitness: [5941.264836337534 1623.3445736481299]
Generation 24 elapsed 122.0 seconds.
Generation 25
Preselection cleared number: 1776
MPSLGP task-balanced survival counts: [task 0=500, task 1=500]
Subpop 0 reduced 5000 -> 1000
ideal points: [4677.343736219011, 1090.3348703940007]
nadir points: [6790.936938557483, 2324.3849235218804]
max objectives: [19896.648774448026, 10996.656421075924]
min objectives: [5197.0485957989, 1211.4831893266673]
HVOfIntermedidatePopPSL: DoubleSummaryStatistics{count=1000, sum=770.403606, min=0.000000, average=0.770404, max=0.947594}
preferenceDiversityPopAll: DoubleSummaryStatistics{count=1000, sum=3.017120, min=0.000000, average=0.003017, max=0.082736}
Genotype diversity: 1.0
Entropy diversity: 6.8657482316045995
PC diversity: 0.979
MPSLGP top 5 HV by task at generation 25:
  Task 0: #1 ind=38 HV=0.9275537078869609; #2 ind=44 HV=0.9191495314070868; #3 ind=87 HV=0.9060613046973544; #4 ind=47 HV=0.9039015886105126; #5 ind=65 HV=0.9030332423160797
  Task 1: #1 ind=36 HV=0.9475935446764308; #2 ind=0 HV=0.9449251504060443; #3 ind=1 HV=0.9429749416515013; #4 ind=2 HV=0.9429267106820242; #5 ind=58 HV=0.941565889318477

Pareto Front of Subpopulation 25
Objective 0: [5197.0485957989, 5482.473779586609, 5489.254597132094, 5510.3150518939365, 5522.180882006534, 5609.585776198161, 5613.142010807642, 5652.8768243784725, 5669.613859733043, 5776.200329308282, 5838.832681206288, 6228.534266838396, 6329.732941218477, 6625.192665001494, 6723.61398322985, 6790.936938557483]
Objective 1: [2324.3849235218804, 2226.143510522583, 2010.2814390505227, 1683.5798228708736, 1567.8896224658383, 1519.7237257484667, 1479.4735978815297, 1469.9624496618635, 1459.8418631600944, 1411.1236631031934, 1367.9475287753157, 1364.087945344203, 1342.2874562161014, 1323.0247203586332, 1300.121240452674, 1211.4831893266673]
MPSLGP task 0 best fitness of generation Fitness: [5489.254597132094 2010.2814390505227]
MPSLGP task 1 best fitness of generation Fitness: [5613.142010807642 1479.4735978815297]
2
duration: 123.0
Generation 25 elapsed 123.0 seconds.
Generation 26
Preselection cleared number: 1640
MPSLGP task-balanced survival counts: [task 0=500, task 1=500]
Subpop 0 reduced 5000 -> 1000
ideal points: [4428.206738974055, 865.163330245312]
nadir points: [6485.170356645831, 1923.176101585006]
max objectives: [41580.73565196287, 41184.73565196287]
min objectives: [4920.229709971172, 961.2925891614577]
HVOfIntermedidatePopPSL: DoubleSummaryStatistics{count=1000, sum=921.777011, min=0.000000, average=0.921777, max=0.984101}
preferenceDiversityPopAll: DoubleSummaryStatistics{count=1000, sum=2.275627, min=0.000000, average=0.002276, max=0.102332}
Genotype diversity: 1.0
Entropy diversity: 6.846454339150052
PC diversity: 0.973
MPSLGP top 5 HV by task at generation 26:
  Task 0: #1 ind=12 HV=0.9783540221629999; #2 ind=72 HV=0.9782935548382283; #3 ind=13 HV=0.9775733684000274; #4 ind=30 HV=0.9775406445478362; #5 ind=15 HV=0.9769586949044479
  Task 1: #1 ind=0 HV=0.9841006767625333; #2 ind=1 HV=0.9833454926800678; #3 ind=2 HV=0.9827582945710241; #4 ind=3 HV=0.9819908273031316; #5 ind=4 HV=0.9817436595875892

Pareto Front of Subpopulation 26
Objective 0: [4920.229709971172, 4962.443065092841, 5076.182500255411, 5102.244780259905, 5107.555446024344, 5113.013115289446, 5152.317888243415, 5164.626262543956, 5264.998824157927, 5313.399973784399, 5347.068295104284, 5397.946120508306, 5417.585380997334, 5474.109526303015, 5500.677784309955, 5510.867003387888, 5521.768766138732, 5564.705899741326, 5582.539124172996, 5697.273259223497, 6000.602961669327, 6485.170356645831]
Objective 1: [1923.176101585006, 1873.1415149390523, 1686.463870499967, 1677.5150138224562, 1649.613512181968, 1589.238676667679, 1580.2011919323704, 1515.7015449194878, 1200.2201790861436, 1199.4251177780534, 1152.8343664101412, 1145.5766567647806, 1138.0542301087844, 1135.039236133569, 1127.6356124924787, 1096.1239673724485, 1089.1214905710076, 1083.3225942428107, 1064.9874655611638, 1024.367169886391, 1015.5466963865911, 961.2925891614577]
2
duration: 122.0
MPSLGP task 0 best fitness of generation Fitness: [5113.013115289446 1589.238676667679]
MPSLGP task 1 best fitness of generation Fitness: [5264.998824157927 1200.2201790861436]
Generation 26 elapsed 122.0 seconds.
Generation 27
Preselection cleared number: 1802
MPSLGP task-balanced survival counts: [task 0=500, task 1=500]
Subpop 0 reduced 5000 -> 1000
ideal points: [4672.712809152016, 1183.9543206408118]
nadir points: [7399.526460973022, 2629.089375528856]
max objectives: [42098.26318901521, 10128.565797253803]
min objectives: [5191.903121280018, 1315.504800712013]
HVOfIntermedidatePopPSL: DoubleSummaryStatistics{count=1000, sum=789.657605, min=0.000000, average=0.789658, max=0.958127}
preferenceDiversityPopAll: DoubleSummaryStatistics{count=1000, sum=1.928220, min=0.000000, average=0.001928, max=0.097697}
Genotype diversity: 1.0
Entropy diversity: 6.715669790013705
PC diversity: 0.977
MPSLGP top 5 HV by task at generation 27:
  Task 0: #1 ind=13 HV=0.9387160088161982; #2 ind=15 HV=0.9253265157299378; #3 ind=119 HV=0.9199684485608659; #4 ind=120 HV=0.9195412614657874; #5 ind=60 HV=0.9183695417841176
  Task 1: #1 ind=0 HV=0.9581270437180587; #2 ind=1 HV=0.9548393794523666; #3 ind=2 HV=0.9540709924805332; #4 ind=3 HV=0.9534738916603023; #5 ind=4 HV=0.9528025515010532

Pareto Front of Subpopulation 27
Objective 0: [5191.903121280018, 5216.015283109096, 5256.029488582513, 5281.863225394976, 5331.310942308861, 5554.904189650726, 5658.315971551114, 5833.281492233393, 5913.580826159916, 5922.384437732864, 5925.924338070967, 6037.381174592127, 6118.232326182828, 6166.834321463975, 6254.930286318238, 6391.4243544286, 6549.631340111082, 6988.382859526959, 7114.967870118329, 7399.526460973022]
Objective 1: [2629.089375528856, 2493.257320008357, 2391.502147225532, 2102.0587371298316, 1925.4165517491201, 1862.1413372324678, 1708.6597611223333, 1693.3947629667382, 1676.1324724345905, 1636.5434685516375, 1577.6207784367652, 1551.1906812874513, 1513.1896072776144, 1485.0099647932584, 1470.3726632482721, 1444.5814661324257, 1390.8968918726387, 1382.1509322876154, 1331.6840772601936, 1315.504800712013]
2
duration: 123.0
MPSLGP task 0 best fitness of generation Fitness: [5833.281492233393 1693.3947629667382]
MPSLGP task 1 best fitness of generation Fitness: [5913.580826159916 1676.1324724345905]
Generation 27 elapsed 123.0 seconds.
Generation 28
Preselection cleared number: 1838
MPSLGP task-balanced survival counts: [task 0=500, task 1=500]
Subpop 0 reduced 5000 -> 1000
ideal points: [4377.982239914878, 813.155319693753]
nadir points: [5818.36121215421, 1712.1922162555275]
max objectives: [10901.9025175696, 6222.074323147521]
min objectives: [4864.424711016531, 903.5059107708366]
HVOfIntermedidatePopPSL: DoubleSummaryStatistics{count=1000, sum=686.986795, min=0.000000, average=0.686987, max=0.911559}
preferenceDiversityPopAll: DoubleSummaryStatistics{count=1000, sum=1.726489, min=0.000000, average=0.001726, max=0.066399}
Genotype diversity: 1.0
Entropy diversity: 6.894232133444646
PC diversity: 0.98
MPSLGP top 5 HV by task at generation 28:
  Task 0: #1 ind=7 HV=0.8648174455288969; #2 ind=8 HV=0.8639241115136114; #3 ind=9 HV=0.8636793677978291; #4 ind=10 HV=0.8632641144319494; #5 ind=28 HV=0.8512711611615518
  Task 1: #1 ind=0 HV=0.9115594856976909; #2 ind=1 HV=0.9087327916660316; #3 ind=2 HV=0.9078712091776971; #4 ind=3 HV=0.9070279399392908; #5 ind=15 HV=0.8967717381622738

Pareto Front of Subpopulation 28
Objective 0: [4864.424711016531, 5031.193825836061, 5046.597370063653, 5153.379429314868, 5196.791450849909, 5221.507849580492, 5234.20441310943, 5246.653949905536, 5293.814337553806, 5304.724975398742, 5339.477705328609, 5440.900616308907, 5653.855555618386, 5683.534913659096, 5818.36121215421]
Objective 1: [1712.1922162555275, 1475.1555469205487, 1459.2737209402403, 1381.0733583005494, 1343.4604122634046, 1200.4621835762373, 1184.270115153071, 1058.4666321234836, 1011.8482843171514, 990.7365933487963, 982.4628858618235, 962.7027820961084, 941.3350911862217, 934.4340145857714, 903.5059107708366]
2
duration: 122.0
MPSLGP task 0 best fitness of generation Fitness: [5046.597370063653 1459.2737209402403]
MPSLGP task 1 best fitness of generation Fitness: [5304.724975398742 990.7365933487963]
Generation 28 elapsed 122.0 seconds.
Generation 29
Preselection cleared number: 1918
MPSLGP task-balanced survival counts: [task 0=500, task 1=500]
Subpop 0 reduced 5000 -> 1000
ideal points: [4549.818226171774, 1128.4991256765702]
nadir points: [6947.935446582502, 2254.6554649821483]
max objectives: [29005.892711125547, 10280.790154648363]
min objectives: [5055.353584635304, 1253.8879174184112]
HVOfIntermedidatePopPSL: DoubleSummaryStatistics{count=1000, sum=783.079523, min=0.000000, average=0.783080, max=0.956764}
preferenceDiversityPopAll: DoubleSummaryStatistics{count=1000, sum=1.709825, min=0.000000, average=0.001710, max=0.082275}
Genotype diversity: 1.0
Entropy diversity: 6.778748597197829
PC diversity: 0.989
MPSLGP top 5 HV by task at generation 29:
  Task 0: #1 ind=108 HV=0.9215260583645981; #2 ind=11 HV=0.9167534653697031; #3 ind=12 HV=0.9135989372629152; #4 ind=30 HV=0.9114960579452638; #5 ind=13 HV=0.9112880585015637
  Task 1: #1 ind=19 HV=0.9567638930947531; #2 ind=0 HV=0.9536606863193048; #3 ind=43 HV=0.950847633630731; #4 ind=1 HV=0.9505564415196828; #5 ind=2 HV=0.947356166194992

Pareto Front of Subpopulation 29
Objective 0: [5055.353584635304, 5066.888492478582, 5191.176718299277, 5245.282640259073, 5258.742984407814, 5269.67359713756, 5280.757495520986, 5336.227928601438, 5497.453236406553, 5574.398964846507, 5670.309605306713, 5883.411827541306, 5919.0793192114215, 6253.388926074607, 6377.735257005435, 6432.08075193956, 6764.417009765049, 6868.395982999355, 6947.935446582502]
Objective 1: [2254.6554649821483, 2244.77675191476, 2244.7056651992607, 2154.63257003951, 2022.421648479416, 1973.309418103221, 1950.7139804389735, 1901.1410611229367, 1610.5020579059492, 1508.8350211939542, 1442.6945326572459, 1419.8103825553262, 1398.5807845946692, 1344.2644681134261, 1326.455348455056, 1318.0218089566042, 1299.67350658722, 1263.5209149225266, 1253.8879174184112]
MPSLGP task 0 best fitness of generation Fitness: [5336.227928601438 1901.1410611229367]
MPSLGP task 1 best fitness of generation Fitness: [5670.309605306713 1442.6945326572459]
2
duration: 120.0
Generation 29 elapsed 120.0 seconds.
Generation 30
Preselection cleared number: 1810
MPSLGP task-balanced survival counts: [task 0=500, task 1=500]
Subpop 0 reduced 5000 -> 1000
ideal points: [4572.022249944302, 927.2258184258943]
nadir points: [6685.819936817628, 1927.001618422888]
max objectives: [24707.232966428593, 20787.14936069536]
min objectives: [5080.024722160335, 1030.2509093621047]
HVOfIntermedidatePopPSL: DoubleSummaryStatistics{count=1000, sum=868.960671, min=0.000000, average=0.868961, max=0.973452}
preferenceDiversityPopAll: DoubleSummaryStatistics{count=1000, sum=2.339730, min=0.000000, average=0.002340, max=0.084854}
Genotype diversity: 1.0
Entropy diversity: 6.877936399184797
PC diversity: 0.98
MPSLGP top 5 HV by task at generation 30:
  Task 0: #1 ind=1 HV=0.9720948920018758; #2 ind=13 HV=0.9665539128489395; #3 ind=147 HV=0.9607909893782178; #4 ind=20 HV=0.9581104927635379; #5 ind=60 HV=0.9549981681741082
  Task 1: #1 ind=0 HV=0.9734523780969923; #2 ind=12 HV=0.9710231154706408; #3 ind=2 HV=0.9684534642358185; #4 ind=32 HV=0.9675168837701491; #5 ind=3 HV=0.9669935370059145

Pareto Front of Subpopulation 30
Objective 0: [5080.024722160335, 5113.081842673477, 5162.010431275819, 5274.153840368846, 5450.667161953752, 5482.258012757404, 5526.505003313185, 5647.985510410479, 5816.5683097194415, 6080.424540509353, 6426.568661172059, 6685.819936817628]
Objective 1: [1927.001618422888, 1878.9951445211773, 1497.1463845605613, 1360.6789828369801, 1279.389790889225, 1274.8470558918489, 1235.7674953323149, 1230.792365488247, 1113.391167119873, 1051.379306748364, 1039.8442529392778, 1030.2509093621047]
MPSLGP task 0 best fitness of generation Fitness: [5162.010431275819 1497.1463845605613]
MPSLGP task 1 best fitness of generation Fitness: [5274.153840368846 1360.6789828369801]
2
duration: 121.0
Generation 30 elapsed 121.0 seconds.
Generation 31
Preselection cleared number: 1694
MPSLGP task-balanced survival counts: [task 0=500, task 1=500]
Subpop 0 reduced 5000 -> 1000
ideal points: [4522.828090732667, 985.2894905281654]
nadir points: [6850.643565705861, 1708.6698590399028]
max objectives: [22989.630015542614, 19679.84893199784]
min objectives: [5025.364545258519, 1094.7661005868504]
HVOfIntermedidatePopPSL: DoubleSummaryStatistics{count=1000, sum=873.594725, min=0.000000, average=0.873595, max=0.983705}
preferenceDiversityPopAll: DoubleSummaryStatistics{count=1000, sum=1.542790, min=0.000000, average=0.001543, max=0.084227}
Genotype diversity: 1.0
Entropy diversity: 6.884729428052313
PC diversity: 0.987
MPSLGP top 5 HV by task at generation 31:
  Task 0: #1 ind=0 HV=0.9837052699234923; #2 ind=2 HV=0.9749415353587323; #3 ind=13 HV=0.9693508275933468; #4 ind=30 HV=0.9669356224279554; #5 ind=5 HV=0.9666558200282952
  Task 1: #1 ind=11 HV=0.9756090965294033; #2 ind=1 HV=0.9755536297478277; #3 ind=3 HV=0.9727469283081296; #4 ind=12 HV=0.9718911418101203; #5 ind=4 HV=0.9707149245527452

Pareto Front of Subpopulation 31
Objective 0: [5025.364545258519, 5061.790074750432, 5225.052669145574, 5312.394153801259, 5411.875212709769, 5443.778640943754, 5594.695832612109, 5599.49630235316, 5950.517899336759, 6112.940402196138, 6850.643565705861]
Objective 1: [1708.6698590399028, 1358.4702492721553, 1352.8426494802989, 1246.7425888976868, 1238.916403031064, 1196.863825902663, 1184.644520525253, 1147.6843127613174, 1123.612860071822, 1096.1292648320086, 1094.7661005868504]
2
duration: 121.0
MPSLGP task 0 best fitness of generation Fitness: [5061.790074750432 1358.4702492721553]
MPSLGP task 1 best fitness of generation Fitness: [5312.394153801259 1246.7425888976868]
Generation 31 elapsed 121.0 seconds.
Generation 32
Preselection cleared number: 1624
MPSLGP task-balanced survival counts: [task 0=500, task 1=500]
Subpop 0 reduced 5000 -> 1000
ideal points: [4559.795766939037, 970.9364603874623]
nadir points: [6951.272874121554, 1912.6865932201908]
max objectives: [30780.08167526382, 17530.721250724746]
min objectives: [5066.439741043374, 1078.8182893194025]
HVOfIntermedidatePopPSL: DoubleSummaryStatistics{count=1000, sum=832.507988, min=0.000000, average=0.832508, max=0.965263}
preferenceDiversityPopAll: DoubleSummaryStatistics{count=1000, sum=1.557004, min=0.000000, average=0.001557, max=0.050924}
Genotype diversity: 1.0
Entropy diversity: 6.741250935089844
PC diversity: 0.989
MPSLGP top 5 HV by task at generation 32:
  Task 0: #1 ind=12 HV=0.9651141039963942; #2 ind=4 HV=0.958514284323345; #3 ind=15 HV=0.9575438937457864; #4 ind=5 HV=0.9526734434774686; #5 ind=6 HV=0.9510539643209
  Task 1: #1 ind=0 HV=0.9652631716754347; #2 ind=1 HV=0.9647792110846415; #3 ind=2 HV=0.9647085592508092; #4 ind=3 HV=0.9633923374685114; #5 ind=13 HV=0.9619793664241616

Pareto Front of Subpopulation 32
Objective 0: [5066.439741043374, 5095.280018737656, 5205.415082448279, 5257.354737064452, 5387.819868729683, 5493.743098151055, 5577.092213830154, 5646.480373786646, 5713.060570707137, 6181.405573305441, 6376.711621263996, 6951.272874121554]
Objective 1: [1912.6865932201908, 1861.6048412554665, 1783.8340056926827, 1726.4249767027504, 1610.58913028604, 1378.9879237629648, 1328.3373963566846, 1275.8493616859778, 1265.8611716947344, 1208.0519335722493, 1132.177905315999, 1078.8182893194025]
MPSLGP task 0 best fitness of generation Fitness: [5387.819868729683 1610.58913028604]
MPSLGP task 1 best fitness of generation Fitness: [5646.480373786646 1275.8493616859778]
2
duration: 123.0
Generation 32 elapsed 123.0 seconds.
Generation 33
Preselection cleared number: 1640
MPSLGP task-balanced survival counts: [task 0=500, task 1=500]
Subpop 0 reduced 5000 -> 1000
ideal points: [4348.967823907721, 1005.8243447120454]
nadir points: [6592.5662065804645, 2380.1203800796357]
max objectives: [25438.55497890376, 6487.952641076066]
min objectives: [4832.186471008579, 1117.582605235606]
HVOfIntermedidatePopPSL: DoubleSummaryStatistics{count=1000, sum=776.138746, min=0.000000, average=0.776139, max=0.936188}
preferenceDiversityPopAll: DoubleSummaryStatistics{count=1000, sum=2.067371, min=0.000000, average=0.002067, max=0.097312}
Genotype diversity: 1.0
Entropy diversity: 6.90307314775513
PC diversity: 0.969
MPSLGP top 5 HV by task at generation 33:
  Task 0: #1 ind=0 HV=0.936188239702606; #2 ind=4 HV=0.9249218365994412; #3 ind=103 HV=0.9145185776678022; #4 ind=25 HV=0.9119314254086773; #5 ind=27 HV=0.9094477975971705
  Task 1: #1 ind=1 HV=0.9286837532846985; #2 ind=2 HV=0.9284520456619918; #3 ind=3 HV=0.925938813702047; #4 ind=5 HV=0.9234870204450905; #5 ind=6 HV=0.9222018575008833

Pareto Front of Subpopulation 33
Objective 0: [4832.186471008579, 4872.926286632544, 4907.968075925484, 4934.246324561012, 4944.699527124525, 5072.240633577545, 5104.105455536395, 5133.221648324863, 5248.393224830797, 5594.601330400037, 5776.649785194255, 5790.077550010697, 5798.314164043579, 5950.701427614476, 6224.543032117304, 6231.382435791194, 6520.643777024292, 6592.5662065804645]
Objective 1: [2380.1203800796357, 2375.7162433275225, 1911.159415541133, 1762.9172495038365, 1665.8136560404382, 1654.4484387264383, 1557.6819279065894, 1434.8293432943865, 1345.0767058299534, 1298.4198040791962, 1294.050172483061, 1278.4609538531222, 1263.6035556159914, 1209.6149351950735, 1177.038056989113, 1170.950866821062, 1158.6921667550487, 1117.582605235606]
2
duration: 128.0
MPSLGP task 0 best fitness of generation Fitness: [5248.393224830797 1345.0767058299534]
MPSLGP task 1 best fitness of generation Fitness: [5594.601330400037 1298.4198040791962]
Generation 33 elapsed 128.0 seconds.
Generation 34
Preselection cleared number: 1639
MPSLGP task-balanced survival counts: [task 0=500, task 1=500]
Subpop 0 reduced 5000 -> 1000
ideal points: [4566.743966318923, 973.7452531569885]
nadir points: [6481.661454229441, 1709.3219684244978]
max objectives: [27513.403381598357, 6218.350845399589]
min objectives: [5074.159962576581, 1081.9391701744316]
HVOfIntermedidatePopPSL: DoubleSummaryStatistics{count=1000, sum=721.955712, min=0.000000, average=0.721956, max=0.951301}
preferenceDiversityPopAll: DoubleSummaryStatistics{count=1000, sum=1.684694, min=0.000000, average=0.001685, max=0.074569}
Genotype diversity: 1.0
Entropy diversity: 6.8730246429741335
PC diversity: 0.991
MPSLGP top 5 HV by task at generation 34:
  Task 0: #1 ind=3 HV=0.9452907031527154; #2 ind=28 HV=0.926582016941406; #3 ind=41 HV=0.9244984290372398; #4 ind=30 HV=0.9179717365979289; #5 ind=51 HV=0.9131338941537617
  Task 1: #1 ind=0 HV=0.9513013476433777; #2 ind=1 HV=0.9458342039735729; #3 ind=2 HV=0.9457279983906534; #4 ind=4 HV=0.9440816883582107; #5 ind=18 HV=0.9413817987030306

Pareto Front of Subpopulation 34
Objective 0: [5074.159962576581, 5177.38884592196, 5201.807449482818, 5239.278902868042, 5281.669650339987, 5305.849213101668, 5366.741380179126, 5374.356807212229, 5474.538424120517, 5621.321193688142, 5629.2508362190565, 5772.179060217924, 5846.549667642161, 5893.027574565844, 5945.123590494273, 6077.922480286332, 6241.328950103954, 6481.661454229441]
Objective 1: [1709.3219684244978, 1604.5193958309683, 1587.1195704858692, 1523.3670631615387, 1398.768579792144, 1378.384687455953, 1345.2941875865363, 1314.46066293669, 1261.6103096940642, 1259.5827701924136, 1228.2363146564458, 1218.9383900107932, 1212.6763972317422, 1194.27066933045, 1146.766337942492, 1083.9024985531432, 1082.5462539076689, 1081.9391701744316]
2
duration: 130.0
MPSLGP task 0 best fitness of generation Fitness: [5629.2508362190565 1228.2363146564458]
MPSLGP task 1 best fitness of generation Fitness: [6077.922480286332 1083.9024985531432]
Generation 34 elapsed 130.0 seconds.
Generation 35
Preselection cleared number: 1690
MPSLGP task-balanced survival counts: [task 0=500, task 1=500]
Subpop 0 reduced 5000 -> 1000
ideal points: [4414.496538801841, 822.9448688315432]
nadir points: [6026.42135027732, 1860.7343658124155]
max objectives: [17912.88236694364, 11416.747006514983]
min objectives: [4904.996154224267, 914.3831875906035]
HVOfIntermedidatePopPSL: DoubleSummaryStatistics{count=1000, sum=812.886132, min=0.000000, average=0.812886, max=0.962494}
preferenceDiversityPopAll: DoubleSummaryStatistics{count=1000, sum=1.606111, min=0.000000, average=0.001606, max=0.049363}
Genotype diversity: 1.0
Entropy diversity: 6.86526329892316
PC diversity: 1.0
MPSLGP top 5 HV by task at generation 35:
  Task 0: #1 ind=12 HV=0.9509629382558644; #2 ind=60 HV=0.9402359257255717; #3 ind=19 HV=0.9363539040199069; #4 ind=4 HV=0.9356257493239688; #5 ind=43 HV=0.9337666666051839
  Task 1: #1 ind=0 HV=0.9624941541966289; #2 ind=1 HV=0.9509434452595223; #3 ind=2 HV=0.9487325639565176; #4 ind=13 HV=0.9468364757601746; #5 ind=14 HV=0.9457655441262959

Pareto Front of Subpopulation 35
Objective 0: [4904.996154224267, 4940.5572279363405, 5084.214055460703, 5104.201132706017, 5141.086459479528, 5204.629351584183, 5307.544485243561, 5313.499944116513, 5622.160754064331, 5762.927857612434, 5870.4495157023775, 6026.42135027732]
Objective 1: [1860.7343658124155, 1805.3233446472732, 1586.0385981174186, 1505.4382484149828, 1400.5162672936422, 1183.829859663514, 1122.5496210160272, 966.4262959913613, 952.8358522905473, 945.4416619222102, 937.4312376207527, 914.3831875906035]
MPSLGP task 0 best fitness of generation Fitness: [5141.086459479528 1400.5162672936422]
MPSLGP task 1 best fitness of generation Fitness: [5313.499944116513 966.4262959913613]
2
duration: 132.0
Generation 35 elapsed 132.0 seconds.
Generation 36
Preselection cleared number: 1770
MPSLGP task-balanced survival counts: [task 0=500, task 1=500]
Subpop 0 reduced 5000 -> 1000
ideal points: [4473.188315761086, 999.0405184174496]
nadir points: [6814.844749583106, 2247.7400374921417]
max objectives: [20793.460364378727, 19194.86824427893]
min objectives: [4970.2092397345405, 1110.0450204638328]
HVOfIntermedidatePopPSL: DoubleSummaryStatistics{count=1000, sum=833.088732, min=0.000000, average=0.833089, max=0.976374}
preferenceDiversityPopAll: DoubleSummaryStatistics{count=1000, sum=1.716757, min=0.000000, average=0.001717, max=0.053173}
Genotype diversity: 1.0
Entropy diversity: 6.839752345008369
PC diversity: 1.0
MPSLGP top 5 HV by task at generation 36:
  Task 0: #1 ind=18 HV=0.9763742221585744; #2 ind=93 HV=0.9635994587184891; #3 ind=22 HV=0.9533152308741275; #4 ind=4 HV=0.9524829836448476; #5 ind=5 HV=0.9516538590059654
  Task 1: #1 ind=0 HV=0.9735300762899604; #2 ind=94 HV=0.9617698702515449; #3 ind=1 HV=0.9607002368844585; #4 ind=2 HV=0.9588865267864164; #5 ind=19 HV=0.9577358383811625

Pareto Front of Subpopulation 36
Objective 0: [4970.2092397345405, 5054.205623733113, 5071.651770414319, 5088.4528384067235, 5150.398629456788, 5400.981736139656, 5425.429010001069, 5471.119516642531, 5567.1962761286995, 5613.786999591743, 5647.114273437182, 5808.230280414398, 5965.588546842744, 6062.5914062422235, 6098.948562406469, 6546.362971593218, 6695.0905428237165, 6814.844749583106]
Objective 1: [2247.7400374921417, 2213.3402986921283, 1867.3183031296503, 1831.658240759687, 1375.536073764073, 1355.862135138188, 1304.244701861884, 1303.866882692193, 1301.2576131094247, 1282.965128283191, 1248.7008605420124, 1248.0960270700452, 1237.2947253953462, 1183.3538809833844, 1154.0354175511748, 1153.1270857919008, 1148.4297945884318, 1110.0450204638328]
2
duration: 130.0
MPSLGP task 0 best fitness of generation Fitness: [5088.4528384067235 1831.658240759687]
MPSLGP task 1 best fitness of generation Fitness: [5150.398629456788 1375.536073764073]
Generation 36 elapsed 130.0 seconds.
Generation 37
Preselection cleared number: 1725
MPSLGP task-balanced survival counts: [task 0=500, task 1=500]
Subpop 0 reduced 5000 -> 1000
ideal points: [4538.415447641472, 1126.2028847897484]
nadir points: [7580.974148652866, 2112.494018888494]
max objectives: [26513.842614956782, 8680.31295800746]
min objectives: [5042.683830712747, 1251.336538655276]
HVOfIntermedidatePopPSL: DoubleSummaryStatistics{count=1000, sum=764.013543, min=0.000000, average=0.764014, max=0.942201}
preferenceDiversityPopAll: DoubleSummaryStatistics{count=1000, sum=1.740141, min=0.000000, average=0.001740, max=0.085766}
Genotype diversity: 1.0
Entropy diversity: 6.783318096830119
PC diversity: 1.0
MPSLGP top 5 HV by task at generation 37:
  Task 0: #1 ind=76 HV=0.9285597185939675; #2 ind=108 HV=0.9117528273395087; #3 ind=33 HV=0.9090561482209689; #4 ind=34 HV=0.9087952958840003; #5 ind=35 HV=0.907841309859365
  Task 1: #1 ind=0 HV=0.942200658083096; #2 ind=1 HV=0.9380158174782388; #3 ind=2 HV=0.937818089474462; #4 ind=3 HV=0.9354062373941449; #5 ind=4 HV=0.9347378531834213

Pareto Front of Subpopulation 37
Objective 0: [5042.683830712747, 5206.414595630602, 5236.934954399476, 5247.719229261158, 5273.534341675346, 5282.567297661881, 5286.216348245391, 5317.086239428725, 5341.587115447241, 5496.088832085836, 5566.516339958413, 5606.914558746386, 5650.839873312216, 5784.080270170583, 5919.413930050563, 5927.215706182993, 5930.910142392851, 6035.971298603923, 6104.15088853112, 6830.737266315147, 6854.024097010144, 6894.073631789768, 7318.8394319356885, 7580.974148652866]
Objective 1: [2112.494018888494, 2060.109908888262, 2058.595220446354, 2040.5156544416968, 1989.4281523310055, 1987.387900005997, 1958.1529890472884, 1933.091829374025, 1882.7358144938771, 1809.2613719115325, 1697.1120196445263, 1592.4020034513087, 1517.5212586290727, 1446.3608612365788, 1444.4521695300355, 1428.7782975795562, 1408.382459858316, 1370.9896016558923, 1324.724108671362, 1320.894900115265, 1317.506024252536, 1281.3866984324122, 1262.6443295034696, 1251.336538655276]
2
duration: 130.0
MPSLGP task 0 best fitness of generation Fitness: [5496.088832085836 1809.2613719115325]
MPSLGP task 1 best fitness of generation Fitness: [5930.910142392851 1408.382459858316]
Generation 37 elapsed 130.0 seconds.
Generation 38
Preselection cleared number: 1682
MPSLGP task-balanced survival counts: [task 0=500, task 1=500]
Subpop 0 reduced 5000 -> 1000
ideal points: [4555.964634812752, 1177.4343284320626]
nadir points: [7329.654894622101, 2700.4612653990043]
max objectives: [17310.833017183002, 7643.090088696728]
min objectives: [5062.182927569724, 1308.2603649245139]
HVOfIntermedidatePopPSL: DoubleSummaryStatistics{count=1000, sum=702.215281, min=0.000000, average=0.702215, max=0.903518}
preferenceDiversityPopAll: DoubleSummaryStatistics{count=1000, sum=1.282547, min=0.000000, average=0.001283, max=0.069206}
Genotype diversity: 1.0
Entropy diversity: 6.839752345008369
PC diversity: 1.0
MPSLGP top 5 HV by task at generation 38:
  Task 0: #1 ind=0 HV=0.9035176341778649; #2 ind=98 HV=0.9023173007576272; #3 ind=2 HV=0.8966836586766056; #4 ind=21 HV=0.8925516671616562; #5 ind=7 HV=0.8853127630775205
  Task 1: #1 ind=1 HV=0.9013699620745917; #2 ind=3 HV=0.8950532111961349; #3 ind=20 HV=0.8940406272729695; #4 ind=99 HV=0.8924228325219838; #5 ind=4 HV=0.8906728862879888

Pareto Front of Subpopulation 38
Objective 0: [5062.182927569724, 5081.081827716669, 5094.048149534734, 5121.71051513229, 5164.629426709376, 5241.271461716853, 5410.955752728594, 5442.89368963294, 5583.647048222512, 5750.9095122860745, 5845.462412435212, 5911.619643845945, 5978.497061919392, 6039.6056468385505, 6372.301243222784, 6422.025335345126, 6602.234189555224, 6836.846466687799, 7306.238995617488, 7329.654894622101]
Objective 1: [2700.4612653990043, 2611.9368967383634, 2153.348946366692, 2040.4113178608823, 1984.8868701629253, 1944.0364198400057, 1918.7996143523778, 1725.1904213608068, 1667.0193103762576, 1610.690167147768, 1600.7594334897876, 1566.9234770017647, 1526.6082625914423, 1461.6990898627555, 1416.4680468165607, 1407.163696975942, 1348.7427857628354, 1319.128166019218, 1318.6422227064031, 1308.2603649245139]
2
duration: 130.0
MPSLGP task 0 best fitness of generation Fitness: [5442.89368963294 1725.1904213608068]
MPSLGP task 1 best fitness of generation Fitness: [5583.647048222512 1667.0193103762576]
Generation 38 elapsed 130.0 seconds.
Generation 39
Preselection cleared number: 1693
MPSLGP task-balanced survival counts: [task 0=500, task 1=500]
Subpop 0 reduced 5000 -> 1000
ideal points: [4591.8079115548235, 964.2725722499061]
nadir points: [6404.479537896434, 1759.8832416360237]
max objectives: [33244.53296874027, 10227.181657511537]
min objectives: [5102.00879061647, 1071.4139691665623]
HVOfIntermedidatePopPSL: DoubleSummaryStatistics{count=1000, sum=849.040563, min=0.000000, average=0.849041, max=0.970228}
preferenceDiversityPopAll: DoubleSummaryStatistics{count=1000, sum=1.073769, min=0.000000, average=0.001074, max=0.038480}
Genotype diversity: 1.0
Entropy diversity: 6.884729428052313
PC diversity: 1.0
MPSLGP top 5 HV by task at generation 39:
  Task 0: #1 ind=23 HV=0.9419492532107244; #2 ind=8 HV=0.9390000137012356; #3 ind=121 HV=0.9365593476751424; #4 ind=9 HV=0.9350719458712521; #5 ind=24 HV=0.9327763789417759
  Task 1: #1 ind=0 HV=0.9702280402329045; #2 ind=1 HV=0.9700808836389073; #3 ind=2 HV=0.9681223598021693; #4 ind=3 HV=0.9666514023028491; #5 ind=4 HV=0.9651780126461721

Pareto Front of Subpopulation 39
Objective 0: [5102.00879061647, 5155.336617093184, 5301.768339009373, 5315.824201075942, 5341.299558417493, 5519.521734704234, 5569.900305208983, 5576.492391121807, 5727.26378585631, 5903.6827882676735, 6404.479537896434]
Objective 1: [1759.8832416360237, 1611.219281582642, 1601.1127782402036, 1272.2659585137444, 1261.4542284600902, 1257.3679894125817, 1231.8897036470007, 1200.9915095312244, 1181.6434141011632, 1104.1904009911887, 1071.4139691665623]
MPSLGP task 0 best fitness of generation Fitness: [5155.336617093184 1611.219281582642]
MPSLGP task 1 best fitness of generation Fitness: [5341.299558417493 1261.4542284600902]
2
duration: 133.0
Generation 39 elapsed 133.0 seconds.
Generation 40
Preselection cleared number: 1850
MPSLGP task-balanced survival counts: [task 0=500, task 1=500]
Subpop 0 reduced 5000 -> 1000
ideal points: [4596.8627670697, 1145.8077431917627]
nadir points: [6917.237154062721, 2627.8339848289324]
max objectives: [77773.12642845092, 18849.28160711273]
min objectives: [5107.6252967441105, 1273.1197146575141]
HVOfIntermedidatePopPSL: DoubleSummaryStatistics{count=1000, sum=897.844364, min=0.000000, average=0.897844, max=0.975028}
preferenceDiversityPopAll: DoubleSummaryStatistics{count=1000, sum=1.141245, min=0.000000, average=0.001141, max=0.059737}
Genotype diversity: 1.0
Entropy diversity: 6.887980257786229
PC diversity: 0.987
MPSLGP top 5 HV by task at generation 40:
  Task 0: #1 ind=3 HV=0.9733069168310897; #2 ind=42 HV=0.9662433936640129; #3 ind=10 HV=0.9591997215022755; #4 ind=11 HV=0.9566128506743262; #5 ind=178 HV=0.9545005835131932
  Task 1: #1 ind=0 HV=0.975028137884217; #2 ind=1 HV=0.9746668440852139; #3 ind=2 HV=0.9743502168777516; #4 ind=38 HV=0.9717914958894639; #5 ind=4 HV=0.9712438008237055

Pareto Front of Subpopulation 40
Objective 0: [5107.6252967441105, 5227.492686112761, 5248.808698155568, 5253.388924417959, 5404.635842701129, 5598.7779105968075, 5677.361913560482, 5717.692877829366, 6012.09347578825, 6529.3405832572025, 6710.894379410485, 6756.4194356625085, 6759.1268597903545, 6760.1604805121315, 6914.229677929892, 6917.237154062721]
Objective 1: [2627.8339848289324, 2447.535390942794, 2369.3656232792127, 2150.90553939603, 1923.733935899043, 1908.544814974739, 1845.3455546390178, 1568.1407401962351, 1492.7849228371924, 1488.904886543809, 1439.8496230826422, 1436.6961823061865, 1394.229600853534, 1377.6243217778683, 1357.6111922131386, 1273.1197146575141]
2
duration: 134.0
MPSLGP task 0 best fitness of generation Fitness: [5404.635842701129 1923.733935899043]
MPSLGP task 1 best fitness of generation Fitness: [6917.237154062721 1273.1197146575141]
Generation 40 elapsed 134.0 seconds.
Generation 41
Preselection cleared number: 1662
MPSLGP task-balanced survival counts: [task 0=500, task 1=500]
Subpop 0 reduced 5000 -> 1000
ideal points: [4441.782951678161, 869.7412245419131]
nadir points: [6279.466893867706, 1644.3324573516293]
max objectives: [42410.96521260706, 11098.10218935425]
min objectives: [4935.314390753512, 966.3791383799035]
HVOfIntermedidatePopPSL: DoubleSummaryStatistics{count=1000, sum=878.733556, min=0.000000, average=0.878734, max=0.990573}
preferenceDiversityPopAll: DoubleSummaryStatistics{count=1000, sum=1.540222, min=0.000000, average=0.001540, max=0.050774}
Genotype diversity: 1.0
Entropy diversity: 6.898321795058964
PC diversity: 0.993
MPSLGP top 5 HV by task at generation 41:
  Task 0: #1 ind=0 HV=0.9905732648899908; #2 ind=23 HV=0.9596853439758936; #3 ind=190 HV=0.9551229703737919; #4 ind=73 HV=0.9542325882635545; #5 ind=27 HV=0.9527634878627785
  Task 1: #1 ind=1 HV=0.9779865891987077; #2 ind=2 HV=0.9778002318414581; #3 ind=3 HV=0.9751940299903313; #4 ind=4 HV=0.9745541210054747; #5 ind=5 HV=0.9727291389230492

Pareto Front of Subpopulation 41
Objective 0: [4935.314390753512, 4936.844877831289, 5029.55864361499, 5260.568709358922, 5275.451384354994, 5313.716886735056, 5413.36124624894, 5596.996038774087, 5676.184050017619, 5677.434452530724, 6130.315187627159, 6168.004109072848, 6279.466893867706]
Objective 1: [1644.3324573516293, 1413.7734058068163, 1266.0786700012395, 1251.768516327662, 1131.2901558057783, 1113.2213906709221, 1058.3136141853029, 1055.592530684742, 1052.6279830166604, 981.669355450882, 980.155557912818, 970.7597393411997, 966.3791383799035]
MPSLGP task 0 best fitness of generation Fitness: [4936.844877831289 1413.7734058068163]
MPSLGP task 1 best fitness of generation Fitness: [5677.434452530724 981.669355450882]
2
duration: 135.0
Generation 41 elapsed 135.0 seconds.
Generation 42
Preselection cleared number: 1810
MPSLGP task-balanced survival counts: [task 0=500, task 1=500]
Subpop 0 reduced 5000 -> 1000
ideal points: [4398.198975712509, 984.9968021995272]
nadir points: [6491.583759158966, 1736.2534647655557]
max objectives: [41559.56171792233, 11500.240841063496]
min objectives: [4886.887750791677, 1094.440891332808]
HVOfIntermedidatePopPSL: DoubleSummaryStatistics{count=1000, sum=857.715112, min=0.000000, average=0.857715, max=0.968304}
preferenceDiversityPopAll: DoubleSummaryStatistics{count=1000, sum=2.098403, min=0.000000, average=0.002098, max=0.051505}
Genotype diversity: 1.0
Entropy diversity: 6.881378430981472
PC diversity: 0.994
MPSLGP top 5 HV by task at generation 42:
  Task 0: #1 ind=6 HV=0.9613029169924654; #2 ind=38 HV=0.9560072170908206; #3 ind=21 HV=0.9555218414910523; #4 ind=22 HV=0.9531734537167865; #5 ind=10 HV=0.9523179029155395
  Task 1: #1 ind=0 HV=0.9683035181012873; #2 ind=1 HV=0.9665563335006894; #3 ind=2 HV=0.9665448638305933; #4 ind=3 HV=0.9642391550704754; #5 ind=4 HV=0.962981936528775

Pareto Front of Subpopulation 42
Objective 0: [4886.887750791677, 4965.674389658438, 4982.579252861935, 5068.665102494531, 5324.557415979914, 5331.419964817353, 5503.2543989615515, 5600.254957251367, 5685.882690406172, 5981.2459825892, 6011.2657133186, 6328.981284099282, 6491.583759158966]
Objective 1: [1736.2534647655557, 1691.8390535488725, 1562.32615832187, 1442.4644901190186, 1420.2945890676347, 1313.000873667741, 1286.3928014247795, 1214.378915059031, 1207.1810074835957, 1158.8321581902273, 1151.6699026961287, 1108.3314328402048, 1094.440891332808]
MPSLGP task 0 best fitness of generation Fitness: [5068.665102494531 1442.4644901190186]
MPSLGP task 1 best fitness of generation Fitness: [5600.254957251367 1214.378915059031]
2
duration: 136.0
Generation 42 elapsed 136.0 seconds.
Generation 43
Preselection cleared number: 1795
MPSLGP task-balanced survival counts: [task 0=500, task 1=500]
Subpop 0 reduced 5000 -> 1000
ideal points: [4603.532321341673, 986.1168266801687]
nadir points: [6256.933882136946, 3283.774778261577]
max objectives: [35301.32345026266, 12579.340168160561]
min objectives: [5115.035912601859, 1095.6853629779653]
HVOfIntermedidatePopPSL: DoubleSummaryStatistics{count=1000, sum=866.558549, min=0.000000, average=0.866559, max=0.978529}
preferenceDiversityPopAll: DoubleSummaryStatistics{count=1000, sum=2.281357, min=0.000000, average=0.002281, max=0.082954}
Genotype diversity: 1.0
Entropy diversity: 6.884729428052313
PC diversity: 0.98
MPSLGP top 5 HV by task at generation 43:
  Task 0: #1 ind=53 HV=0.964875124537512; #2 ind=8 HV=0.9590547606761441; #3 ind=141 HV=0.9523987463402906; #4 ind=70 HV=0.9504243187780362; #5 ind=23 HV=0.9473158681838081
  Task 1: #1 ind=0 HV=0.9785290664778593; #2 ind=1 HV=0.9784904466881085; #3 ind=2 HV=0.9772343686071878; #4 ind=11 HV=0.9770212069213059; #5 ind=3 HV=0.9754235778339747

Pareto Front of Subpopulation 43
Objective 0: [5115.035912601859, 5118.7929304357385, 5281.369504185626, 5382.044229832478, 5384.179582260607, 5434.853382732603, 5548.123093857663, 5627.804577765288, 5832.704633432266, 5835.931116337189, 6256.933882136946]
Objective 1: [3283.774778261577, 1711.667934417288, 1493.2170257358812, 1246.2151301609993, 1232.1752149500826, 1213.8173762615334, 1208.1121702578093, 1201.2624116693332, 1180.506873919876, 1116.111680703325, 1095.6853629779653]
MPSLGP task 0 best fitness of generation Fitness: [5281.369504185626 1493.2170257358812]
MPSLGP task 1 best fitness of generation Fitness: [5434.853382732603 1213.8173762615334]
2
duration: 139.0
Generation 43 elapsed 139.0 seconds.
Generation 44
Preselection cleared number: 1864
MPSLGP task-balanced survival counts: [task 0=500, task 1=500]
Subpop 0 reduced 5000 -> 1000
ideal points: [4456.287015177368, 981.4269585971633]
nadir points: [6662.624782661791, 2168.011513657977]
max objectives: [26838.848126445082, 8650.13588927676]
min objectives: [4951.430016863742, 1090.4743984412926]
HVOfIntermedidatePopPSL: DoubleSummaryStatistics{count=1000, sum=790.438807, min=0.000000, average=0.790439, max=0.956347}
preferenceDiversityPopAll: DoubleSummaryStatistics{count=1000, sum=1.651008, min=0.000000, average=0.001651, max=0.092960}
Genotype diversity: 1.0
Entropy diversity: 6.862007565065296
PC diversity: 0.972
MPSLGP top 5 HV by task at generation 44:
  Task 0: #1 ind=74 HV=0.9563468521199395; #2 ind=140 HV=0.9436865455693931; #3 ind=17 HV=0.9213189057761852; #4 ind=18 HV=0.9181050338066363; #5 ind=40 HV=0.9128687009503229
  Task 1: #1 ind=0 HV=0.9508014690264194; #2 ind=1 HV=0.9474235345862909; #3 ind=2 HV=0.9472733419711088; #4 ind=3 HV=0.9470734713475798; #5 ind=4 HV=0.9448895684198002

Pareto Front of Subpopulation 44
Objective 0: [4951.430016863742, 5008.746090409055, 5017.450088947429, 5060.314287575253, 5171.772284354141, 5191.45411849732, 5201.4034218064335, 5222.410786816094, 5365.216679333011, 5375.746771787788, 5400.346895673021, 5638.330017383851, 5639.304549989523, 5676.351109134383, 5773.497380431858, 5872.142788179277, 5970.968009040866, 6107.96670415136, 6272.716634508368, 6308.276740081084, 6325.987012857804, 6357.010976739606, 6390.945317495498, 6468.331713260413, 6662.624782661791]
Objective 1: [2168.011513657977, 2102.365018899378, 1879.4438664957852, 1747.0798983419736, 1731.3910759354985, 1728.380101613111, 1607.0494082283476, 1576.633613307371, 1435.6561752274429, 1359.8558808260277, 1319.0197873132856, 1307.2240146592594, 1258.7014766358843, 1228.3227847557864, 1218.0432922743057, 1208.74106650248, 1196.376155943195, 1178.761777079053, 1154.0974812660643, 1151.3076710995374, 1133.1457378900523, 1126.228058369008, 1105.4317014369735, 1095.553011376367, 1090.4743984412926]
MPSLGP task 0 best fitness of generation Fitness: [5222.410786816094 1576.633613307371]
MPSLGP task 1 best fitness of generation Fitness: [6390.945317495498 1105.4317014369735]
2
duration: 138.0
Generation 44 elapsed 138.0 seconds.
Generation 45
Preselection cleared number: 1889
MPSLGP task-balanced survival counts: [task 0=500, task 1=500]
Subpop 0 reduced 5000 -> 1000
ideal points: [4416.934856322053, 957.1881982864827]
nadir points: [6306.802880482865, 2238.398649481649]
max objectives: [49461.92507275776, 13112.800703310859]
min objectives: [4907.705395913392, 1063.5424425405363]
HVOfIntermedidatePopPSL: DoubleSummaryStatistics{count=1000, sum=882.972131, min=0.000000, average=0.882972, max=0.971942}
preferenceDiversityPopAll: DoubleSummaryStatistics{count=1000, sum=3.132849, min=0.000000, average=0.003133, max=0.066827}
Genotype diversity: 1.0
Entropy diversity: 6.887980257786229
PC diversity: 0.98
MPSLGP top 5 HV by task at generation 45:
  Task 0: #1 ind=177 HV=0.9617823898570256; #2 ind=218 HV=0.9592358309445141; #3 ind=14 HV=0.9575748608510566; #4 ind=15 HV=0.9572656407024563; #5 ind=178 HV=0.9545534367034251
  Task 1: #1 ind=0 HV=0.9719419536246674; #2 ind=1 HV=0.9697834495011262; #3 ind=2 HV=0.9690125306588186; #4 ind=3 HV=0.9689834800073471; #5 ind=44 HV=0.9685449273934373

Pareto Front of Subpopulation 45
Objective 0: [4907.705395913392, 4986.221277464065, 5037.032030066126, 5037.568083152757, 5124.980584228644, 5172.2734242331935, 5256.156065284158, 5431.9364055321785, 5456.22130934606, 5667.481175169814, 5698.674555945676, 5838.121349076508, 5987.726582925883, 6010.21274263307, 6024.762459572754, 6059.881645213114, 6112.727861857624, 6117.163170500775, 6235.513924727798, 6306.802880482865]
Objective 1: [2238.398649481649, 1714.0809901579487, 1580.5203427431115, 1576.4946979965607, 1503.0010674516234, 1488.0187026601052, 1372.1449262349051, 1306.7987778231036, 1276.6868013604835, 1221.1397211190197, 1178.776224801375, 1168.4590624335688, 1164.2364517305687, 1156.1524397719477, 1145.6616140202968, 1136.2517549934855, 1125.0866679301835, 1122.1204756259394, 1093.851253420129, 1063.5424425405363]
MPSLGP task 0 best fitness of generation Fitness: [5172.2734242331935 1488.0187026601052]
MPSLGP task 1 best fitness of generation Fitness: [5698.674555945676 1178.776224801375]
2
duration: 144.0
Generation 45 elapsed 144.0 seconds.
Generation 46
Preselection cleared number: 1775
MPSLGP task-balanced survival counts: [task 0=500, task 1=500]
Subpop 0 reduced 5000 -> 1000
ideal points: [4536.386199136335, 908.2108089085232]
nadir points: [6174.788293961901, 2175.702921245247]
max objectives: [34909.087651816895, 11054.382764565846]
min objectives: [5040.429110151483, 1009.1231210094702]
HVOfIntermedidatePopPSL: DoubleSummaryStatistics{count=1000, sum=840.577413, min=0.000000, average=0.840577, max=0.979298}
preferenceDiversityPopAll: DoubleSummaryStatistics{count=1000, sum=2.224447, min=0.000000, average=0.002224, max=0.094519}
Genotype diversity: 1.0
Entropy diversity: 6.847840633511172
PC diversity: 0.994
MPSLGP top 5 HV by task at generation 46:
  Task 0: #1 ind=70 HV=0.9560744732730072; #2 ind=5 HV=0.9497592979443393; #3 ind=99 HV=0.9492352893309032; #4 ind=6 HV=0.9461670201639371; #5 ind=38 HV=0.9452798221634033
  Task 1: #1 ind=0 HV=0.9792978281346314; #2 ind=1 HV=0.9776805111218677; #3 ind=2 HV=0.9756093880426024; #4 ind=9 HV=0.9709566774466614; #5 ind=3 HV=0.9700378744994322

Pareto Front of Subpopulation 46
Objective 0: [5040.429110151483, 5076.809879477252, 5110.851323179202, 5241.288950433285, 5324.858735797461, 5357.0061397085665, 5584.9290919859195, 5756.807568096323, 6174.788293961901]
Objective 1: [2175.702921245247, 1653.644116600859, 1483.9143097748747, 1476.9751646018049, 1209.9906392090488, 1124.2042928885203, 1033.0955312089573, 1010.6506911626202, 1009.1231210094702]
MPSLGP task 0 best fitness of generation Fitness: [5110.851323179202 1483.9143097748747]
MPSLGP task 1 best fitness of generation Fitness: [5584.9290919859195 1033.0955312089573]
2
duration: 142.0
Generation 46 elapsed 142.0 seconds.
Generation 47
Preselection cleared number: 1728
MPSLGP task-balanced survival counts: [task 0=500, task 1=500]
Subpop 0 reduced 5000 -> 1000
ideal points: [4536.373016834655, 1003.5222044129914]
nadir points: [6349.958835295518, 2609.0410168878443]
max objectives: [27252.477752453822, 13428.238876226911]
min objectives: [5040.4144631496165, 1115.0246715699905]
HVOfIntermedidatePopPSL: DoubleSummaryStatistics{count=1000, sum=830.633605, min=0.000000, average=0.830634, max=0.968123}
preferenceDiversityPopAll: DoubleSummaryStatistics{count=1000, sum=2.247027, min=0.000000, average=0.002247, max=0.088094}
Genotype diversity: 1.0
Entropy diversity: 6.827283383360546
PC diversity: 0.983
MPSLGP top 5 HV by task at generation 47:
  Task 0: #1 ind=95 HV=0.9650699933118326; #2 ind=96 HV=0.9568134578844361; #3 ind=6 HV=0.9527567746597178; #4 ind=7 HV=0.9515639019026754; #5 ind=201 HV=0.947618832944098
  Task 1: #1 ind=0 HV=0.9681232038353306; #2 ind=1 HV=0.9639381178348081; #3 ind=2 HV=0.9630687749078802; #4 ind=3 HV=0.9594931843425881; #5 ind=4 HV=0.9586364842278403

Pareto Front of Subpopulation 47
Objective 0: [5040.4144631496165, 5084.2394624593435, 5119.845058301929, 5134.650104754954, 5344.47167176957, 5360.410976539657, 5378.538177432667, 5474.881423974177, 5515.240351964952, 5550.2232271211105, 5886.6876942288945, 5976.850823363173, 6207.105725160218, 6219.97782226291, 6349.958835295518]
Objective 1: [2609.0410168878443, 2199.049837624887, 1713.8269634778553, 1644.2342655136745, 1525.2257222911576, 1510.6409352264309, 1428.5710067263426, 1366.177887350641, 1295.280496783249, 1245.540741674442, 1239.2507141571114, 1147.9121351514477, 1137.783672036836, 1129.8496050818358, 1115.0246715699905]
2
duration: 147.0
MPSLGP task 0 best fitness of generation Fitness: [5360.410976539657 1510.6409352264309]
MPSLGP task 1 best fitness of generation Fitness: [5550.2232271211105 1245.540741674442]
Generation 47 elapsed 147.0 seconds.
Generation 48
Preselection cleared number: 1762
MPSLGP task-balanced survival counts: [task 0=500, task 1=500]
Subpop 0 reduced 5000 -> 1000
ideal points: [4530.146139870712, 1001.8651537450074]
nadir points: [6435.771692740556, 1824.3121916852688]
max objectives: [145362.79368371953, 144966.79368371953]
min objectives: [5033.495710967458, 1113.1835041611193]
HVOfIntermedidatePopPSL: DoubleSummaryStatistics{count=1000, sum=978.212998, min=0.000000, average=0.978213, max=0.996927}
preferenceDiversityPopAll: DoubleSummaryStatistics{count=1000, sum=1.661381, min=0.000000, average=0.001661, max=0.038332}
Genotype diversity: 1.0
Entropy diversity: 6.902210101537775
PC diversity: 0.99
MPSLGP top 5 HV by task at generation 48:
  Task 0: #1 ind=39 HV=0.9969265932082269; #2 ind=1 HV=0.9968135310743094; #3 ind=69 HV=0.9953691307144118; #4 ind=21 HV=0.9949597159709446; #5 ind=7 HV=0.9948190998213668
  Task 1: #1 ind=0 HV=0.9968157025202941; #2 ind=2 HV=0.9963618189499001; #3 ind=17 HV=0.9960426949836038; #4 ind=18 HV=0.9954780661254121; #5 ind=19 HV=0.995399676428366

Pareto Front of Subpopulation 48
Objective 0: [5033.495710967458, 5064.962460504612, 5151.623716476024, 5275.756955972931, 5539.961150238407, 5551.873241925205, 5557.75725327339, 5559.24041974009, 5670.650086861686, 5694.730662248912, 5788.485363721789, 5856.226531414955, 6211.8310899279895, 6221.092426849529, 6249.431256426498, 6321.753773713426, 6435.771692740556]
Objective 1: [1824.3121916852688, 1732.472579675261, 1495.6345949282404, 1321.2544176012889, 1297.413799910748, 1277.3243733891577, 1259.4383619026921, 1241.976514514623, 1238.9397383797768, 1211.695953728995, 1211.3992250734882, 1179.9675843453006, 1174.0689504942857, 1171.6166111919883, 1145.8378287581, 1130.0906081822177, 1113.1835041611193]
MPSLGP task 0 best fitness of generation Fitness: [5064.962460504612 1732.472579675261]
MPSLGP task 1 best fitness of generation Fitness: [5275.756955972931 1321.2544176012889]
2
duration: 149.0
Generation 48 elapsed 149.0 seconds.
Generation 49
Preselection cleared number: 1967
MPSLGP task-balanced survival counts: [task 0=500, task 1=500]
Subpop 0 reduced 5000 -> 1000
ideal points: [4413.6851267005495, 999.6026279243175]
nadir points: [6220.5192832379835, 3960.246734601329]
max objectives: [36386.92919804895, 9849.559874588624]
min objectives: [4904.094585222832, 1110.669586582575]
HVOfIntermedidatePopPSL: DoubleSummaryStatistics{count=1000, sum=847.131447, min=0.000000, average=0.847131, max=0.971541}
preferenceDiversityPopAll: DoubleSummaryStatistics{count=1000, sum=1.608661, min=0.000000, average=0.001609, max=0.086097}
Genotype diversity: 1.0
Entropy diversity: 6.869422182006519
PC diversity: 0.991
MPSLGP top 5 HV by task at generation 49:
  Task 0: #1 ind=134 HV=0.9562919661893681; #2 ind=9 HV=0.950201028191389; #3 ind=10 HV=0.9474488567983844; #4 ind=12 HV=0.9466215268971016; #5 ind=75 HV=0.9441987026281174
  Task 1: #1 ind=0 HV=0.9715410384070635; #2 ind=1 HV=0.9708411582863903; #3 ind=2 HV=0.9671482742519439; #4 ind=20 HV=0.9665848528055604; #5 ind=21 HV=0.9662307674643502

Pareto Front of Subpopulation 49
Objective 0: [4904.094585222832, 4957.500641584222, 5001.749105628289, 5012.455289056874, 5044.335555898317, 5092.832435642835, 5100.3709926120355, 5118.762103772315, 5129.8890147275815, 5316.313258340757, 5316.704436536529, 5330.181995906867, 5361.806007448729, 5376.722096901969, 5482.557302310946, 5492.989168058208, 5799.896687992965, 5894.403610434965, 6073.664277347038, 6220.5192832379835]
Objective 1: [3960.246734601329, 1756.6416213765624, 1700.9802446435206, 1661.6366434442753, 1637.858030541669, 1610.149260483653, 1563.0228811833804, 1557.483248538978, 1484.582701320047, 1480.9412189056457, 1456.2048889003054, 1305.2034509495425, 1298.8173373555474, 1234.9387206966348, 1233.362178110081, 1204.4314074218855, 1171.1473528569913, 1146.7305590345059, 1139.206591907132, 1110.669586582575]
2
duration: 145.0
MPSLGP task 0 best fitness of generation Fitness: [5129.8890147275815 1484.582701320047]
MPSLGP task 1 best fitness of generation Fitness: [5492.989168058208 1204.4314074218855]
Generation 49 elapsed 145.0 seconds.
Generation 50
Preselection cleared number: 1871
MPSLGP task-balanced survival counts: [task 0=500, task 1=500]
Subpop 0 reduced 5000 -> 1000
ideal points: [4567.934894439782, 1068.239565220874]
nadir points: [6912.290628394112, 1992.0507487089053]
max objectives: [60948.436038182524, 14709.109009545631]
min objectives: [5075.483216044202, 1186.9328502454155]
HVOfIntermedidatePopPSL: DoubleSummaryStatistics{count=1000, sum=899.876992, min=0.000000, average=0.899877, max=0.980301}
preferenceDiversityPopAll: DoubleSummaryStatistics{count=1000, sum=1.782431, min=0.000000, average=0.001782, max=0.052644}
Genotype diversity: 1.0
Entropy diversity: 6.899437512815535
PC diversity: 0.982
MPSLGP top 5 HV by task at generation 50:
  Task 0: #1 ind=36 HV=0.9779488155433046; #2 ind=40 HV=0.9675349146694413; #3 ind=94 HV=0.9642450207026736; #4 ind=97 HV=0.9632959020499354; #5 ind=10 HV=0.9607985497992335
  Task 1: #1 ind=0 HV=0.9803007852337215; #2 ind=1 HV=0.9802565575026461; #3 ind=2 HV=0.9795052127920459; #4 ind=3 HV=0.9754751217029242; #5 ind=4 HV=0.9744474194293544

Pareto Front of Subpopulation 50
Objective 0: [5075.483216044202, 5105.197996341914, 5346.071417348867, 5410.432451633387, 5612.790320020984, 5751.121402041696, 6017.598412654304, 6121.1550032382365, 6365.052242863632, 6534.621724451892, 6685.120765673462, 6836.747720710002, 6912.290628394112]
Objective 1: [1992.0507487089053, 1722.25651681413, 1649.1415661938809, 1372.7555486743222, 1331.8126213817595, 1284.9427375160012, 1283.7879201574688, 1271.3764261576434, 1219.7153236636077, 1207.796644021335, 1200.4534881170548, 1196.6484127452131, 1186.9328502454155]
MPSLGP task 0 best fitness of generation Fitness: [5346.071417348867 1649.1415661938809]
MPSLGP task 1 best fitness of generation Fitness: [5751.121402041696 1284.9427375160012]
1
duration: 147.0
Generation 50 elapsed 147.0 seconds.
The whole program elapsed 5883.0 seconds.

进程已结束，退出代码为 0
