C:\Users\xumen\.jdks\openjdk-26.0.1\bin\java.exe --add-opens java.base/java.lang=ALL-UNNAMED "-javaagent:C:\Program Files\JetBrains\IntelliJ IDEA 2026.1.1\lib\idea_rt.jar=59759" -Dfile.encoding=UTF-8 -Dsun.stdout.encoding=UTF-8 -Dsun.stderr.encoding=UTF-8 -classpath D:\javaProject\GPDFJSS-MENG\out\production\GPDFJSS-MENG;D:\javaProject\GPDFJSS-MENG\libraries\weka.jar;D:\javaProject\GPDFJSS-MENG\libraries\itext-1.2.jar;D:\javaProject\GPDFJSS-MENG\libraries\EJML-dense64-0.27.jar;D:\javaProject\GPDFJSS-MENG\libraries\commons-lang3-3.4.jar;D:\javaProject\GPDFJSS-MENG\libraries\Jama-1.0.3.jar;D:\javaProject\GPDFJSS-MENG\libraries\commons-math3-3.5.jar;D:\javaProject\GPDFJSS-MENG\libraries\okio-1.17.5.jar;D:\javaProject\GPDFJSS-MENG\libraries\jfreechart-1.0.19.jar;D:\javaProject\GPDFJSS-MENG\libraries\commons-lang3-3.4-javadoc.jar;D:\javaProject\GPDFJSS-MENG\libraries\EJML-core-0.27.jar;D:\javaProject\GPDFJSS-MENG\libraries\okio-jvm-3.9.1.jar;D:\javaProject\GPDFJSS-MENG\libraries\EJML-simple-0.27.jar;D:\javaProject\GPDFJSS-MENG\libraries\okhttp-3.14.9.jar;D:\javaProject\GPDFJSS-MENG\libraries\json-20240303.jar;D:\javaProject\GPDFJSS-MENG\libraries\kotlin-stdlib-2.1.0-RC2.jar;D:\javaProject\GPDFJSS-MENG\libraries\okhttp-5.0.0-alpha.14.jar;D:\javaProject\GPDFJSS-MENG\libraries\commons-math3-3.5-javadoc.jar;D:\javaProject\GPDFJSS-MENG\libraries\jzlib-1.0.7.jar;D:\javaProject\GPDFJSS-MENG\libraries\jcommon-1.0.23.jar;D:\javaProject\GPDFJSS-MENG\libraries\pshecj.jar;D:\javaProject\GPDFJSS-MENG\libraries\okio-3.9.1.jar yimei.jss.gp.GPMain

| ECJ
| An evolutionary computation system (version 23)
| By Sean Luke
| Contributors: L. Panait, G. Balan, S. Paus, Z. Skolicki, R. Kicinger,
|               E. Popovici, K. Sullivan, J. Harrison, J. Bassett, R. Hubley,
|               A. Desai, A. Chircop, J. Compton, W. Haddon, S. Donnelly,
|               B. Jamil, J. Zelibor, E. Kangas, F. Abidi, H. Mooers,
|               J. O'Beirne, L. Manzoni, K. Talukder, and J. McDermott
| URL: http://cs.gmu.edu/~eclab/projects/ecj/
| Mail: ecj-help@cs.gmu.edu
|       (better: join ECJ-INTEREST at URL above)
| Date: June 15, 2015
| Current Java: 26.0.1 / OpenJDK 64-Bit Server VM-26.0.1+8-34
| Required Minimum Java: 1.5


Threads:  breed/1 eval/1
Seed: 22
Job: 0
Setting up
Processing GP Types
Processing GP Node Constraints
Processing GP Function Sets
No GPFunctionSet specified, assuming the default class: ec.gp.GPFunctionSet for gp.fs.0
Processing GP Tree Constraints
WARNING:
You're using elitism with NSGA2Breeder, which is not permitted and will be ignored.  However the reevaluate-elites parameter *will* bre recognized by NSGAEvaluator.
PARAMETER: breed.elite.0
Initializing Generation 0
ideal points: [7123.57030612483, 1285.8026403756478]
nadir points: [8354.678401669546, 2249.9589085114276]
max objectives: [636323.1603378257, 161465.13104757224]
min objectives: [7915.078117916477, 1428.6696004173864]
HVOfIntermedidatePopPSL: DoubleSummaryStatistics{count=1000, sum=506.093698, min=0.000000, average=0.506094, max=0.999293}
preferenceDiversityPopAll: DoubleSummaryStatistics{count=1000, sum=7.836908, min=0.000000, average=0.007837, max=0.119553}
Genotype diversity: 1.0
Entropy diversity: 4.0041320041762045
PC diversity: 0.874
MPSLGP top 5 HV by task at generation 0:
  Task 0: #1 ind=0 HV=0.9992926209137032; #2 ind=28 HV=0.998489191688891; #3 ind=9 HV=0.9981187947364404; #4 ind=22 HV=0.9974436560152994; #5 ind=48 HV=0.997223482623588
  Task 1: #1 ind=1 HV=0.9983649218861556; #2 ind=6 HV=0.9982504685714467; #3 ind=2 HV=0.9977795614725902; #4 ind=12 HV=0.9977115912015195; #5 ind=3 HV=0.9975979812335855
  Task 2: #1 ind=5 HV=0.9982592761977201; #2 ind=7 HV=0.9980943599020544; #3 ind=10 HV=0.9978400311125198; #4 ind=11 HV=0.9977250936995147; #5 ind=16 HV=0.9975711857102159

Pareto Front of Subpopulation 0
Objective 0: [7915.078117916477, 8015.29053020585, 8241.03415611951, 8347.921036216721, 8354.678401669546]
Objective 1: [2249.9589085114276, 1782.618033545783, 1697.3988324943857, 1577.7094180288332, 1428.6696004173864]
MPSLGP task 0 best fitness of generation Fitness: [8354.678401669546 1428.6696004173864]
MPSLGP task 1 best fitness of generation Fitness: [8347.921036216721 1577.7094180288332]
MPSLGP task 2 best fitness of generation Fitness: [7915.078117916477 2249.9589085114276]
2
duration: 36.0
Generation 0 elapsed 36.0 seconds.
Generation 1
Preselection cleared number: 1745
MPSLGP task-balanced survival counts: [task 0=334, task 1=333, task 2=333]
Subpop 0 reduced 5000 -> 1000
ideal points: [5862.817587860918, 1141.7725411016836]
nadir points: [7702.048361724417, 3279.7461589607337]
max objectives: [659241.0984852815, 164150.27462132036]
min objectives: [6514.241764289909, 1268.6361567796484]
HVOfIntermedidatePopPSL: DoubleSummaryStatistics{count=1000, sum=927.431314, min=0.000000, average=0.927431, max=0.998173}
preferenceDiversityPopAll: DoubleSummaryStatistics{count=1000, sum=8.011883, min=0.000000, average=0.008012, max=0.128586}
Genotype diversity: 1.0
Entropy diversity: 6.561668658466779
PC diversity: 0.958
MPSLGP top 5 HV by task at generation 1:
  Task 0: #1 ind=0 HV=0.9981725848047073; #2 ind=18 HV=0.9981695058058718; #3 ind=5 HV=0.9975056244900397; #4 ind=97 HV=0.9974232969232685; #5 ind=2 HV=0.9973853100737549
  Task 1: #1 ind=14 HV=0.9962287337029284; #2 ind=19 HV=0.9962207158274318; #3 ind=26 HV=0.9959596061030476; #4 ind=31 HV=0.9957518625175477; #5 ind=32 HV=0.9956575788448924
  Task 2: #1 ind=1 HV=0.9978069590861369; #2 ind=101 HV=0.9969898627518977; #3 ind=11 HV=0.9968138460831384; #4 ind=29 HV=0.9964308010461865; #5 ind=181 HV=0.9963955046827748

Pareto Front of Subpopulation 1
Objective 0: [6514.241764289909, 7065.018354227999, 7210.315997358761, 7686.383611392579, 7702.048361724417]
Objective 1: [3279.7461589607337, 3006.5276022879407, 1449.846117717345, 1398.5227407329076, 1268.6361567796484]
2
duration: 61.0
MPSLGP task 0 best fitness of generation Fitness: [7702.048361724417 1268.6361567796484]
MPSLGP task 1 best fitness of generation Fitness: [7065.018354227999 3006.5276022879407]
MPSLGP task 2 best fitness of generation Fitness: [7210.315997358761 1449.846117717345]
Generation 1 elapsed 61.0 seconds.
Generation 2
Preselection cleared number: 1747
MPSLGP task-balanced survival counts: [task 0=334, task 1=333, task 2=333]
Subpop 0 reduced 5000 -> 1000
ideal points: [5047.3923976057795, 1165.8531293681226]
nadir points: [7517.138223684218, 3745.3177190518763]
max objectives: [194326.20388707815, 157661.37516237475]
min objectives: [5608.213775117532, 1295.3923659645807]
HVOfIntermedidatePopPSL: DoubleSummaryStatistics{count=1000, sum=877.286465, min=0.000000, average=0.877286, max=0.990832}
preferenceDiversityPopAll: DoubleSummaryStatistics{count=1000, sum=6.080616, min=0.000000, average=0.006081, max=0.107422}
Genotype diversity: 1.0
Entropy diversity: 6.355338381503122
PC diversity: 0.941
MPSLGP top 5 HV by task at generation 2:
  Task 0: #1 ind=0 HV=0.9907770012337499; #2 ind=2 HV=0.9900123597270831; #3 ind=3 HV=0.9898652189173206; #4 ind=4 HV=0.9897580529925065; #5 ind=5 HV=0.9897376658308507
  Task 1: #1 ind=11 HV=0.9908318348352155; #2 ind=1 HV=0.9904577681525881; #3 ind=14 HV=0.9894428853963941; #4 ind=6 HV=0.9893808842664988; #5 ind=435 HV=0.9877594807506975
  Task 2: #1 ind=143 HV=0.9899871558786765; #2 ind=232 HV=0.9882044187517319; #3 ind=233 HV=0.9877079369176781; #4 ind=47 HV=0.9872948409778298; #5 ind=9 HV=0.9869454385558446

Pareto Front of Subpopulation 2
Objective 0: [5608.213775117532, 5867.029213491478, 6273.854714682675, 7102.309163111146, 7146.390523939801, 7195.9959140443825, 7232.727574634249, 7330.137416750367, 7409.644760769559, 7456.870223113161, 7517.138223684218]
Objective 1: [3745.3177190518763, 2947.821505082771, 2614.406043655603, 2188.4098178199347, 1677.2872082017857, 1464.2906041905226, 1447.0171420309634, 1440.303885332978, 1392.1741449308174, 1307.476862716081, 1295.3923659645807]
2
duration: 58.0
MPSLGP task 0 best fitness of generation Fitness: [7232.727574634249 1447.0171420309634]
MPSLGP task 1 best fitness of generation Fitness: [7195.9959140443825 1464.2906041905226]
MPSLGP task 2 best fitness of generation Fitness: [7102.309163111146 2188.4098178199347]
Generation 2 elapsed 58.0 seconds.
Generation 3
Preselection cleared number: 1876
MPSLGP task-balanced survival counts: [task 0=334, task 1=333, task 2=333]
Subpop 0 reduced 5000 -> 1000
ideal points: [5090.080076358514, 1247.8132324106032]
nadir points: [7799.274783766043, 4299.137893599262]
max objectives: [74325.02358385199, 73665.02358385199]
min objectives: [5655.644529287238, 1386.4591471228923]
HVOfIntermedidatePopPSL: DoubleSummaryStatistics{count=1000, sum=870.353121, min=0.000000, average=0.870353, max=0.978301}
preferenceDiversityPopAll: DoubleSummaryStatistics{count=1000, sum=4.671923, min=0.000000, average=0.004672, max=0.071865}
Genotype diversity: 1.0
Entropy diversity: 6.669122934402324
PC diversity: 0.941
MPSLGP top 5 HV by task at generation 3:
  Task 0: #1 ind=0 HV=0.9744245137733828; #2 ind=1 HV=0.9733267900535495; #3 ind=10 HV=0.9722294872847308; #4 ind=2 HV=0.9713150297307216; #5 ind=3 HV=0.9702251167110726
  Task 1: #1 ind=22 HV=0.97830062952556; #2 ind=9 HV=0.9754819846437992; #3 ind=23 HV=0.9671954025139814; #4 ind=16 HV=0.9639328363622954; #5 ind=38 HV=0.961351901299869
  Task 2: #1 ind=164 HV=0.9631956875534595; #2 ind=320 HV=0.9630563263867871; #3 ind=244 HV=0.960944351405579; #4 ind=30 HV=0.960625036646059; #5 ind=281 HV=0.9600816001644801

Pareto Front of Subpopulation 3
Objective 0: [5655.644529287238, 5753.257720458903, 5875.2334408797615, 6241.722382954205, 6343.075376017368, 6590.705125475652, 7177.376730017539, 7365.6541490107775, 7799.274783766043]
Objective 1: [4299.137893599262, 3344.086191074035, 3074.83124619475, 3025.7402706722205, 2992.388973622925, 2764.5143328565755, 1943.2895736462378, 1432.328570669837, 1386.4591471228923]
2
duration: 61.0
MPSLGP task 0 best fitness of generation Fitness: [7365.6541490107775 1432.328570669837]
MPSLGP task 1 best fitness of generation Fitness: [6946.640223274066 2919.3200367249156]
MPSLGP task 2 best fitness of generation Fitness: [7374.309869675781 2392.587811463578]
Generation 3 elapsed 61.0 seconds.
Generation 4
Preselection cleared number: 2196
MPSLGP task-balanced survival counts: [task 0=334, task 1=333, task 2=333]
Subpop 0 reduced 5000 -> 1000
ideal points: [4785.924193564884, 1099.54477727677]
nadir points: [7526.865676785645, 2737.725390855434]
max objectives: [195305.8706652139, 126130.76327739217]
min objectives: [5317.693548405427, 1221.7164191964112]
HVOfIntermedidatePopPSL: DoubleSummaryStatistics{count=1000, sum=941.420664, min=0.000000, average=0.941421, max=0.995821}
preferenceDiversityPopAll: DoubleSummaryStatistics{count=1000, sum=5.301253, min=0.000000, average=0.005301, max=0.110389}
Genotype diversity: 1.0
Entropy diversity: 6.77710846432993
PC diversity: 0.929
MPSLGP top 5 HV by task at generation 4:
  Task 0: #1 ind=0 HV=0.9929706682696218; #2 ind=1 HV=0.9922466500804473; #3 ind=9 HV=0.9918806338184869; #4 ind=10 HV=0.9915940763284451; #5 ind=23 HV=0.9908690722103111
  Task 1: #1 ind=8 HV=0.9958211927429053; #2 ind=49 HV=0.9944116420811293; #3 ind=22 HV=0.9920079388405078; #4 ind=182 HV=0.9911716110642778; #5 ind=183 HV=0.9911409933001739
  Task 2: #1 ind=16 HV=0.9884306107536633; #2 ind=110 HV=0.985298624634493; #3 ind=44 HV=0.985248483743189; #4 ind=369 HV=0.9850815605154148; #5 ind=46 HV=0.9847084987091659

Pareto Front of Subpopulation 4
Objective 0: [5317.693548405427, 5527.889809801854, 5986.355113529862, 6183.065920013556, 6266.331057653995, 6619.108358617057, 7115.605482662417, 7526.865676785645]
Objective 1: [2737.725390855434, 2223.202421189766, 2211.0977904107203, 2191.422440940267, 1561.634505383372, 1239.316463358693, 1227.235760180265, 1221.7164191964112]
2
duration: 61.0
MPSLGP task 0 best fitness of generation Fitness: [6619.108358617057 1239.316463358693]
MPSLGP task 1 best fitness of generation Fitness: [5986.355113529862 2211.0977904107203]
MPSLGP task 2 best fitness of generation Fitness: [6411.621687173843 1927.2574137512274]
Generation 4 elapsed 61.0 seconds.
Generation 5
Preselection cleared number: 2070
MPSLGP task-balanced survival counts: [task 0=334, task 1=333, task 2=333]
Subpop 0 reduced 5000 -> 1000
ideal points: [4794.843936149043, 1092.6183381122196]
nadir points: [6876.3718307712115, 4478.2993021872535]
max objectives: [206595.97103145064, 56545.13851690823]
min objectives: [5327.604373498936, 1214.020375680244]
HVOfIntermedidatePopPSL: DoubleSummaryStatistics{count=1000, sum=930.488697, min=0.000000, average=0.930489, max=0.995470}
preferenceDiversityPopAll: DoubleSummaryStatistics{count=1000, sum=5.687938, min=0.000000, average=0.005688, max=0.113471}
Genotype diversity: 1.0
Entropy diversity: 6.768606138769932
PC diversity: 0.919
MPSLGP top 5 HV by task at generation 5:
  Task 0: #1 ind=1 HV=0.9930706653122563; #2 ind=2 HV=0.9922821381730349; #3 ind=17 HV=0.9900460316602377; #4 ind=18 HV=0.9899795649261736; #5 ind=19 HV=0.9897618449829716
  Task 1: #1 ind=0 HV=0.9954697424119879; #2 ind=15 HV=0.9934819179969006; #3 ind=16 HV=0.9932356443259449; #4 ind=55 HV=0.9919981031375952; #5 ind=3 HV=0.9902017178491574
  Task 2: #1 ind=22 HV=0.9869897283818575; #2 ind=5 HV=0.9862117851007136; #3 ind=41 HV=0.9842405788416618; #4 ind=82 HV=0.9830123456292577; #5 ind=6 HV=0.9828058673798362

Pareto Front of Subpopulation 5
Objective 0: [5327.604373498936, 5479.608299956948, 5505.972684677341, 5570.442214918963, 5580.15983495384, 5622.1431319745025, 5674.541006297746, 6002.867710434832, 6008.599580743292, 6199.060024659091, 6207.735479124938, 6222.869414537447, 6225.88198895962, 6556.742965050071, 6876.3718307712115]
Objective 1: [4478.2993021872535, 3587.189320460944, 3411.6981644287443, 3209.5578758603515, 3168.8427737139064, 2570.5742488926408, 2489.879886893992, 2315.445668504399, 2284.8068228112315, 2128.246905262815, 1920.325723343536, 1728.1179952453167, 1637.5541548793262, 1257.259959574556, 1214.020375680244]
2
duration: 63.0
MPSLGP task 0 best fitness of generation Fitness: [6556.742965050071 1257.259959574556]
MPSLGP task 1 best fitness of generation Fitness: [5479.608299956948 3587.189320460944]
MPSLGP task 2 best fitness of generation Fitness: [6222.869414537447 1728.1179952453167]
Generation 5 elapsed 63.0 seconds.
Generation 6
Preselection cleared number: 2178
MPSLGP task-balanced survival counts: [task 0=334, task 1=333, task 2=333]
Subpop 0 reduced 5000 -> 1000
ideal points: [4863.97692630365, 1056.7446402050134]
nadir points: [6923.574581053079, 3235.197172501459]
max objectives: [82629.38209568689, 59095.86104882223]
min objectives: [5404.4188070040545, 1174.1607113389036]
HVOfIntermedidatePopPSL: DoubleSummaryStatistics{count=1000, sum=900.988006, min=0.000000, average=0.900988, max=0.992268}
preferenceDiversityPopAll: DoubleSummaryStatistics{count=1000, sum=4.981428, min=0.000000, average=0.004981, max=0.089637}
Genotype diversity: 1.0
Entropy diversity: 6.730160580200881
PC diversity: 0.952
MPSLGP top 5 HV by task at generation 6:
  Task 0: #1 ind=2 HV=0.9849171969987428; #2 ind=3 HV=0.9838472016200964; #3 ind=4 HV=0.9827389879687402; #4 ind=5 HV=0.9825768938427877; #5 ind=14 HV=0.9810449731601144
  Task 1: #1 ind=11 HV=0.9922682835332218; #2 ind=0 HV=0.9914244241375277; #3 ind=12 HV=0.9909925908744293; #4 ind=47 HV=0.988348696014854; #5 ind=74 HV=0.9861116417027705
  Task 2: #1 ind=1 HV=0.9877822797700084; #2 ind=13 HV=0.9825045361024111; #3 ind=27 HV=0.9813773546121131; #4 ind=18 HV=0.97953627033054; #5 ind=49 HV=0.9794946751934794

Pareto Front of Subpopulation 6
Objective 0: [5404.4188070040545, 5550.714587581373, 5571.587977377756, 5622.155508572585, 5686.448692025209, 6172.388659762015, 6279.315802006342, 6422.771690135531, 6443.183060162293, 6688.271669521579, 6923.574581053079]
Objective 1: [3235.197172501459, 2752.328455183495, 2171.8302258524927, 2107.949510648905, 1660.0506401529565, 1641.0847372724238, 1448.112584786999, 1406.3823373944324, 1264.7516553602618, 1217.7088302427146, 1174.1607113389036]
2
duration: 67.0
MPSLGP task 0 best fitness of generation Fitness: [6443.183060162293 1264.7516553602618]
MPSLGP task 1 best fitness of generation Fitness: [5404.4188070040545 3235.197172501459]
MPSLGP task 2 best fitness of generation Fitness: [5686.448692025209 1660.0506401529565]
Generation 6 elapsed 67.0 seconds.
Generation 7
Preselection cleared number: 1976
MPSLGP task-balanced survival counts: [task 0=334, task 1=333, task 2=333]
Subpop 0 reduced 5000 -> 1000
ideal points: [4786.925775279373, 1112.1957695233825]
nadir points: [6752.658847634855, 3982.735305713053]
max objectives: [166038.85607447283, 58850.321651734055]
min objectives: [5318.8064169770805, 1235.7730772482028]
HVOfIntermedidatePopPSL: DoubleSummaryStatistics{count=1000, sum=918.966087, min=0.000000, average=0.918966, max=0.993330}
preferenceDiversityPopAll: DoubleSummaryStatistics{count=1000, sum=4.998538, min=0.000000, average=0.004999, max=0.088467}
Genotype diversity: 1.0
Entropy diversity: 6.736319613479582
PC diversity: 0.95
MPSLGP top 5 HV by task at generation 7:
  Task 0: #1 ind=0 HV=0.9933300069116211; #2 ind=1 HV=0.9910552594234925; #3 ind=2 HV=0.9908419875118063; #4 ind=12 HV=0.9899607803748295; #5 ind=50 HV=0.9897696723838897
  Task 1: #1 ind=9 HV=0.9929617944458008; #2 ind=10 HV=0.9918410622250459; #3 ind=11 HV=0.9916565241836353; #4 ind=49 HV=0.9914420771254151; #5 ind=3 HV=0.9897895984246233
  Task 2: #1 ind=73 HV=0.9887831658190743; #2 ind=34 HV=0.9867872606557516; #3 ind=60 HV=0.9846375787686772; #4 ind=142 HV=0.9816641839561939; #5 ind=39 HV=0.9813745935700026

Pareto Front of Subpopulation 7
Objective 0: [5318.8064169770805, 5351.578943006927, 5495.558269775851, 5679.390540317108, 5771.573786365567, 5876.400079462328, 5980.9006725941435, 6687.705530227395, 6752.658847634855]
Objective 1: [3982.735305713053, 3518.4108830289333, 3426.2658163153683, 2913.655607772889, 2215.0930846014235, 1620.1427067515178, 1379.2705880852154, 1270.297395113157, 1235.7730772482028]
2
duration: 69.0
MPSLGP task 0 best fitness of generation Fitness: [5980.9006725941435 1379.2705880852154]
MPSLGP task 1 best fitness of generation Fitness: [5876.400079462328 1620.1427067515178]
MPSLGP task 2 best fitness of generation Fitness: [5979.787734934769 2362.4782983810146]
Generation 7 elapsed 69.0 seconds.
Generation 8
Preselection cleared number: 1950
MPSLGP task-balanced survival counts: [task 0=334, task 1=333, task 2=333]
Subpop 0 reduced 5000 -> 1000
ideal points: [4788.402287536987, 1199.1433132182342]
nadir points: [7168.608299008105, 3692.0717835772957]
max objectives: [142303.978435238, 142237.978435238]
min objectives: [5320.446986152208, 1332.3814591313712]
HVOfIntermedidatePopPSL: DoubleSummaryStatistics{count=1000, sum=957.928183, min=0.000000, average=0.957928, max=0.995720}
preferenceDiversityPopAll: DoubleSummaryStatistics{count=1000, sum=4.596255, min=0.000000, average=0.004596, max=0.075807}
Genotype diversity: 1.0
Entropy diversity: 6.813340708465852
PC diversity: 0.934
MPSLGP top 5 HV by task at generation 8:
  Task 0: #1 ind=0 HV=0.9957203623198436; #2 ind=1 HV=0.994563159388363; #3 ind=14 HV=0.9928543023882018; #4 ind=2 HV=0.9924043546278943; #5 ind=133 HV=0.9921925704130095
  Task 1: #1 ind=13 HV=0.9948435723583665; #2 ind=131 HV=0.9933393506432519; #3 ind=132 HV=0.9925789269336852; #4 ind=86 HV=0.9921998999895039; #5 ind=15 HV=0.9921447359332336
  Task 2: #1 ind=368 HV=0.9913731225525068; #2 ind=87 HV=0.9912709942241095; #3 ind=70 HV=0.9880228631407804; #4 ind=200 HV=0.987571221740466; #5 ind=135 HV=0.9874300415432324

Pareto Front of Subpopulation 8
Objective 0: [5320.446986152208, 5341.967725003255, 5590.512950677075, 5711.262630805839, 5765.797537745209, 5812.650732655893, 5885.496898665209, 6471.7061544132885, 6825.112108481, 7077.789923605393, 7088.051962592639, 7130.601377775893, 7168.608299008105]
Objective 1: [3692.0717835772957, 2356.60590143429, 2152.616722018196, 2053.0837093777664, 1975.2531319496047, 1912.9689447791898, 1503.8571180506115, 1459.7808821905928, 1436.9730610478437, 1396.0639753997093, 1385.0899153503415, 1374.900854716252, 1332.3814591313712]
2
duration: 73.0
MPSLGP task 0 best fitness of generation Fitness: [5812.650732655893 1912.9689447791898]
MPSLGP task 1 best fitness of generation Fitness: [6471.7061544132885 1459.7808821905928]
MPSLGP task 2 best fitness of generation Fitness: [6231.170107100508 1931.7795904349769]
Generation 8 elapsed 73.0 seconds.
Generation 9
Preselection cleared number: 1984
MPSLGP task-balanced survival counts: [task 0=334, task 1=333, task 2=333]
Subpop 0 reduced 5000 -> 1000
ideal points: [4727.523887746523, 954.7832553397457]
nadir points: [6342.214928074798, 3188.228016215493]
max objectives: [100804.98641083352, 50847.90822886086]
min objectives: [5252.804319718358, 1060.8702837108285]
HVOfIntermedidatePopPSL: DoubleSummaryStatistics{count=1000, sum=930.417760, min=0.000000, average=0.930418, max=0.993555}
preferenceDiversityPopAll: DoubleSummaryStatistics{count=1000, sum=4.640078, min=0.000000, average=0.004640, max=0.084102}
Genotype diversity: 1.0
Entropy diversity: 6.78856057705518
PC diversity: 0.951
MPSLGP top 5 HV by task at generation 9:
  Task 0: #1 ind=0 HV=0.993554933327478; #2 ind=1 HV=0.9930897616879235; #3 ind=2 HV=0.9927876295121765; #4 ind=21 HV=0.9925022293649434; #5 ind=38 HV=0.9918566933684703
  Task 1: #1 ind=37 HV=0.9921687551573743; #2 ind=22 HV=0.9915195643279107; #3 ind=9 HV=0.9914878925925392; #4 ind=10 HV=0.9913705051461871; #5 ind=11 HV=0.9912156302844625
  Task 2: #1 ind=45 HV=0.9854971164733856; #2 ind=137 HV=0.9821649711539048; #3 ind=72 HV=0.9819475416435997; #4 ind=449 HV=0.9797364410904613; #5 ind=195 HV=0.979460547119262

Pareto Front of Subpopulation 9
Objective 0: [5252.804319718358, 5256.309802466683, 5258.230798289849, 5431.891533908842, 5614.725806466886, 5643.298379052052, 6070.169226222846, 6267.8262580235605, 6342.214928074798]
Objective 1: [3188.228016215493, 2994.4172913374496, 2155.0164956373555, 1279.8140727843784, 1227.4921941516513, 1198.998647902561, 1182.9839380617268, 1156.758994077165, 1060.8702837108285]
2
duration: 73.0
MPSLGP task 0 best fitness of generation Fitness: [5431.891533908842 1279.8140727843784]
MPSLGP task 1 best fitness of generation Fitness: [5530.1983412517 1316.8514373553917]
MPSLGP task 2 best fitness of generation Fitness: [5541.354710274958 2071.282703296878]
Generation 9 elapsed 73.0 seconds.
Generation 10
Preselection cleared number: 1948
MPSLGP task-balanced survival counts: [task 0=334, task 1=333, task 2=333]
Subpop 0 reduced 5000 -> 1000
ideal points: [4872.46881171749, 1082.7957193577793]
nadir points: [7116.335844692017, 3293.9657512956765]
max objectives: [578154.1421887496, 156600.45869676402]
min objectives: [5413.854235241655, 1203.106354841977]
HVOfIntermedidatePopPSL: DoubleSummaryStatistics{count=1000, sum=975.103876, min=0.000000, average=0.975104, max=0.998818}
preferenceDiversityPopAll: DoubleSummaryStatistics{count=1000, sum=5.554589, min=0.000000, average=0.005555, max=0.088032}
Genotype diversity: 0.985
Entropy diversity: 6.790837019700409
PC diversity: 0.897
MPSLGP top 5 HV by task at generation 10:
  Task 0: #1 ind=0 HV=0.9988182857158935; #2 ind=1 HV=0.9986883385054638; #3 ind=12 HV=0.9980653626351801; #4 ind=4 HV=0.9979783117888436; #5 ind=5 HV=0.9978358741556986
  Task 1: #1 ind=2 HV=0.9984131585849301; #2 ind=3 HV=0.9979835860506951; #3 ind=30 HV=0.9973906160488057; #4 ind=32 HV=0.9973507492760405; #5 ind=19 HV=0.997179047289903
  Task 2: #1 ind=95 HV=0.9960881356872598; #2 ind=114 HV=0.9958867530877957; #3 ind=227 HV=0.9958503565478352; #4 ind=151 HV=0.9957533789947837; #5 ind=152 HV=0.9956170773655407

Pareto Front of Subpopulation 10
Objective 0: [5413.854235241655, 5500.699981476704, 5503.372267805156, 5560.49896123691, 5709.927444475528, 5890.525586753094, 5943.327820633189, 5950.061369573581, 6144.986821355473, 6544.474302495597, 6997.688743874722, 7116.335844692017]
Objective 1: [3293.9657512956765, 1974.7428413016605, 1883.9640539780958, 1504.5719318250776, 1429.4542686418572, 1401.369860270759, 1367.8762316626962, 1260.2344495695434, 1248.8456348846812, 1236.1987673900876, 1209.208635796167, 1203.106354841977]
2
duration: 80.0
MPSLGP task 0 best fitness of generation Fitness: [5503.372267805156 1883.9640539780958]
MPSLGP task 1 best fitness of generation Fitness: [6144.986821355473 1248.8456348846812]
MPSLGP task 2 best fitness of generation Fitness: [5570.314975434216 4501.268915362176]
Generation 10 elapsed 80.0 seconds.
Generation 11
Preselection cleared number: 2015
MPSLGP task-balanced survival counts: [task 0=334, task 1=333, task 2=333]
Subpop 0 reduced 5000 -> 1000
ideal points: [4792.243430135917, 1019.9767455214663]
nadir points: [6590.327864379447, 1993.80897901571]
max objectives: [36462.84946755762, 8521.712366889406]
min objectives: [5324.714922373241, 1133.3074950238515]
HVOfIntermedidatePopPSL: DoubleSummaryStatistics{count=1000, sum=803.278258, min=0.000000, average=0.803278, max=0.974894}
preferenceDiversityPopAll: DoubleSummaryStatistics{count=1000, sum=4.587950, min=0.000000, average=0.004588, max=0.074966}
Genotype diversity: 1.0
Entropy diversity: 6.811550617854455
PC diversity: 0.955
MPSLGP top 5 HV by task at generation 11:
  Task 0: #1 ind=0 HV=0.9748940044679333; #2 ind=1 HV=0.9709377988519886; #3 ind=2 HV=0.9703362374877117; #4 ind=10 HV=0.9659105556984042; #5 ind=3 HV=0.964134802556993
  Task 1: #1 ind=26 HV=0.9554896337211737; #2 ind=20 HV=0.9512750284266285; #3 ind=29 HV=0.9506350051281174; #4 ind=41 HV=0.9481411976137261; #5 ind=34 HV=0.9451955138416537
  Task 2: #1 ind=4 HV=0.9599079545897728; #2 ind=166 HV=0.9343112110022618; #3 ind=90 HV=0.9242485796298214; #4 ind=174 HV=0.9111571771691067; #5 ind=177 HV=0.909082153637287

Pareto Front of Subpopulation 11
Objective 0: [5324.714922373241, 5469.868816578237, 5532.52434715454, 5575.213465598121, 5699.340249526547, 5734.0429674607, 5770.719959024689, 6348.481590040843, 6432.7582194908755, 6590.327864379447]
Objective 1: [1993.80897901571, 1615.5679183328175, 1429.1699429249857, 1364.712496538632, 1304.463169894414, 1246.4808235001983, 1209.292635023041, 1208.7788489750892, 1165.4014066977543, 1133.3074950238515]
2
duration: 84.0
MPSLGP task 0 best fitness of generation Fitness: [5770.719959024689 1209.292635023041]
MPSLGP task 1 best fitness of generation Fitness: [6421.27859373024 1219.9854314500262]
MPSLGP task 2 best fitness of generation Fitness: [6432.7582194908755 1165.4014066977543]
Generation 11 elapsed 84.0 seconds.
Generation 12
Preselection cleared number: 1804
MPSLGP task-balanced survival counts: [task 0=334, task 1=333, task 2=333]
Subpop 0 reduced 5000 -> 1000
ideal points: [4711.300901411218, 876.3571753607132]
nadir points: [6083.033495567739, 1534.4382748401113]
max objectives: [62812.119048112596, 62218.119048112596]
min objectives: [5234.778779345797, 973.7301948452368]
HVOfIntermedidatePopPSL: DoubleSummaryStatistics{count=1000, sum=927.610691, min=0.000000, average=0.927611, max=0.997256}
preferenceDiversityPopAll: DoubleSummaryStatistics{count=1000, sum=4.893115, min=0.000000, average=0.004893, max=0.073936}
Genotype diversity: 1.0
Entropy diversity: 6.829434116035095
PC diversity: 0.948
MPSLGP top 5 HV by task at generation 12:
  Task 0: #1 ind=0 HV=0.9972557069775806; #2 ind=5 HV=0.9942018306483706; #3 ind=6 HV=0.994191349069085; #4 ind=1 HV=0.9939409657261962; #5 ind=7 HV=0.9931890108385774
  Task 1: #1 ind=20 HV=0.9913015028468664; #2 ind=37 HV=0.9909870473365594; #3 ind=55 HV=0.9892831821158772; #4 ind=56 HV=0.9891118258783029; #5 ind=57 HV=0.9888760476163787
  Task 2: #1 ind=2 HV=0.9913866668873939; #2 ind=40 HV=0.9887313671661005; #3 ind=41 HV=0.9881939264217496; #4 ind=29 HV=0.9863856868664637; #5 ind=31 HV=0.9858021915384783

Pareto Front of Subpopulation 12
Objective 0: [5234.778779345797, 5291.753316558083, 5567.479659220902, 5884.565763662627, 6083.033495567739]
Objective 1: [1534.4382748401113, 1073.0767164950812, 988.9650047830073, 987.4646928212387, 973.7301948452368]
MPSLGP task 0 best fitness of generation Fitness: [5291.753316558083 1073.0767164950812]
MPSLGP task 1 best fitness of generation Fitness: [6083.033495567739 973.7301948452368]
MPSLGP task 2 best fitness of generation Fitness: [5234.778779345797 1534.4382748401113]
Generation 12 elapsed 80.0 seconds.
Generation 13
2
duration: 80.0
Preselection cleared number: 1904
MPSLGP task-balanced survival counts: [task 0=334, task 1=333, task 2=333]
Subpop 0 reduced 5000 -> 1000
ideal points: [4596.601341370721, 1063.60386929003]
nadir points: [7223.486360387178, 2210.802397447638]
max objectives: [156532.67590573907, 156400.67590573907]
min objectives: [5107.334823745245, 1181.7820769889222]
HVOfIntermedidatePopPSL: DoubleSummaryStatistics{count=1000, sum=929.966552, min=0.000000, average=0.929967, max=0.996004}
preferenceDiversityPopAll: DoubleSummaryStatistics{count=1000, sum=6.012408, min=0.000000, average=0.006012, max=0.087933}
Genotype diversity: 1.0
Entropy diversity: 6.6741026014985305
PC diversity: 0.959
MPSLGP top 5 HV by task at generation 13:
  Task 0: #1 ind=0 HV=0.9960040724095641; #2 ind=1 HV=0.9957104142603272; #3 ind=2 HV=0.995339866294104; #4 ind=10 HV=0.9953226123003983; #5 ind=12 HV=0.9947442030427583
  Task 1: #1 ind=11 HV=0.9948153616466098; #2 ind=48 HV=0.9941857063595614; #3 ind=94 HV=0.9940519547884343; #4 ind=3 HV=0.9940215617701346; #5 ind=33 HV=0.9939466598937183
  Task 2: #1 ind=68 HV=0.9940096654486223; #2 ind=151 HV=0.9939530441002613; #3 ind=170 HV=0.9935309541723415; #4 ind=70 HV=0.9931363025873308; #5 ind=122 HV=0.993129829033991

Pareto Front of Subpopulation 13
Objective 0: [5107.334823745245, 5367.083005677705, 5465.476505507133, 5468.534769752005, 5600.817268141196, 5625.983370392001, 5940.051798311586, 6387.895577603602, 6665.046164969215, 7223.486360387178]
Objective 1: [2210.802397447638, 2136.940848218539, 2056.578470150853, 1418.250084979547, 1387.8837319200975, 1306.3314155177795, 1248.5097158172575, 1225.037565610648, 1195.445892676391, 1181.7820769889222]
2
duration: 79.0
MPSLGP task 0 best fitness of generation Fitness: [5468.534769752005 1418.250084979547]
MPSLGP task 1 best fitness of generation Fitness: [5940.051798311586 1248.5097158172575]
MPSLGP task 2 best fitness of generation Fitness: [5465.476505507133 2056.578470150853]
Generation 13 elapsed 79.0 seconds.
Generation 14
Preselection cleared number: 1931
MPSLGP task-balanced survival counts: [task 0=334, task 1=333, task 2=333]
Subpop 0 reduced 5000 -> 1000
ideal points: [4754.159136120533, 1141.7005614662296]
nadir points: [6878.199654707103, 3373.1545043650985]
max objectives: [29267.744354773895, 20782.75662298889]
min objectives: [5282.399040133925, 1268.5561794069217]
HVOfIntermedidatePopPSL: DoubleSummaryStatistics{count=1000, sum=832.833472, min=0.000000, average=0.832833, max=0.984156}
preferenceDiversityPopAll: DoubleSummaryStatistics{count=1000, sum=5.749263, min=0.000000, average=0.005749, max=0.092242}
Genotype diversity: 1.0
Entropy diversity: 6.835797218140676
PC diversity: 0.959
MPSLGP top 5 HV by task at generation 14:
  Task 0: #1 ind=0 HV=0.9841560618288855; #2 ind=1 HV=0.9825155288658495; #3 ind=3 HV=0.9800327529470767; #4 ind=4 HV=0.9798513279207245; #5 ind=5 HV=0.9792758737754386
  Task 1: #1 ind=2 HV=0.9810810472671951; #2 ind=13 HV=0.9784765541050118; #3 ind=8 HV=0.9728379790968006; #4 ind=73 HV=0.9636546576095804; #5 ind=113 HV=0.9620659813520974
  Task 2: #1 ind=155 HV=0.9354832704227845; #2 ind=157 HV=0.9350751260192087; #3 ind=158 HV=0.9346767136105829; #4 ind=179 HV=0.9337458434505059; #5 ind=181 HV=0.9316589722844968

Pareto Front of Subpopulation 14
Objective 0: [5282.399040133925, 5325.566254794248, 5483.969022159756, 5526.074890505057, 5528.172295659955, 5565.023202116194, 5584.655216878891, 5661.370805569924, 5682.98471678677, 6106.726221338729, 6462.4808314294205, 6529.675353716593, 6878.199654707103]
Objective 1: [3373.1545043650985, 1794.5722348506097, 1552.3592584099388, 1467.195265614704, 1454.8968650543684, 1423.0421205551247, 1389.8348560130398, 1364.39988063919, 1363.532660452649, 1328.0482728759089, 1319.6062683803611, 1276.216349982671, 1268.5561794069217]
MPSLGP task 0 best fitness of generation Fitness: [5483.969022159756 1552.3592584099388]
MPSLGP task 1 best fitness of generation Fitness: [5584.655216878891 1389.8348560130398]
MPSLGP task 2 best fitness of generation Fitness: [7055.720672450145 1357.4425354562263]
Generation 14 elapsed 96.0 seconds.
Generation 15
2
duration: 96.0
Preselection cleared number: 1950
MPSLGP task-balanced survival counts: [task 0=334, task 1=333, task 2=333]
Subpop 0 reduced 5000 -> 1000
ideal points: [4762.634697435285, 1027.005163611687]
nadir points: [6739.5321378259105, 2412.2585478908804]
max objectives: [85254.27923023241, 46119.503086052035]
min objectives: [5291.816330483649, 1141.11684845743]
HVOfIntermedidatePopPSL: DoubleSummaryStatistics{count=1000, sum=904.197872, min=0.000000, average=0.904198, max=0.994425}
preferenceDiversityPopAll: DoubleSummaryStatistics{count=1000, sum=6.228893, min=0.000000, average=0.006229, max=0.105876}
Genotype diversity: 1.0
Entropy diversity: 6.691200250727049
PC diversity: 0.977
MPSLGP top 5 HV by task at generation 15:
  Task 0: #1 ind=0 HV=0.9944246240787679; #2 ind=1 HV=0.993581297986582; #3 ind=2 HV=0.9932490147975022; #4 ind=17 HV=0.9921587754514232; #5 ind=3 HV=0.9920374654121591
  Task 1: #1 ind=33 HV=0.9902623558293853; #2 ind=35 HV=0.9878251968590623; #3 ind=36 HV=0.9877439992613823; #4 ind=57 HV=0.9871636456335978; #5 ind=70 HV=0.9869914710005515
  Task 2: #1 ind=73 HV=0.9854876529752802; #2 ind=10 HV=0.9839823971825175; #3 ind=82 HV=0.9816999730524716; #4 ind=83 HV=0.9802768688349279; #5 ind=108 HV=0.9796325264024608

Pareto Front of Subpopulation 15
Objective 0: [5291.816330483649, 5292.499100890593, 5353.347848962061, 5446.387364164926, 5481.722991209128, 5520.116117609723, 5555.567725459725, 5583.765037197154, 5799.456726477481, 5850.907717188878, 6233.171470765432, 6237.690849397099, 6456.398673721793, 6566.837828078133, 6599.667115697579, 6687.544603804097, 6739.5321378259105]
Objective 1: [2412.2585478908804, 2095.049526579991, 1490.2852843115252, 1463.3780426954545, 1410.3763360534285, 1363.7600853926415, 1278.8203395424134, 1276.3993149343587, 1258.5639337775428, 1233.0455173831288, 1205.4176318189566, 1198.6066498241707, 1187.3003445392242, 1185.7271390863207, 1183.8625040625193, 1180.1460179144997, 1141.11684845743]
MPSLGP task 0 best fitness of generation Fitness: [5353.347848962061 1490.2852843115252]
MPSLGP task 1 best fitness of generation Fitness: [6237.690849397099 1198.6066498241707]
MPSLGP task 2 best fitness of generation Fitness: [6456.398673721793 1187.3003445392242]
Generation 15 elapsed 91.0 seconds.
Generation 16
2
duration: 91.0
Preselection cleared number: 1995
MPSLGP task-balanced survival counts: [task 0=334, task 1=333, task 2=333]
Subpop 0 reduced 5000 -> 1000
ideal points: [4672.441481112182, 947.1849510436062]
nadir points: [6307.686977832025, 1296.4853390826465]
max objectives: [29766.464208203077, 20666.50611570137]
min objectives: [5191.601645680203, 1052.4277233817847]
HVOfIntermedidatePopPSL: DoubleSummaryStatistics{count=1000, sum=884.048561, min=0.000000, average=0.884049, max=0.987467}
preferenceDiversityPopAll: DoubleSummaryStatistics{count=1000, sum=5.762739, min=0.000000, average=0.005763, max=0.100332}
Genotype diversity: 1.0
Entropy diversity: 6.847652055294729
PC diversity: 0.971
MPSLGP top 5 HV by task at generation 16:
  Task 0: #1 ind=0 HV=0.9874671281397946; #2 ind=1 HV=0.9851206328150292; #3 ind=2 HV=0.9835068853902036; #4 ind=10 HV=0.9815180654763294; #5 ind=3 HV=0.9814030638365632
  Task 1: #1 ind=93 HV=0.9762275106253064; #2 ind=29 HV=0.9720586460526993; #3 ind=18 HV=0.9718220657405355; #4 ind=57 HV=0.9645259749552579; #5 ind=75 HV=0.9635632988660411
  Task 2: #1 ind=53 HV=0.9672554961488072; #2 ind=103 HV=0.960593351214849; #3 ind=174 HV=0.959566133441978; #4 ind=37 HV=0.9584641155178436; #5 ind=122 HV=0.9576058775219176

Pareto Front of Subpopulation 16
Objective 0: [5191.601645680203, 5331.016844416154, 5357.192261805991, 5496.207245412574, 5561.438164797379, 5693.616930670862, 5899.40227191255, 5941.907489222474, 6045.895737352432, 6307.686977832025]
Objective 1: [1296.4853390826465, 1293.5865002342616, 1239.7628409956378, 1168.5163575408224, 1148.7486545242937, 1144.4698214791424, 1140.5719120945141, 1114.643328240898, 1072.2644340549596, 1052.4277233817847]
MPSLGP task 0 best fitness of generation Fitness: [5191.601645680203 1296.4853390826465]
MPSLGP task 1 best fitness of generation Fitness: [6307.686977832025 1052.4277233817847]
MPSLGP task 2 best fitness of generation Fitness: [6019.804520155012 1143.2217671158432]
Generation 16 elapsed 94.0 seconds.
Generation 17
2
duration: 94.0
Preselection cleared number: 2024
MPSLGP task-balanced survival counts: [task 0=334, task 1=333, task 2=333]
Subpop 0 reduced 5000 -> 1000
ideal points: [4781.167331545375, 1592.2072648350295]
nadir points: [9187.93637514353, 3010.799909455236]
max objectives: [44411.32179781713, 18361.82997030462]
min objectives: [5312.408146161528, 1769.1191831500328]
HVOfIntermedidatePopPSL: DoubleSummaryStatistics{count=1000, sum=793.388439, min=0.000000, average=0.793388, max=0.952799}
preferenceDiversityPopAll: DoubleSummaryStatistics{count=1000, sum=4.621546, min=0.000000, average=0.004622, max=0.109647}
Genotype diversity: 1.0
Entropy diversity: 6.739092202201824
PC diversity: 0.972
MPSLGP top 5 HV by task at generation 17:
  Task 0: #1 ind=0 HV=0.9527988706180297; #2 ind=1 HV=0.9519154596971592; #3 ind=2 HV=0.9506684371904162; #4 ind=3 HV=0.949230644043067; #5 ind=4 HV=0.9489663401095159
  Task 1: #1 ind=13 HV=0.945632626264021; #2 ind=33 HV=0.9369838673181046; #3 ind=127 HV=0.9355995544056748; #4 ind=56 HV=0.9303082940564635; #5 ind=24 HV=0.9296377820106928
  Task 2: #1 ind=250 HV=0.9187909714322825; #2 ind=278 HV=0.911344098790963; #3 ind=375 HV=0.9067391399886761; #4 ind=224 HV=0.9038481279469052; #5 ind=196 HV=0.9029170605095816

Pareto Front of Subpopulation 17
Objective 0: [5312.408146161528, 5543.770289963111, 5678.362890662393, 6036.043323045829, 6089.053782513365, 6197.918082190736, 6386.753596857772, 6751.038291897508, 6891.089207827346, 7097.426161842421, 7322.902552002168, 7350.799241279077, 9187.93637514353]
Objective 1: [3010.799909455236, 2538.260104500354, 2403.151966249512, 2302.4842684244795, 2258.577691538725, 2240.271697199132, 2100.1776361237717, 2054.29152495382, 2013.2722012359154, 1943.0248892321397, 1887.9003624629113, 1853.6682697304204, 1769.1191831500328]
2
duration: 96.0
MPSLGP task 0 best fitness of generation Fitness: [6386.753596857772 2100.1776361237717]
MPSLGP task 1 best fitness of generation Fitness: [6097.339014496072 2312.4691148055426]
MPSLGP task 2 best fitness of generation Fitness: [6507.126124345232 2894.326558945264]
Generation 17 elapsed 96.0 seconds.
Generation 18
Preselection cleared number: 2194
MPSLGP task-balanced survival counts: [task 0=334, task 1=333, task 2=333]
Subpop 0 reduced 5000 -> 1000
ideal points: [4833.979320189881, 1044.8700494611724]
nadir points: [6519.417851596838, 1866.088480699138]
max objectives: [37056.97389503187, 29902.067001784424]
min objectives: [5371.088133544312, 1160.9667216235248]
HVOfIntermedidatePopPSL: DoubleSummaryStatistics{count=1000, sum=861.504443, min=0.000000, average=0.861504, max=0.983375}
preferenceDiversityPopAll: DoubleSummaryStatistics{count=1000, sum=3.588579, min=0.000000, average=0.003589, max=0.095677}
Genotype diversity: 0.99
Entropy diversity: 6.697569111681185
PC diversity: 0.931
MPSLGP top 5 HV by task at generation 18:
  Task 0: #1 ind=0 HV=0.9833746253227775; #2 ind=1 HV=0.9831142314410909; #3 ind=2 HV=0.9827087878308903; #4 ind=3 HV=0.9821493813048525; #5 ind=4 HV=0.9811586536150404
  Task 1: #1 ind=20 HV=0.9757681265607864; #2 ind=39 HV=0.9755388482822295; #3 ind=22 HV=0.9733118185174084; #4 ind=43 HV=0.9693691216839845; #5 ind=44 HV=0.9685746186086329
  Task 2: #1 ind=38 HV=0.9798724867326905; #2 ind=111 HV=0.9750262610625104; #3 ind=176 HV=0.9744768600827701; #4 ind=85 HV=0.9740556063389586; #5 ind=86 HV=0.9739922425966381

Pareto Front of Subpopulation 18
Objective 0: [5371.088133544312, 5372.8710369145265, 5404.392759357521, 5455.216412909562, 5516.7441741316, 5533.508799069561, 5558.868212724803, 5660.047488512471, 5706.434222212061, 5726.739611550933, 5968.452891462832, 6143.7689665581565, 6262.332102098968, 6357.595279144472, 6378.4083355392795, 6519.417851596838]
Objective 1: [1866.088480699138, 1797.5257318829244, 1726.9319109585194, 1556.101137211197, 1534.3311167474894, 1501.2082574290107, 1464.742419795337, 1427.990599628567, 1403.0595244656142, 1391.4377676215663, 1319.1341480541741, 1260.4897019139025, 1256.216597416642, 1206.595577842876, 1199.0161215683038, 1160.9667216235248]
MPSLGP task 0 best fitness of generation Fitness: [5455.216412909562 1556.101137211197]
MPSLGP task 1 best fitness of generation Fitness: [6357.595279144472 1206.595577842876]
MPSLGP task 2 best fitness of generation Fitness: [5456.776911101129 2005.5674771497434]
2
duration: 97.0
Generation 18 elapsed 97.0 seconds.
Generation 19
Preselection cleared number: 2178
MPSLGP task-balanced survival counts: [task 0=334, task 1=333, task 2=333]
Subpop 0 reduced 5000 -> 1000
ideal points: [4768.5914214394315, 955.7499586112302]
nadir points: [6433.345033885096, 1546.038161913355]
max objectives: [43010.13112507807, 15434.228494764175]
min objectives: [5298.43491271048, 1061.9443984569225]
HVOfIntermedidatePopPSL: DoubleSummaryStatistics{count=1000, sum=866.925423, min=0.000000, average=0.866925, max=0.980627}
preferenceDiversityPopAll: DoubleSummaryStatistics{count=1000, sum=3.763822, min=0.000000, average=0.003764, max=0.084326}
Genotype diversity: 1.0
Entropy diversity: 6.835638912015881
PC diversity: 0.969
MPSLGP top 5 HV by task at generation 19:
  Task 0: #1 ind=0 HV=0.9806266771238822; #2 ind=1 HV=0.9799686592948081; #3 ind=10 HV=0.9769295119580527; #4 ind=11 HV=0.9754955240110686; #5 ind=4 HV=0.9749911031178876
  Task 1: #1 ind=2 HV=0.9788496386711079; #2 ind=3 HV=0.9782860739079884; #3 ind=13 HV=0.9747008788555983; #4 ind=5 HV=0.9732293473384517; #5 ind=29 HV=0.9719950766742244
  Task 2: #1 ind=82 HV=0.9653493704839589; #2 ind=23 HV=0.9639645621355994; #3 ind=36 HV=0.96378450548906; #4 ind=73 HV=0.9610707908847297; #5 ind=55 HV=0.9586141642934702

Pareto Front of Subpopulation 19
Objective 0: [5298.43491271048, 5360.669388359587, 5546.126919136965, 5568.443190304213, 5592.598128959828, 5815.166231967974, 5861.6852952427, 6184.7659013342345, 6270.417422305647, 6433.345033885096]
Objective 1: [1546.038161913355, 1466.8052288380204, 1349.369380117394, 1255.0547595815588, 1231.0198155236649, 1171.907982052806, 1121.2310831276554, 1080.0060202396417, 1073.9096745632996, 1061.9443984569225]
MPSLGP task 0 best fitness of generation Fitness: [5861.6852952427 1121.2310831276554]
MPSLGP task 1 best fitness of generation Fitness: [5568.443190304213 1255.0547595815588]
MPSLGP task 2 best fitness of generation Fitness: [6518.988143428578 1096.055938866135]
2
duration: 100.0
Generation 19 elapsed 100.0 seconds.
Generation 20
Preselection cleared number: 2062
MPSLGP task-balanced survival counts: [task 0=334, task 1=333, task 2=333]
Subpop 0 reduced 5000 -> 1000
ideal points: [4685.234725091897, 942.5780269307405]
nadir points: [6383.531824516656, 1462.3554008843203]
max objectives: [43119.955563365715, 29901.088779695347]
min objectives: [5205.816361213219, 1047.3089188119338]
HVOfIntermedidatePopPSL: DoubleSummaryStatistics{count=1000, sum=908.332134, min=0.000000, average=0.908332, max=0.992381}
preferenceDiversityPopAll: DoubleSummaryStatistics{count=1000, sum=2.858212, min=0.000000, average=0.002858, max=0.082256}
Genotype diversity: 1.0
Entropy diversity: 6.798787885726784
PC diversity: 0.962
MPSLGP top 5 HV by task at generation 20:
  Task 0: #1 ind=0 HV=0.9923811129542288; #2 ind=8 HV=0.9877734279997625; #3 ind=9 HV=0.9860290798046326; #4 ind=10 HV=0.9855646034408724; #5 ind=11 HV=0.9855601678890157
  Task 1: #1 ind=2 HV=0.9844846477254068; #2 ind=24 HV=0.9815671837623385; #3 ind=42 HV=0.9793064450062083; #4 ind=43 HV=0.9791233353494337; #5 ind=29 HV=0.9779614595835677
  Task 2: #1 ind=13 HV=0.9826445266838414; #2 ind=25 HV=0.9810787451542905; #3 ind=26 HV=0.9803070875467704; #4 ind=131 HV=0.9798367737363654; #5 ind=44 HV=0.9787863397172454

Pareto Front of Subpopulation 20
Objective 0: [5205.816361213219, 5321.0191183733405, 5330.425589737482, 5707.132681408664, 5713.192429407296, 5952.156050220045, 6272.158586896374, 6383.531824516656]
Objective 1: [1462.3554008843203, 1401.5127338590391, 1170.9769319462648, 1147.065088287025, 1143.0147077532893, 1122.3403190015815, 1091.1554100200592, 1047.3089188119338]
2
duration: 100.0
MPSLGP task 0 best fitness of generation Fitness: [5330.425589737482 1170.9769319462648]
MPSLGP task 1 best fitness of generation Fitness: [5321.0191183733405 1401.5127338590391]
MPSLGP task 2 best fitness of generation Fitness: [6272.158586896374 1091.1554100200592]
Generation 20 elapsed 100.0 seconds.
Generation 21
Preselection cleared number: 2044
MPSLGP task-balanced survival counts: [task 0=334, task 1=333, task 2=333]
Subpop 0 reduced 5000 -> 1000
ideal points: [4655.227233892784, 868.6072722929457]
nadir points: [6247.643990664976, 1584.4721487447096]
max objectives: [46001.472309585195, 11620.809031976562]
min objectives: [5172.4747043253155, 965.1191914366063]
HVOfIntermedidatePopPSL: DoubleSummaryStatistics{count=1000, sum=886.683684, min=0.000000, average=0.886684, max=0.984092}
preferenceDiversityPopAll: DoubleSummaryStatistics{count=1000, sum=1.947111, min=0.000000, average=0.001947, max=0.070285}
Genotype diversity: 1.0
Entropy diversity: 6.892845839083526
PC diversity: 0.979
MPSLGP top 5 HV by task at generation 21:
  Task 0: #1 ind=0 HV=0.9840921237193699; #2 ind=2 HV=0.9827560824243958; #3 ind=5 HV=0.9767858687247719; #4 ind=13 HV=0.9766889072636591; #5 ind=6 HV=0.9758907503708888
  Task 1: #1 ind=1 HV=0.9839314620620181; #2 ind=3 HV=0.9786665593197721; #3 ind=4 HV=0.9774452613420805; #4 ind=14 HV=0.9757999021414695; #5 ind=17 HV=0.9737906244468589
  Task 2: #1 ind=7 HV=0.9742070504396404; #2 ind=41 HV=0.9649833378837671; #3 ind=59 HV=0.9633178811402051; #4 ind=44 HV=0.9628893820439379; #5 ind=61 HV=0.9627958468961756

Pareto Front of Subpopulation 21
Objective 0: [5172.4747043253155, 5196.634380616364, 5303.143596723035, 5346.547131349449, 5364.042204667581, 5428.082340527151, 5649.203300473397, 5787.404681350628, 5932.76853176544, 5943.293953273795, 5964.166687989782, 6030.47791178897, 6247.643990664976]
Objective 1: [1584.4721487447096, 1387.8762508157233, 1203.9759167051816, 1101.5662661349488, 1085.682113026036, 1064.854278276849, 1061.8226842927106, 1044.6535255588533, 1041.301290895819, 1027.8026789955184, 989.5127695277188, 983.8181715652754, 965.1191914366063]
2
duration: 100.0
MPSLGP task 0 best fitness of generation Fitness: [5428.082340527151 1064.854278276849]
MPSLGP task 1 best fitness of generation Fitness: [5364.042204667581 1085.682113026036]
MPSLGP task 2 best fitness of generation Fitness: [5943.293953273795 1027.8026789955184]
Generation 21 elapsed 100.0 seconds.
Generation 22
Preselection cleared number: 2038
MPSLGP task-balanced survival counts: [task 0=334, task 1=333, task 2=333]
Subpop 0 reduced 5000 -> 1000
ideal points: [4677.342235517618, 928.3906204267435]
nadir points: [6188.453772297595, 1559.8692230107408]
max objectives: [47314.58078144328, 17568.196869554376]
min objectives: [5197.046928352909, 1031.5451338074927]
HVOfIntermedidatePopPSL: DoubleSummaryStatistics{count=1000, sum=884.583223, min=0.000000, average=0.884583, max=0.985839}
preferenceDiversityPopAll: DoubleSummaryStatistics{count=1000, sum=1.904176, min=0.000000, average=0.001904, max=0.109231}
Genotype diversity: 1.0
Entropy diversity: 6.784375080842577
PC diversity: 0.977
MPSLGP top 5 HV by task at generation 22:
  Task 0: #1 ind=0 HV=0.985839091605725; #2 ind=1 HV=0.9841105354966451; #3 ind=2 HV=0.9831452471861023; #4 ind=3 HV=0.9828715009039357; #5 ind=11 HV=0.9800140434720969
  Task 1: #1 ind=19 HV=0.977246463584589; #2 ind=8 HV=0.9754815929371383; #3 ind=9 HV=0.9745389325850627; #4 ind=32 HV=0.9736382876621261; #5 ind=44 HV=0.9722756841776157
  Task 2: #1 ind=18 HV=0.9779309462299426; #2 ind=26 HV=0.9675062502562488; #3 ind=37 HV=0.9671567109942404; #4 ind=58 HV=0.9645447392442498; #5 ind=72 HV=0.963856812344457

Pareto Front of Subpopulation 22
Objective 0: [5197.046928352909, 5261.8087936465745, 5304.419351325952, 5471.2950386420125, 5589.860748565581, 5961.801896489691, 5989.196928983787, 6054.336167789705, 6055.604217602056, 6068.72741500556, 6188.453772297595]
Objective 1: [1559.8692230107408, 1255.6614587963704, 1211.7750453773479, 1192.785236444659, 1154.925333917883, 1144.9777216977382, 1119.556209785922, 1084.297748738114, 1080.9086914292857, 1067.0205999532336, 1031.5451338074927]
MPSLGP task 0 best fitness of generation Fitness: [5304.419351325952 1211.7750453773479]
MPSLGP task 1 best fitness of generation Fitness: [5989.196928983787 1119.556209785922]
MPSLGP task 2 best fitness of generation Fitness: [6782.480818832526 1042.612974078569]
2
duration: 97.0
Generation 22 elapsed 97.0 seconds.
Generation 23
Preselection cleared number: 2075
MPSLGP task-balanced survival counts: [task 0=334, task 1=333, task 2=333]
Subpop 0 reduced 5000 -> 1000
ideal points: [4586.358553696034, 872.9578503240388]
nadir points: [6216.078454008442, 1366.4898406197171]
max objectives: [68218.18441622076, 24077.627873298334]
min objectives: [5095.953948551149, 969.9531670267097]
HVOfIntermedidatePopPSL: DoubleSummaryStatistics{count=1000, sum=934.629425, min=0.000000, average=0.934629, max=0.993240}
preferenceDiversityPopAll: DoubleSummaryStatistics{count=1000, sum=2.230789, min=0.000000, average=0.002231, max=0.077669}
Genotype diversity: 1.0
Entropy diversity: 6.891119746648815
PC diversity: 0.974
MPSLGP top 5 HV by task at generation 23:
  Task 0: #1 ind=0 HV=0.9932402571642213; #2 ind=1 HV=0.9913954264878531; #3 ind=2 HV=0.9903575911130962; #4 ind=9 HV=0.9897565457579981; #5 ind=11 HV=0.9889874032920396
  Task 1: #1 ind=10 HV=0.989486410795318; #2 ind=36 HV=0.986081412878569; #3 ind=15 HV=0.9845566407002945; #4 ind=6 HV=0.9842411352041662; #5 ind=56 HV=0.9832928581363736
  Task 2: #1 ind=14 HV=0.9854040317569892; #2 ind=28 HV=0.9844235715376892; #3 ind=17 HV=0.9831951866618881; #4 ind=18 HV=0.9816228314918353; #5 ind=19 HV=0.9814571942271982

Pareto Front of Subpopulation 23
Objective 0: [5095.953948551149, 5148.435433779494, 5167.732754450466, 5258.302861952339, 5376.641927854274, 5397.372575209709, 5874.689999350754, 6008.842054022127, 6216.078454008442]
Objective 1: [1366.4898406197171, 1265.7828681540122, 1221.3095998080244, 1107.0101436013501, 1086.4927737901307, 1014.6727093976515, 997.1007284286607, 993.5664656211738, 969.9531670267097]
MPSLGP task 0 best fitness of generation Fitness: [5397.372575209709 1014.6727093976515]
MPSLGP task 1 best fitness of generation Fitness: [6008.842054022127 993.5664656211738]
MPSLGP task 2 best fitness of generation Fitness: [5839.6865185343195 1018.1237479589327]
2
duration: 102.0
Generation 23 elapsed 102.0 seconds.
Generation 24
Preselection cleared number: 2094
MPSLGP task-balanced survival counts: [task 0=334, task 1=333, task 2=333]
Subpop 0 reduced 5000 -> 1000
ideal points: [4887.607191173954, 1246.9040225269928]
nadir points: [7702.837851048796, 2070.1687096079986]
max objectives: [61027.482316967566, 16925.268447074806]
min objectives: [5430.674656859948, 1385.4489139188809]
HVOfIntermedidatePopPSL: DoubleSummaryStatistics{count=1000, sum=877.054656, min=0.000000, average=0.877055, max=0.977523}
preferenceDiversityPopAll: DoubleSummaryStatistics{count=1000, sum=1.989874, min=0.000000, average=0.001990, max=0.047141}
Genotype diversity: 1.0
Entropy diversity: 6.873777516101436
PC diversity: 0.97
MPSLGP top 5 HV by task at generation 24:
  Task 0: #1 ind=0 HV=0.9775232860815348; #2 ind=59 HV=0.976139013618341; #3 ind=1 HV=0.975850567577641; #4 ind=2 HV=0.9749663129122559; #5 ind=3 HV=0.973923885998783
  Task 1: #1 ind=5 HV=0.9732293612114185; #2 ind=39 HV=0.9678493664294814; #3 ind=42 HV=0.9669007245923378; #4 ind=7 HV=0.9654572335369124; #5 ind=11 HV=0.9639034442564878
  Task 2: #1 ind=28 HV=0.9598439747795616; #2 ind=34 HV=0.957847440324277; #3 ind=51 HV=0.955532209863309; #4 ind=57 HV=0.9533424479801269; #5 ind=75 HV=0.9493872554786843

Pareto Front of Subpopulation 24
Objective 0: [5430.674656859948, 5489.697618413949, 5564.540196147747, 5645.284721114673, 5840.193490823032, 5906.575414381805, 5983.897397416236, 6048.597472966532, 6251.704118147609, 6320.178645154054, 6478.418188757496, 6844.477053456765, 6899.984835996991, 6993.333569328708, 7077.586820501718, 7295.211741808453, 7569.24826381763, 7702.837851048796]
Objective 1: [2070.1687096079986, 2047.2291430581972, 1955.569921459879, 1853.9821013510082, 1804.302116790248, 1673.0432389542111, 1634.3519775344757, 1587.7954344866594, 1546.122197046585, 1539.5814229939424, 1507.2037831023335, 1505.757037782023, 1503.6953775165312, 1500.6654095320118, 1499.515248517244, 1401.5149904350546, 1396.6475686720805, 1385.4489139188809]
MPSLGP task 0 best fitness of generation Fitness: [5906.575414381805 1673.0432389542111]
MPSLGP task 1 best fitness of generation Fitness: [6478.418188757496 1507.2037831023335]
MPSLGP task 2 best fitness of generation Fitness: [7063.586309729435 1521.9705466383602]
Generation 24 elapsed 105.0 seconds.
Generation 25
2
duration: 105.0
Preselection cleared number: 2046
MPSLGP task-balanced survival counts: [task 0=334, task 1=333, task 2=333]
Subpop 0 reduced 5000 -> 1000
ideal points: [4918.8319453042295, 1098.2180410255794]
nadir points: [7512.449928172457, 1577.9495006271027]
max objectives: [68304.60706245597, 17918.686871202284]
min objectives: [5465.36882811581, 1220.2422678061994]
HVOfIntermedidatePopPSL: DoubleSummaryStatistics{count=1000, sum=886.630901, min=0.000000, average=0.886631, max=0.984430}
preferenceDiversityPopAll: DoubleSummaryStatistics{count=1000, sum=2.494975, min=0.000000, average=0.002495, max=0.059792}
Genotype diversity: 1.0
Entropy diversity: 6.80242352066638
PC diversity: 0.969
MPSLGP top 5 HV by task at generation 25:
  Task 0: #1 ind=0 HV=0.9844303421773122; #2 ind=1 HV=0.983863765294745; #3 ind=2 HV=0.983681450839069; #4 ind=3 HV=0.9811267211173276; #5 ind=4 HV=0.9803192636552573
  Task 1: #1 ind=13 HV=0.9786700972966536; #2 ind=31 HV=0.9730409809557261; #3 ind=37 HV=0.9720182771874081; #4 ind=54 HV=0.9692429240801989; #5 ind=57 HV=0.9684430517399705
  Task 2: #1 ind=20 HV=0.9714076262751618; #2 ind=9 HV=0.9707701176659749; #3 ind=41 HV=0.9692055925034773; #4 ind=43 HV=0.9683801268988793; #5 ind=10 HV=0.9666235955196141

Pareto Front of Subpopulation 25
Objective 0: [5465.36882811581, 5630.967697432323, 5698.844809651433, 5702.800196477561, 6071.584440723644, 6370.159887937596, 6510.884471588826, 6904.437712159299, 7172.105642071634, 7183.339956940268, 7512.449928172457]
Objective 1: [1577.9495006271027, 1487.195017493039, 1429.0069852514716, 1416.6468666395813, 1323.4142115154827, 1302.2365538154263, 1285.66002249562, 1255.8582660916145, 1243.2269846263807, 1232.0383404221793, 1220.2422678061994]
2
duration: 104.0
MPSLGP task 0 best fitness of generation Fitness: [5702.800196477561 1416.6468666395813]
MPSLGP task 1 best fitness of generation Fitness: [6283.010946604016 1339.833764626077]
MPSLGP task 2 best fitness of generation Fitness: [7172.105642071634 1243.2269846263807]
Generation 25 elapsed 104.0 seconds.
Generation 26
Preselection cleared number: 2029
MPSLGP task-balanced survival counts: [task 0=334, task 1=333, task 2=333]
Subpop 0 reduced 5000 -> 1000
ideal points: [4680.865329374525, 877.0066464682386]
nadir points: [6215.504216126748, 1306.8275451771478]
max objectives: [28019.319262276054, 13286.662232608884]
min objectives: [5200.961477082805, 974.451829409154]
HVOfIntermedidatePopPSL: DoubleSummaryStatistics{count=1000, sum=853.057110, min=0.000000, average=0.853057, max=0.985079}
preferenceDiversityPopAll: DoubleSummaryStatistics{count=1000, sum=1.784185, min=0.000000, average=0.001784, max=0.048079}
Genotype diversity: 1.0
Entropy diversity: 6.8633938594264166
PC diversity: 0.977
MPSLGP top 5 HV by task at generation 26:
  Task 0: #1 ind=0 HV=0.9850786677969494; #2 ind=1 HV=0.9847842125318101; #3 ind=2 HV=0.98440381168675; #4 ind=3 HV=0.9819146890824793; #5 ind=4 HV=0.9818002553936519
  Task 1: #1 ind=26 HV=0.9730770710448439; #2 ind=15 HV=0.9706023293093855; #3 ind=29 HV=0.9702394920740119; #4 ind=31 HV=0.9686193719907026; #5 ind=52 HV=0.9632125443953556
  Task 2: #1 ind=8 HV=0.9623420947234776; #2 ind=18 HV=0.9590668697653268; #3 ind=9 HV=0.9544820483222709; #4 ind=74 HV=0.953618776481484; #5 ind=36 HV=0.9534802393231069

Pareto Front of Subpopulation 26
Objective 0: [5200.961477082805, 5246.653069411928, 5250.772048324288, 5268.550490303896, 5348.777381381544, 5374.758501076023, 5403.745325400494, 5952.9209532929235, 5965.2507957230555, 6215.504216126748]
Objective 1: [1306.8275451771478, 1162.3790921451437, 1128.6207673433964, 1125.9501813155075, 1113.6886351715075, 1111.2005205267778, 1051.55484255802, 1022.2637630331737, 987.192868699145, 974.451829409154]
2
duration: 106.0
MPSLGP task 0 best fitness of generation Fitness: [5250.772048324288 1128.6207673433964]
MPSLGP task 1 best fitness of generation Fitness: [5655.317716292688 1074.0515241105459]
MPSLGP task 2 best fitness of generation Fitness: [5952.9209532929235 1022.2637630331737]
Generation 26 elapsed 106.0 seconds.
Generation 27
Preselection cleared number: 2080
MPSLGP task-balanced survival counts: [task 0=334, task 1=333, task 2=333]
Subpop 0 reduced 5000 -> 1000
ideal points: [4945.387465784207, 1192.8697215458699]
nadir points: [7490.591804797004, 2237.3420759475193]
max objectives: [32154.3882661144, 8914.364290063488]
min objectives: [5494.874961982452, 1325.4108017176331]
HVOfIntermedidatePopPSL: DoubleSummaryStatistics{count=1000, sum=826.176487, min=0.000000, average=0.826176, max=0.975752}
preferenceDiversityPopAll: DoubleSummaryStatistics{count=1000, sum=1.742925, min=0.000000, average=0.001743, max=0.050205}
Genotype diversity: 1.0
Entropy diversity: 6.898914264671771
PC diversity: 0.974
MPSLGP top 5 HV by task at generation 27:
  Task 0: #1 ind=0 HV=0.9757517247868006; #2 ind=29 HV=0.9516395783668227; #3 ind=30 HV=0.9504950537078161; #4 ind=2 HV=0.9504927609951578; #5 ind=13 HV=0.9500790378177701
  Task 1: #1 ind=1 HV=0.9632762039187194; #2 ind=12 HV=0.9558114365346928; #3 ind=14 HV=0.9455976408874815; #4 ind=15 HV=0.9446971612371594; #5 ind=16 HV=0.9440680886336913
  Task 2: #1 ind=6 HV=0.9381646557338136; #2 ind=24 HV=0.9280352963631974; #3 ind=36 HV=0.927581239885322; #4 ind=37 HV=0.9265000932254065; #5 ind=8 HV=0.9245259549677253

Pareto Front of Subpopulation 27
Objective 0: [5494.874961982452, 5522.608369650494, 5624.176843504887, 5694.382987108838, 5810.160119165725, 6005.32405702112, 6005.32405702112, 6133.801377508586, 6141.3217844470055, 6717.462284904672, 7016.734286960738, 7490.591804797004]
Objective 1: [2237.3420759475193, 2130.5135406735644, 1899.167015212537, 1742.3691669581458, 1608.9675611718412, 1553.057490357387, 1553.057490357387, 1522.1774832938827, 1421.191317352328, 1400.3256903054498, 1361.1309028396063, 1325.4108017176331]
MPSLGP task 0 best fitness of generation Fitness: [6005.32405702112 1553.057490357387]
MPSLGP task 1 best fitness of generation Fitness: [6141.3217844470055 1421.191317352328]
MPSLGP task 2 best fitness of generation Fitness: [7016.734286960738 1361.1309028396063]
2
duration: 104.0
Generation 27 elapsed 104.0 seconds.
Generation 28
Preselection cleared number: 2104
MPSLGP task-balanced survival counts: [task 0=334, task 1=333, task 2=333]
Subpop 0 reduced 5000 -> 1000
ideal points: [4538.24621739504, 809.9948210469928]
nadir points: [6125.9803760852665, 1083.5512143735032]
max objectives: [44896.39681069637, 12762.877150890636]
min objectives: [5042.495797105599, 899.9942456077697]
HVOfIntermedidatePopPSL: DoubleSummaryStatistics{count=1000, sum=889.330576, min=0.000000, average=0.889331, max=0.987281}
preferenceDiversityPopAll: DoubleSummaryStatistics{count=1000, sum=1.896547, min=0.000000, average=0.001897, max=0.084869}
Genotype diversity: 1.0
Entropy diversity: 6.855431769049938
PC diversity: 0.959
MPSLGP top 5 HV by task at generation 28:
  Task 0: #1 ind=0 HV=0.9872814880491142; #2 ind=1 HV=0.9857340968628802; #3 ind=2 HV=0.9842077620723316; #4 ind=7 HV=0.9821571112553908; #5 ind=24 HV=0.9783150649663285
  Task 1: #1 ind=8 HV=0.981619182170339; #2 ind=9 HV=0.9799544835945921; #3 ind=4 HV=0.9772864067307678; #4 ind=17 HV=0.9740762502067913; #5 ind=48 HV=0.9713020334533057
  Task 2: #1 ind=3 HV=0.9786734990956051; #2 ind=18 HV=0.9731838013684436; #3 ind=19 HV=0.9729111790086721; #4 ind=5 HV=0.9721798068375528; #5 ind=6 HV=0.9713884658424655

Pareto Front of Subpopulation 28
Objective 0: [5042.495797105599, 5206.778504632181, 5382.726965712267, 5698.974616354157, 5799.146524522803, 6079.817231656285, 6125.9803760852665]
Objective 1: [1083.5512143735032, 1001.1176525803166, 965.9773696523916, 953.4193899913953, 938.6577383312251, 922.4727462458541, 899.9942456077697]
2
duration: 102.0
MPSLGP task 0 best fitness of generation Fitness: [5206.778504632181 1001.1176525803166]
MPSLGP task 1 best fitness of generation Fitness: [5799.146524522803 938.6577383312251]
MPSLGP task 2 best fitness of generation Fitness: [5698.974616354157 953.4193899913953]
Generation 28 elapsed 102.0 seconds.
Generation 29
Preselection cleared number: 2034
MPSLGP task-balanced survival counts: [task 0=334, task 1=333, task 2=333]
Subpop 0 reduced 5000 -> 1000
ideal points: [4854.4359849232715, 1117.1920251828503]
nadir points: [7429.735721355537, 1923.2289651956526]
max objectives: [85807.14453474211, 23475.297103030112]
min objectives: [5393.817761025857, 1241.324472425389]
HVOfIntermedidatePopPSL: DoubleSummaryStatistics{count=1000, sum=909.710432, min=0.000000, average=0.909710, max=0.988831}
preferenceDiversityPopAll: DoubleSummaryStatistics{count=1000, sum=2.039706, min=0.000000, average=0.002040, max=0.070043}
Genotype diversity: 1.0
Entropy diversity: 6.811680963975105
PC diversity: 0.961
MPSLGP top 5 HV by task at generation 29:
  Task 0: #1 ind=0 HV=0.9888309876796797; #2 ind=1 HV=0.9869165208137893; #3 ind=2 HV=0.9868670870795339; #4 ind=3 HV=0.9865470244263234; #5 ind=4 HV=0.985628740539268
  Task 1: #1 ind=5 HV=0.9833628381781626; #2 ind=34 HV=0.9830108479633473; #3 ind=22 HV=0.9806674475227474; #4 ind=39 HV=0.9797609047409327; #5 ind=40 HV=0.9797210841174749
  Task 2: #1 ind=7 HV=0.9778367928842758; #2 ind=8 HV=0.9774412161739906; #3 ind=9 HV=0.9767052745117608; #4 ind=46 HV=0.9766927856786077; #5 ind=10 HV=0.9758014388979427

Pareto Front of Subpopulation 29
Objective 0: [5393.817761025857, 5477.412314131099, 5582.655462296476, 5593.203817205038, 5642.006722546765, 5663.905391695211, 5890.349108921713, 6326.403702573385, 6974.909826982534, 6980.081514012301, 7051.566786075593, 7215.40968181286, 7308.417834237684, 7429.735721355537]
Objective 1: [1923.2289651956526, 1662.4788512783707, 1637.7195758290472, 1563.599261829484, 1461.7813371573866, 1414.3052750192874, 1396.6045290320471, 1344.5984302668949, 1331.6052755081328, 1294.18634090235, 1288.2399372687214, 1285.9343419934448, 1270.6475992054911, 1241.324472425389]
MPSLGP task 0 best fitness of generation Fitness: [5663.905391695211 1414.3052750192874]
MPSLGP task 1 best fitness of generation Fitness: [6326.403702573385 1344.5984302668949]
MPSLGP task 2 best fitness of generation Fitness: [7308.417834237684 1270.6475992054911]
2
duration: 102.0
Generation 29 elapsed 102.0 seconds.
Generation 30
Preselection cleared number: 1965
MPSLGP task-balanced survival counts: [task 0=334, task 1=333, task 2=333]
Subpop 0 reduced 5000 -> 1000
ideal points: [4643.0793347792005, 921.8767851775076]
nadir points: [6515.982450241805, 1325.5566554200486]
max objectives: [49482.026874236646, 21702.84290689187]
min objectives: [5158.977038643556, 1024.3075390861195]
HVOfIntermedidatePopPSL: DoubleSummaryStatistics{count=1000, sum=903.753475, min=0.000000, average=0.903753, max=0.985363}
preferenceDiversityPopAll: DoubleSummaryStatistics{count=1000, sum=3.684351, min=0.000000, average=0.003684, max=0.104596}
Genotype diversity: 1.0
Entropy diversity: 6.84626576093361
PC diversity: 0.983
MPSLGP top 5 HV by task at generation 30:
  Task 0: #1 ind=0 HV=0.98536261961095; #2 ind=1 HV=0.9845499761491523; #3 ind=2 HV=0.9829209170727375; #4 ind=3 HV=0.9819491388057981; #5 ind=4 HV=0.9815030661612312
  Task 1: #1 ind=20 HV=0.9765692540498425; #2 ind=32 HV=0.9753658909064381; #3 ind=35 HV=0.974107464907528; #4 ind=52 HV=0.9725370938869069; #5 ind=37 HV=0.9714896647421003
  Task 2: #1 ind=6 HV=0.9780214872662194; #2 ind=23 HV=0.9751253239577189; #3 ind=7 HV=0.9715970340455524; #4 ind=39 HV=0.9701463278746505; #5 ind=10 HV=0.9685000879475079

Pareto Front of Subpopulation 30
Objective 0: [5158.977038643556, 5307.974938717089, 5398.669625622046, 5431.165105210268, 5495.095652847551, 5809.110860120156, 5939.0089737829985, 6227.220429341716, 6361.703987752437, 6395.929647465004, 6455.616146935499, 6475.902898840024, 6515.982450241805]
Objective 1: [1325.5566554200486, 1306.058828015346, 1282.869565222005, 1274.2227938579454, 1182.4468371397234, 1122.4056269832072, 1106.3640310893825, 1103.9006538395479, 1103.570441367774, 1082.0030554683472, 1081.1396780069335, 1063.6410387206415, 1024.3075390861195]
MPSLGP task 0 best fitness of generation Fitness: [5158.977038643556 1325.5566554200486]
MPSLGP task 1 best fitness of generation Fitness: [6361.703987752437 1103.570441367774]
MPSLGP task 2 best fitness of generation Fitness: [5939.0089737829985 1106.3640310893825]
2
duration: 106.0
Generation 30 elapsed 106.0 seconds.
Generation 31
Preselection cleared number: 1931
MPSLGP task-balanced survival counts: [task 0=334, task 1=333, task 2=333]
Subpop 0 reduced 5000 -> 1000
ideal points: [4640.0840973437535, 935.8184803280586]
nadir points: [6799.193245902483, 1794.5262146759196]
max objectives: [155982.80358026118, 155916.80358026118]
min objectives: [5155.648997048615, 1039.7983114756207]
HVOfIntermedidatePopPSL: DoubleSummaryStatistics{count=1000, sum=954.330484, min=0.000000, average=0.954330, max=0.997825}
preferenceDiversityPopAll: DoubleSummaryStatistics{count=1000, sum=2.971976, min=0.000000, average=0.002972, max=0.099025}
Genotype diversity: 1.0
Entropy diversity: 6.811680963975105
PC diversity: 0.994
MPSLGP top 5 HV by task at generation 31:
  Task 0: #1 ind=0 HV=0.9978253479359178; #2 ind=11 HV=0.9977198445685657; #3 ind=28 HV=0.9974503967887909; #4 ind=1 HV=0.9970482963774182; #5 ind=2 HV=0.9969578251915232
  Task 1: #1 ind=29 HV=0.9959101951972645; #2 ind=19 HV=0.995560411305039; #3 ind=73 HV=0.995197635644442; #4 ind=75 HV=0.9948600002790785; #5 ind=4 HV=0.9948265264987269
  Task 2: #1 ind=3 HV=0.9950749578423237; #2 ind=79 HV=0.9943405627692135; #3 ind=8 HV=0.9932976482005477; #4 ind=41 HV=0.9930000341481451; #5 ind=157 HV=0.9925405846015737

Pareto Front of Subpopulation 31
Objective 0: [5155.648997048615, 5180.597022412694, 5290.005482920678, 5451.262096054852, 5777.120015053661, 5850.907248781878, 5892.585608580877, 6018.575579772994, 6106.372994210105, 6619.973940799828, 6799.193245902483]
Objective 1: [1794.5262146759196, 1467.3662979734654, 1236.7930572179248, 1201.67508234235, 1197.8907777362656, 1175.0588598077811, 1144.5241179046134, 1119.626031127049, 1083.8059676452904, 1055.808356207097, 1039.7983114756207]
MPSLGP task 0 best fitness of generation Fitness: [5290.005482920678 1236.7930572179248]
MPSLGP task 1 best fitness of generation Fitness: [5777.120015053661 1197.8907777362656]
MPSLGP task 2 best fitness of generation Fitness: [5155.648997048615 1794.5262146759196]
2
duration: 107.0
Generation 31 elapsed 107.0 seconds.
Generation 32
Preselection cleared number: 1878
MPSLGP task-balanced survival counts: [task 0=334, task 1=333, task 2=333]
Subpop 0 reduced 5000 -> 1000
ideal points: [4984.4008832714635, 1040.910792827273]
nadir points: [6883.898892666912, 1492.6958646660205]
max objectives: [35510.460882294225, 11118.630162026311]
min objectives: [5538.22320363496, 1156.5675475858588]
HVOfIntermedidatePopPSL: DoubleSummaryStatistics{count=1000, sum=842.765369, min=0.000000, average=0.842765, max=0.976995}
preferenceDiversityPopAll: DoubleSummaryStatistics{count=1000, sum=3.014763, min=0.000000, average=0.003015, max=0.112129}
Genotype diversity: 1.0
Entropy diversity: 6.84243401342894
PC diversity: 0.98
MPSLGP top 5 HV by task at generation 32:
  Task 0: #1 ind=0 HV=0.9769946852882989; #2 ind=1 HV=0.9739091183190137; #3 ind=2 HV=0.973097455958063; #4 ind=3 HV=0.9726529377998256; #5 ind=4 HV=0.9724537620263481
  Task 1: #1 ind=5 HV=0.9723977037627759; #2 ind=7 HV=0.9703681522221322; #3 ind=18 HV=0.9692642198664563; #4 ind=20 HV=0.9686178093939651; #5 ind=11 HV=0.9645810596987402
  Task 2: #1 ind=8 HV=0.9703390613577771; #2 ind=28 HV=0.959084853913646; #3 ind=15 HV=0.954976377220936; #4 ind=42 HV=0.9533422644234933; #5 ind=83 HV=0.9502808831745966

Pareto Front of Subpopulation 32
Objective 0: [5538.22320363496, 5612.321970877936, 5626.644179848547, 5666.513712249114, 5726.334625616786, 5815.914439410641, 5846.824880864937, 5902.308066058555, 5914.6373608642025, 5967.657193848281, 6205.158067509765, 6434.281044190633, 6457.484888797859, 6578.873253748636, 6598.033735842153, 6883.898892666912]
Objective 1: [1492.6958646660205, 1436.3435087088292, 1417.418247454334, 1370.7383039929846, 1354.4268272359623, 1347.2595307365991, 1302.6286693666625, 1300.7922626922082, 1290.9205146778258, 1235.1187927811698, 1224.213000892807, 1206.734424114431, 1205.8159345835884, 1183.8836035752902, 1157.8295142244897, 1156.5675475858588]
MPSLGP task 0 best fitness of generation Fitness: [5967.657193848281 1235.1187927811698]
MPSLGP task 1 best fitness of generation Fitness: [5902.308066058555 1300.7922626922082]
MPSLGP task 2 best fitness of generation Fitness: [6205.158067509765 1224.213000892807]
2
duration: 108.0
Generation 32 elapsed 108.0 seconds.
Generation 33
Preselection cleared number: 2027
MPSLGP task-balanced survival counts: [task 0=334, task 1=333, task 2=333]
Subpop 0 reduced 5000 -> 1000
ideal points: [4609.555724988301, 993.1872725885268]
nadir points: [7012.482161105276, 1799.836893472173]
max objectives: [24385.120053994935, 10276.212864908135]
min objectives: [5121.728583320335, 1103.5414139872519]
HVOfIntermedidatePopPSL: DoubleSummaryStatistics{count=1000, sum=805.599001, min=0.000000, average=0.805599, max=0.962678}
preferenceDiversityPopAll: DoubleSummaryStatistics{count=1000, sum=1.952762, min=0.000000, average=0.001953, max=0.092910}
Genotype diversity: 1.0
Entropy diversity: 6.886960863565456
PC diversity: 0.974
MPSLGP top 5 HV by task at generation 33:
  Task 0: #1 ind=31 HV=0.9523001421053309; #2 ind=2 HV=0.9519002596828284; #3 ind=4 HV=0.9488747412757027; #4 ind=13 HV=0.9464801811357664; #5 ind=14 HV=0.9463994401563651
  Task 1: #1 ind=0 HV=0.962678023131387; #2 ind=54 HV=0.9609360264780725; #3 ind=1 HV=0.9598628818123957; #4 ind=3 HV=0.9500329881960844; #5 ind=5 HV=0.9483225777445217
  Task 2: #1 ind=9 HV=0.9327728465455966; #2 ind=48 HV=0.9152106137958883; #3 ind=26 HV=0.9094918941099196; #4 ind=27 HV=0.9048764955692062; #5 ind=28 HV=0.9034092157481965

Pareto Front of Subpopulation 33
Objective 0: [5121.728583320335, 5184.41968482564, 5256.611561039812, 5391.756812701962, 5410.27378370479, 5420.855220884783, 5719.977865047113, 5757.304676047992, 5951.083330297319, 6120.8485020220105, 6256.651896925381, 6396.409594399127, 7012.482161105276]
Objective 1: [1799.836893472173, 1634.5614753802438, 1468.0911011898352, 1456.5032071907044, 1325.159366321619, 1295.284401402867, 1272.6692902940122, 1272.2887167328663, 1227.68663562015, 1209.7527180875913, 1180.2739814307715, 1152.6751081408438, 1103.5414139872519]
MPSLGP task 0 best fitness of generation Fitness: [5256.611561039812 1468.0911011898352]
MPSLGP task 1 best fitness of generation Fitness: [5420.855220884783 1295.284401402867]
MPSLGP task 2 best fitness of generation Fitness: [6256.651896925381 1180.2739814307715]
Generation 33 elapsed 107.0 seconds.
Generation 34
2
duration: 107.0
Preselection cleared number: 1994
MPSLGP task-balanced survival counts: [task 0=334, task 1=333, task 2=333]
Subpop 0 reduced 5000 -> 1000
ideal points: [4677.647111574573, 931.7663372235941]
nadir points: [6445.996691556007, 1576.3432521283103]
max objectives: [37872.11196524446, 10494.610561040565]
min objectives: [5197.385679527302, 1035.2959302484378]
HVOfIntermedidatePopPSL: DoubleSummaryStatistics{count=1000, sum=851.287038, min=0.000000, average=0.851287, max=0.977206}
preferenceDiversityPopAll: DoubleSummaryStatistics{count=1000, sum=1.582206, min=0.000000, average=0.001582, max=0.125346}
Genotype diversity: 1.0
Entropy diversity: 6.824510794638306
PC diversity: 0.987
MPSLGP top 5 HV by task at generation 34:
  Task 0: #1 ind=0 HV=0.9772056274335581; #2 ind=1 HV=0.9686478129364621; #3 ind=2 HV=0.9682663377248809; #4 ind=4 HV=0.9678862677270199; #5 ind=5 HV=0.9659542796984885
  Task 1: #1 ind=12 HV=0.9699439021364142; #2 ind=13 HV=0.9696265907317152; #3 ind=3 HV=0.9682598728879913; #4 ind=14 HV=0.9680120813173734; #5 ind=29 HV=0.9661400143025565
  Task 2: #1 ind=8 HV=0.9602311058229427; #2 ind=19 HV=0.9572344400640117; #3 ind=25 HV=0.9516217773945282; #4 ind=40 HV=0.9514576560472215; #5 ind=26 HV=0.950882991947766

Pareto Front of Subpopulation 34
Objective 0: [5197.385679527302, 5228.972011164529, 5259.5639695916325, 5408.25714245002, 5478.3816907114815, 5487.864956375386, 5497.693198871275, 5517.046125480905, 5928.838737966318, 6000.828949597781, 6218.521373440104, 6445.996691556007]
Objective 1: [1576.3432521283103, 1503.1712153811968, 1375.339011234595, 1271.0622958367312, 1269.4843653730059, 1245.9740868750814, 1244.2678550071432, 1153.3052906934463, 1150.2120490721281, 1136.1952532590658, 1119.9347657995531, 1035.2959302484378]
2
duration: 107.0
MPSLGP task 0 best fitness of generation Fitness: [5517.046125480905 1153.3052906934463]
MPSLGP task 1 best fitness of generation Fitness: [5487.864956375386 1245.9740868750814]
MPSLGP task 2 best fitness of generation Fitness: [6445.996691556007 1035.2959302484378]
Generation 34 elapsed 107.0 seconds.
Generation 35
Preselection cleared number: 2023
MPSLGP task-balanced survival counts: [task 0=334, task 1=333, task 2=333]
Subpop 0 reduced 5000 -> 1000
ideal points: [4630.059490442451, 834.3376409429962]
nadir points: [6205.191559361527, 1401.3296162539336]
max objectives: [69517.41507111676, 17971.565299963288]
min objectives: [5144.510544936056, 927.0418232699958]
HVOfIntermedidatePopPSL: DoubleSummaryStatistics{count=1000, sum=919.051118, min=0.000000, average=0.919051, max=0.992876}
preferenceDiversityPopAll: DoubleSummaryStatistics{count=1000, sum=1.218471, min=0.000000, average=0.001218, max=0.044960}
Genotype diversity: 1.0
Entropy diversity: 6.876550104823677
PC diversity: 1.0
MPSLGP top 5 HV by task at generation 35:
  Task 0: #1 ind=0 HV=0.9928757997828054; #2 ind=1 HV=0.9924291003724535; #3 ind=2 HV=0.9898491491204497; #4 ind=12 HV=0.9882886890109587; #5 ind=13 HV=0.9874116709634939
  Task 1: #1 ind=27 HV=0.9857358618626318; #2 ind=4 HV=0.9852001384689762; #3 ind=31 HV=0.9838501722576328; #4 ind=33 HV=0.9831722990214247; #5 ind=6 HV=0.9830352850148206
  Task 2: #1 ind=11 HV=0.9898312798163511; #2 ind=5 HV=0.9849233197582344; #3 ind=9 HV=0.9823003769936124; #4 ind=23 HV=0.9804706514123968; #5 ind=24 HV=0.9802855134745924

Pareto Front of Subpopulation 35
Objective 0: [5144.510544936056, 5183.342317093571, 5243.417220903153, 5270.840642338735, 5357.439711978193, 5437.894850114768, 5932.429725155933, 5983.517865089001, 6102.018219767953, 6192.587657967582, 6205.191559361527]
Objective 1: [1401.3296162539336, 1206.3969566519809, 1139.8157593017604, 1061.900106940302, 993.6746610609407, 963.4416903823148, 962.4247451584088, 952.271424101491, 951.902388342045, 939.0418816421588, 927.0418232699958]
2
duration: 110.0
MPSLGP task 0 best fitness of generation Fitness: [5437.894850114768 963.4416903823148]
MPSLGP task 1 best fitness of generation Fitness: [5932.429725155933 962.4247451584088]
MPSLGP task 2 best fitness of generation Fitness: [5983.517865089001 952.271424101491]
Generation 35 elapsed 110.0 seconds.
Generation 36
Preselection cleared number: 2000
MPSLGP task-balanced survival counts: [task 0=334, task 1=333, task 2=333]
Subpop 0 reduced 5000 -> 1000
ideal points: [4630.212295749632, 1035.3953520998155]
nadir points: [7003.8311623093905, 1835.5887078680244]
max objectives: [24558.81817526929, 12695.309131684611]
min objectives: [5144.680328610702, 1150.439280110906]
HVOfIntermedidatePopPSL: DoubleSummaryStatistics{count=1000, sum=819.467619, min=0.000000, average=0.819468, max=0.968921}
preferenceDiversityPopAll: DoubleSummaryStatistics{count=1000, sum=1.501806, min=0.000000, average=0.001502, max=0.105894}
Genotype diversity: 1.0
Entropy diversity: 6.892747613577748
PC diversity: 1.0
MPSLGP top 5 HV by task at generation 36:
  Task 0: #1 ind=0 HV=0.9689214702500992; #2 ind=1 HV=0.9663805190297828; #3 ind=42 HV=0.9637086423028467; #4 ind=13 HV=0.9612578234235925; #5 ind=14 HV=0.9604193842859994
  Task 1: #1 ind=58 HV=0.9482366584202839; #2 ind=59 HV=0.9456479272818679; #3 ind=62 HV=0.9434899287817613; #4 ind=23 HV=0.9348372591097697; #5 ind=112 HV=0.9272183296706457
  Task 2: #1 ind=8 HV=0.9405285759494251; #2 ind=22 HV=0.9353435453524208; #3 ind=11 HV=0.9322871925236261; #4 ind=37 HV=0.9241788337424999; #5 ind=38 HV=0.9227127537227385

Pareto Front of Subpopulation 36
Objective 0: [5144.680328610702, 5290.116565223667, 5299.890128829982, 5496.394702997641, 5562.612851545389, 5782.377322564658, 5906.413984792656, 6111.2187990173115, 6125.31112044421, 6161.891343260009, 6307.412276159797, 6428.013511247875, 7003.8311623093905]
Objective 1: [1835.5887078680244, 1809.721218688719, 1620.498748851489, 1296.646953008516, 1285.3640796314867, 1283.1334348857636, 1241.021114396979, 1233.6904029583966, 1221.0186170306115, 1216.1910336657165, 1179.2769854071375, 1151.75207458355, 1150.439280110906]
MPSLGP task 0 best fitness of generation Fitness: [5496.394702997641 1296.646953008516]
MPSLGP task 1 best fitness of generation Fitness: [7003.8311623093905 1150.439280110906]
MPSLGP task 2 best fitness of generation Fitness: [5144.680328610702 1835.5887078680244]
2
duration: 109.0
Generation 36 elapsed 109.0 seconds.
Generation 37
Preselection cleared number: 2020
MPSLGP task-balanced survival counts: [task 0=334, task 1=333, task 2=333]
Subpop 0 reduced 5000 -> 1000
ideal points: [4836.36104487548, 1102.5539828827373]
nadir points: [7276.239923923276, 1860.2185028298409]
max objectives: [26640.030839699437, 7587.823313799483]
min objectives: [5373.734494306089, 1225.059980980819]
HVOfIntermedidatePopPSL: DoubleSummaryStatistics{count=1000, sum=762.951833, min=0.000000, average=0.762952, max=0.957664}
preferenceDiversityPopAll: DoubleSummaryStatistics{count=1000, sum=1.595068, min=0.000000, average=0.001595, max=0.113211}
Genotype diversity: 1.0
Entropy diversity: 6.896935500697843
PC diversity: 1.0
MPSLGP top 5 HV by task at generation 37:
  Task 0: #1 ind=0 HV=0.9576637402221141; #2 ind=1 HV=0.9534309609241813; #3 ind=13 HV=0.9517529127913225; #4 ind=14 HV=0.9466291026077772; #5 ind=2 HV=0.9455050286358233
  Task 1: #1 ind=31 HV=0.9441827340769009; #2 ind=34 HV=0.9290507055818817; #3 ind=95 HV=0.9258762934981442; #4 ind=35 HV=0.9258089179586304; #5 ind=36 HV=0.9247504277870613
  Task 2: #1 ind=18 HV=0.9201482037490714; #2 ind=8 HV=0.9187200597408232; #3 ind=20 HV=0.915402899179209; #4 ind=10 HV=0.9081858654450152; #5 ind=25 HV=0.9014526755421938

Pareto Front of Subpopulation 37
Objective 0: [5373.734494306089, 5482.342530337977, 5505.840419376007, 5557.198833651608, 5661.903129511862, 5718.148834889522, 5737.050861346885, 6035.854172942287, 6112.084997444064, 6456.964772783569, 6852.074974702904, 7094.63092505571, 7276.239923923276]
Objective 1: [1860.2185028298409, 1846.1768739289546, 1676.8084064341092, 1662.0274623075384, 1565.2508923224523, 1414.1588953228202, 1379.8767685629136, 1368.5925156113226, 1356.1504175546143, 1315.1374848354608, 1291.7682527966099, 1268.8443195272703, 1225.059980980819]
MPSLGP task 0 best fitness of generation Fitness: [5737.050861346885 1379.8767685629136]
MPSLGP task 1 best fitness of generation Fitness: [7094.63092505571 1268.8443195272703]
MPSLGP task 2 best fitness of generation Fitness: [6852.074974702904 1291.7682527966099]
2
duration: 110.0
Generation 37 elapsed 110.0 seconds.
Generation 38
Preselection cleared number: 1936
MPSLGP task-balanced survival counts: [task 0=334, task 1=333, task 2=333]
Subpop 0 reduced 5000 -> 1000
ideal points: [4832.815801323694, 1159.7442202458187]
nadir points: [7440.43693208968, 2164.309041561515]
max objectives: [41074.14687128394, 14359.71006538588]
min objectives: [5369.795334804105, 1288.6046891620208]
HVOfIntermedidatePopPSL: DoubleSummaryStatistics{count=1000, sum=853.962553, min=0.000000, average=0.853963, max=0.973413}
preferenceDiversityPopAll: DoubleSummaryStatistics{count=1000, sum=2.605723, min=0.000000, average=0.002606, max=0.042193}
Genotype diversity: 1.0
Entropy diversity: 6.847652055294729
PC diversity: 1.0
MPSLGP top 5 HV by task at generation 38:
  Task 0: #1 ind=0 HV=0.9734126710934907; #2 ind=1 HV=0.9698678728501524; #3 ind=19 HV=0.9680297179813377; #4 ind=21 HV=0.9641568211429542; #5 ind=43 HV=0.9621630248718898
  Task 1: #1 ind=20 HV=0.9676845735585863; #2 ind=2 HV=0.9642045932702615; #3 ind=3 HV=0.9635279174846164; #4 ind=6 HV=0.9603154822350539; #5 ind=45 HV=0.9549790804221179
  Task 2: #1 ind=102 HV=0.9465181198745504; #2 ind=128 HV=0.9440283917858121; #3 ind=15 HV=0.9432387008283042; #4 ind=16 HV=0.9431422624057699; #5 ind=36 HV=0.9424471140860883

Pareto Front of Subpopulation 38
Objective 0: [5369.795334804105, 5402.660717746476, 5429.804519114434, 5442.299568727496, 5506.2791590567795, 5612.706862917083, 5869.952342260862, 6132.378051325562, 6162.09973298054, 6290.0105036835885, 6467.092335715308, 6666.637535211223, 6947.684119999525, 7033.653231764707, 7115.135138617537, 7115.135138617537, 7146.136215152626, 7161.520367159275, 7440.43693208968]
Objective 1: [2164.309041561515, 2016.4327975461347, 1873.569901021896, 1768.9585642208403, 1747.6264338091714, 1541.0730850494, 1493.0971534593555, 1470.8433297748707, 1467.600943909987, 1462.0195950904308, 1454.51207093228, 1429.3078088817565, 1415.8056076109497, 1390.0951264847827, 1376.9467520603357, 1376.9467520603357, 1355.2810157970234, 1328.7662649605336, 1288.6046891620208]
2
duration: 108.0
MPSLGP task 0 best fitness of generation Fitness: [5612.706862917083 1541.0730850494]
MPSLGP task 1 best fitness of generation Fitness: [6132.378051325562 1470.8433297748707]
MPSLGP task 2 best fitness of generation Fitness: [7115.135138617537 1376.9467520603357]
Generation 38 elapsed 108.0 seconds.
Generation 39
Preselection cleared number: 1929
MPSLGP task-balanced survival counts: [task 0=334, task 1=333, task 2=333]
Subpop 0 reduced 5000 -> 1000
ideal points: [4743.5708566741405, 981.020210141188]
nadir points: [6781.462398191681, 2069.6449387104367]
max objectives: [42129.625048973365, 24039.660530017456]
min objectives: [5270.63428519349, 1090.022455712431]
HVOfIntermedidatePopPSL: DoubleSummaryStatistics{count=1000, sum=796.815959, min=0.000000, average=0.796816, max=0.985574}
preferenceDiversityPopAll: DoubleSummaryStatistics{count=1000, sum=2.685666, min=0.000000, average=0.002686, max=0.079064}
Genotype diversity: 1.0
Entropy diversity: 6.551804897453771
PC diversity: 1.0
MPSLGP top 5 HV by task at generation 39:
  Task 0: #1 ind=1 HV=0.9833392896881934; #2 ind=2 HV=0.9827168958616392; #3 ind=3 HV=0.9825523298393647; #4 ind=15 HV=0.9819037212660443; #5 ind=4 HV=0.9817110344098557
  Task 1: #1 ind=0 HV=0.9855739976203893; #2 ind=17 HV=0.9803881428764069; #3 ind=18 HV=0.9797520535341958; #4 ind=6 HV=0.9791832905595186; #5 ind=35 HV=0.9791391663790027
  Task 2: #1 ind=11 HV=0.9726223036542045; #2 ind=47 HV=0.9683530319587843; #3 ind=48 HV=0.965221398004981; #4 ind=31 HV=0.9644496833802138; #5 ind=50 HV=0.9629372644241538

Pareto Front of Subpopulation 39
Objective 0: [5270.63428519349, 5300.939899006626, 5333.137629803503, 5382.869410993531, 5414.929846071405, 5431.7947125339415, 5634.350104022567, 5765.749940449779, 5885.557538307563, 5907.412588237465, 6090.030312790885, 6127.873009056435, 6347.819532877882, 6680.381619899883, 6781.462398191681]
Objective 1: [2069.6449387104367, 1572.2003146240313, 1466.74344347039, 1411.446321789259, 1375.7519198947994, 1312.2013938522468, 1254.535647943143, 1195.1537183769615, 1182.4788483690354, 1156.681038181312, 1132.155344394123, 1130.4334348788834, 1100.7264757957382, 1093.3879644502886, 1090.022455712431]
MPSLGP task 0 best fitness of generation Fitness: [5414.929846071405 1375.7519198947994]
MPSLGP task 1 best fitness of generation Fitness: [5431.7947125339415 1312.2013938522468]
MPSLGP task 2 best fitness of generation Fitness: [5270.63428519349 2069.6449387104367]
2
duration: 105.0
Generation 39 elapsed 105.0 seconds.
Generation 40
Preselection cleared number: 1811
MPSLGP task-balanced survival counts: [task 0=334, task 1=333, task 2=333]
Subpop 0 reduced 5000 -> 1000
ideal points: [4824.89623722086, 1152.108990416689]
nadir points: [7538.652703046799, 2422.3446473999647]
max objectives: [47752.135573301464, 16553.66418914123]
min objectives: [5360.9958191342885, 1280.1211004629877]
HVOfIntermedidatePopPSL: DoubleSummaryStatistics{count=1000, sum=868.937563, min=0.000000, average=0.868938, max=0.972034}
preferenceDiversityPopAll: DoubleSummaryStatistics{count=1000, sum=2.784263, min=0.000000, average=0.002784, max=0.049106}
Genotype diversity: 1.0
Entropy diversity: 6.88089243797721
PC diversity: 0.988
MPSLGP top 5 HV by task at generation 40:
  Task 0: #1 ind=11 HV=0.9656745139567751; #2 ind=2 HV=0.9653170766253423; #3 ind=13 HV=0.9596385355025829; #4 ind=3 HV=0.9585834792953956; #5 ind=194 HV=0.9565866545410546
  Task 1: #1 ind=0 HV=0.9720339365694709; #2 ind=1 HV=0.9675954224930452; #3 ind=12 HV=0.9632775613466812; #4 ind=29 HV=0.9621473208760433; #5 ind=14 HV=0.9587474364240117
  Task 2: #1 ind=46 HV=0.9464731439827454; #2 ind=49 HV=0.942546571415367; #3 ind=26 HV=0.9410547785459017; #4 ind=64 HV=0.9399625101974256; #5 ind=66 HV=0.937380064445236

Pareto Front of Subpopulation 40
Objective 0: [5360.9958191342885, 5487.228737934842, 5856.076627371949, 5956.449226796161, 6166.395176396414, 6723.819454155571, 7075.015741377487, 7096.44662644394, 7275.052950785088, 7350.872483737767, 7538.652703046799]
Objective 1: [2422.3446473999647, 1752.971025352148, 1728.1181780993793, 1485.1710021722974, 1479.5835311414703, 1434.0790465543978, 1417.4679880045587, 1327.0399796284473, 1306.2254563080642, 1294.2888495507214, 1280.1211004629877]
MPSLGP task 0 best fitness of generation Fitness: [5487.228737934842 1752.971025352148]
MPSLGP task 1 best fitness of generation Fitness: [5956.449226796161 1485.1710021722974]
MPSLGP task 2 best fitness of generation Fitness: [7727.307642918138 1313.349271902247]
2
duration: 109.0
Generation 40 elapsed 109.0 seconds.
Generation 41
Preselection cleared number: 1818
MPSLGP task-balanced survival counts: [task 0=334, task 1=333, task 2=333]
Subpop 0 reduced 5000 -> 1000
ideal points: [4649.758748292702, 871.0029782543018]
nadir points: [6050.1415102522005, 1458.927806698979]
max objectives: [28251.522009090462, 9449.897773654302]
min objectives: [5166.398609214113, 967.7810869492241]
HVOfIntermedidatePopPSL: DoubleSummaryStatistics{count=1000, sum=815.536850, min=0.000000, average=0.815537, max=0.976561}
preferenceDiversityPopAll: DoubleSummaryStatistics{count=1000, sum=3.809514, min=0.000000, average=0.003810, max=0.066534}
Genotype diversity: 1.0
Entropy diversity: 6.772765021853292
PC diversity: 0.988
MPSLGP top 5 HV by task at generation 41:
  Task 0: #1 ind=1 HV=0.9735184743372504; #2 ind=3 HV=0.9721246861257882; #3 ind=6 HV=0.9686653114240502; #4 ind=7 HV=0.9680350735712999; #5 ind=21 HV=0.9618634049605345
  Task 1: #1 ind=0 HV=0.976560733815045; #2 ind=14 HV=0.9750614446788607; #3 ind=31 HV=0.9734606556193934; #4 ind=2 HV=0.9732726406577656; #5 ind=4 HV=0.9719985053403597
  Task 2: #1 ind=22 HV=0.9610768311043785; #2 ind=67 HV=0.9450039402150584; #3 ind=72 HV=0.935759395325044; #4 ind=91 HV=0.9349976808627145; #5 ind=110 HV=0.933092272125498

Pareto Front of Subpopulation 41
Objective 0: [5166.398609214113, 5256.404462314909, 5257.607672271202, 5399.782475741347, 5400.662735580321, 5493.968263169867, 5572.713433033146, 5603.915217523929, 5616.930831309815, 5656.137840777636, 5665.092022914905, 6016.568217937485, 6048.710670759843, 6050.1415102522005]
Objective 1: [1458.927806698979, 1323.9536413165624, 1132.4188786951272, 1116.0456353527115, 1105.0960666509927, 1096.3125828135817, 1092.837302377855, 1070.9813164147927, 1062.030411477317, 1050.1067432108248, 1016.5364896911633, 989.1064098649222, 978.2452427431999, 967.7810869492241]
MPSLGP task 0 best fitness of generation Fitness: [5400.662735580321 1105.0960666509927]
MPSLGP task 1 best fitness of generation Fitness: [5257.607672271202 1132.4188786951272]
MPSLGP task 2 best fitness of generation Fitness: [5851.134994293272 1016.6944032667088]
2
duration: 110.0
Generation 41 elapsed 110.0 seconds.
Generation 42
Preselection cleared number: 2005
MPSLGP task-balanced survival counts: [task 0=334, task 1=333, task 2=333]
Subpop 0 reduced 5000 -> 1000
ideal points: [4693.116209291329, 979.6939304378437]
nadir points: [6651.539978488348, 1393.843242654344]
max objectives: [29892.42489593837, 9290.234277373223]
min objectives: [5214.573565879255, 1088.548811597604]
HVOfIntermedidatePopPSL: DoubleSummaryStatistics{count=1000, sum=791.368997, min=0.000000, average=0.791369, max=0.976902}
preferenceDiversityPopAll: DoubleSummaryStatistics{count=1000, sum=4.050561, min=0.000000, average=0.004051, max=0.073847}
Genotype diversity: 1.0
Entropy diversity: 6.7267983417018735
PC diversity: 0.989
MPSLGP top 5 HV by task at generation 42:
  Task 0: #1 ind=28 HV=0.9547328307666523; #2 ind=29 HV=0.951136107302973; #3 ind=15 HV=0.9510305172834269; #4 ind=16 HV=0.9508791957470687; #5 ind=17 HV=0.9504871406142965
  Task 1: #1 ind=0 HV=0.9769024323964733; #2 ind=1 HV=0.9698516040390951; #3 ind=9 HV=0.9655737883952932; #4 ind=2 HV=0.9626247951854683; #5 ind=10 HV=0.9622779314359787
  Task 2: #1 ind=20 HV=0.945142298750549; #2 ind=41 HV=0.9415530906408974; #3 ind=63 HV=0.9362132416076606; #4 ind=46 HV=0.9334547661897312; #5 ind=67 HV=0.9325905889685917

Pareto Front of Subpopulation 42
Objective 0: [5214.573565879255, 5302.18658183582, 5437.715156518825, 5591.699103638792, 5776.566687176237, 5905.181388020195, 6052.865420007729, 6477.120361428708, 6651.539978488348]
Objective 1: [1393.843242654344, 1304.937387232756, 1299.7891716753074, 1286.2347946885275, 1236.602524171969, 1200.260980425519, 1135.4407716179558, 1098.984524696425, 1088.548811597604]
MPSLGP task 0 best fitness of generation Fitness: [5770.742156487802 1288.8674484170624]
MPSLGP task 1 best fitness of generation Fitness: [5437.715156518825 1299.7891716753074]
MPSLGP task 2 best fitness of generation Fitness: [6244.706396394322 1169.8912622710923]
2
duration: 103.0
Generation 42 elapsed 103.0 seconds.
Generation 43
Preselection cleared number: 1960
MPSLGP task-balanced survival counts: [task 0=334, task 1=333, task 2=333]
Subpop 0 reduced 5000 -> 1000
ideal points: [4702.664549703273, 990.7276982582306]
nadir points: [6595.241298755282, 2418.9726742070343]
max objectives: [402615.9859091323, 143554.57745673996]
min objectives: [5225.182833003637, 1100.8085536202561]
HVOfIntermedidatePopPSL: DoubleSummaryStatistics{count=1000, sum=927.748418, min=0.000000, average=0.927748, max=0.998386}
preferenceDiversityPopAll: DoubleSummaryStatistics{count=1000, sum=5.433443, min=0.000000, average=0.005433, max=0.073492}
Genotype diversity: 1.0
Entropy diversity: 6.649100358387206
PC diversity: 0.98
MPSLGP top 5 HV by task at generation 43:
  Task 0: #1 ind=3 HV=0.9979050185676905; #2 ind=5 HV=0.9974976993956267; #3 ind=25 HV=0.9972187985797191; #4 ind=17 HV=0.9972025457961382; #5 ind=18 HV=0.9971744000363073
  Task 1: #1 ind=0 HV=0.9983859219278891; #2 ind=2 HV=0.9980698828698277; #3 ind=11 HV=0.9978625335918857; #4 ind=23 HV=0.9978333905616124; #5 ind=4 HV=0.9977718178067964
  Task 2: #1 ind=1 HV=0.9981620394845669; #2 ind=47 HV=0.9966144088878705; #3 ind=50 HV=0.9965576130469153; #4 ind=7 HV=0.9965481469405102; #5 ind=71 HV=0.996301448094372

Pareto Front of Subpopulation 43
Objective 0: [5225.182833003637, 5372.356608518399, 5391.363074249239, 5469.685457094689, 5678.3402655298705, 5687.777580623166, 5884.855799550307, 5912.359574827016, 6533.514285431884, 6582.6256159615, 6595.241298755282]
Objective 1: [2418.9726742070343, 1563.3577649194049, 1366.8159366440814, 1277.3873434161942, 1246.4651674538618, 1225.438206027451, 1214.2159034299839, 1112.252839153065, 1105.378571357971, 1103.235027728675, 1100.8085536202561]
MPSLGP task 0 best fitness of generation Fitness: [5687.777580623166 1225.438206027451]
MPSLGP task 1 best fitness of generation Fitness: [5391.363074249239 1366.8159366440814]
MPSLGP task 2 best fitness of generation Fitness: [5912.359574827016 1112.252839153065]
Generation 43 elapsed 110.0 seconds.
Generation 44
2
duration: 110.0
Preselection cleared number: 1901
MPSLGP task-balanced survival counts: [task 0=334, task 1=333, task 2=333]
Subpop 0 reduced 5000 -> 1000
ideal points: [4658.7415770359685, 942.9675768492256]
nadir points: [6616.319343110081, 2475.0631034198595]
max objectives: [33341.579681744304, 12173.659216204956]
min objectives: [5176.379530039965, 1047.741752054695]
HVOfIntermedidatePopPSL: DoubleSummaryStatistics{count=1000, sum=760.416094, min=0.000000, average=0.760416, max=0.969457}
preferenceDiversityPopAll: DoubleSummaryStatistics{count=1000, sum=5.283393, min=0.000000, average=0.005283, max=0.101421}
Genotype diversity: 1.0
Entropy diversity: 6.5013861142913925
PC diversity: 0.987
MPSLGP top 5 HV by task at generation 44:
  Task 0: #1 ind=18 HV=0.9644998957530669; #2 ind=6 HV=0.9570901767140904; #3 ind=7 HV=0.9568571677658855; #4 ind=8 HV=0.9566442364246213; #5 ind=10 HV=0.955318428078334
  Task 1: #1 ind=0 HV=0.9694570901129307; #2 ind=17 HV=0.9679552184307304; #3 ind=1 HV=0.9637887397957583; #4 ind=2 HV=0.9603547148982002; #5 ind=3 HV=0.9596891430304367
  Task 2: #1 ind=44 HV=0.9413932810797258; #2 ind=46 HV=0.9405066804362665; #3 ind=31 HV=0.9388837146332322; #4 ind=69 HV=0.9356101820723473; #5 ind=50 HV=0.933840100257865

Pareto Front of Subpopulation 44
Objective 0: [5176.379530039965, 5204.301381148747, 5338.082802550256, 5355.788765727717, 5372.930167515617, 5485.752982443548, 5630.022622100485, 5645.250775225082, 5666.614474811795, 5766.143655477674, 5766.572831749305, 5797.1591662205465, 6055.72956589167, 6072.862022717192, 6102.928062727209, 6494.011062162404, 6616.319343110081]
Objective 1: [2475.0631034198595, 1838.4716301421504, 1581.5065611716855, 1512.5531190108522, 1354.64651862163, 1352.9768208788519, 1336.270039313371, 1321.0725277284582, 1295.101288010752, 1291.818782652117, 1290.5587224654737, 1251.663647755966, 1247.432658130987, 1190.0319832729656, 1171.9501250762987, 1112.1381039326952, 1047.741752054695]
MPSLGP task 0 best fitness of generation Fitness: [5630.022622100485 1336.270039313371]
MPSLGP task 1 best fitness of generation Fitness: [5372.930167515617 1354.64651862163]
MPSLGP task 2 best fitness of generation Fitness: [5176.379530039965 2475.0631034198595]
Generation 44 elapsed 94.0 seconds.
Generation 45
2
duration: 94.0
Preselection cleared number: 1813
MPSLGP task-balanced survival counts: [task 0=334, task 1=333, task 2=333]
Subpop 0 reduced 5000 -> 1000
ideal points: [4540.926389399171, 940.9417684894928]
nadir points: [6821.963415508857, 1936.796101912958]
max objectives: [35831.2770823976, 8561.8192705994]
min objectives: [5045.473765999079, 1045.4908538772142]
HVOfIntermedidatePopPSL: DoubleSummaryStatistics{count=1000, sum=822.286330, min=0.000000, average=0.822286, max=0.988845}
preferenceDiversityPopAll: DoubleSummaryStatistics{count=1000, sum=5.101553, min=0.000000, average=0.005102, max=0.101411}
Genotype diversity: 1.0
Entropy diversity: 6.851046456112997
PC diversity: 0.994
MPSLGP top 5 HV by task at generation 45:
  Task 0: #1 ind=5 HV=0.9550831569096351; #2 ind=14 HV=0.9531049352332821; #3 ind=24 HV=0.9528020231377673; #4 ind=26 HV=0.9516841576983436; #5 ind=15 HV=0.9516820932794825
  Task 1: #1 ind=11 HV=0.9888452145032038; #2 ind=0 HV=0.9842637735626408; #3 ind=1 HV=0.9725636879617751; #4 ind=116 HV=0.9714854878043142; #5 ind=41 HV=0.9699644197790012
  Task 2: #1 ind=4 HV=0.9556611739032355; #2 ind=54 HV=0.9364430756511528; #3 ind=95 HV=0.929434353644484; #4 ind=118 HV=0.9276230600260069; #5 ind=101 HV=0.9271979896994785

Pareto Front of Subpopulation 45
Objective 0: [5045.473765999079, 5127.012090819189, 5201.307457245071, 5841.841756838374, 5921.580649753159, 5988.77457776916, 6101.467536195647, 6147.660655557178, 6426.666507927701, 6493.493272592546, 6821.963415508857]
Objective 1: [1936.796101912958, 1480.5109804001113, 1204.976832923494, 1181.9989228646446, 1159.94597101798, 1137.7821437236416, 1123.8625754148088, 1071.346192092169, 1070.5754454819107, 1067.2630806842935, 1045.4908538772142]
2
duration: 96.0
MPSLGP task 0 best fitness of generation Fitness: [5841.841756838374 1181.9989228646446]
MPSLGP task 1 best fitness of generation Fitness: [5127.012090819189 1480.5109804001113]
MPSLGP task 2 best fitness of generation Fitness: [5921.580649753159 1159.94597101798]
Generation 45 elapsed 96.0 seconds.
Generation 46
Preselection cleared number: 1946
MPSLGP task-balanced survival counts: [task 0=334, task 1=333, task 2=333]
Subpop 0 reduced 5000 -> 1000
ideal points: [4691.438203179895, 886.6037842585189]
nadir points: [5965.3551541991765, 1357.7698110975907]
max objectives: [87156.15203321181, 46545.233750524436]
min objectives: [5212.709114644327, 985.1153158427987]
HVOfIntermedidatePopPSL: DoubleSummaryStatistics{count=1000, sum=919.266701, min=0.000000, average=0.919267, max=0.995191}
preferenceDiversityPopAll: DoubleSummaryStatistics{count=1000, sum=6.876213, min=0.000000, average=0.006876, max=0.111590}
Genotype diversity: 1.0
Entropy diversity: 6.739864640728723
PC diversity: 0.986
MPSLGP top 5 HV by task at generation 46:
  Task 0: #1 ind=0 HV=0.9939341905853056; #2 ind=2 HV=0.9926002625482017; #3 ind=3 HV=0.9923455243382536; #4 ind=22 HV=0.9917124360731246; #5 ind=4 HV=0.9911922932982045
  Task 1: #1 ind=9 HV=0.9951911552486764; #2 ind=10 HV=0.9935925981265028; #3 ind=1 HV=0.9933646586473063; #4 ind=88 HV=0.9910470581610623; #5 ind=6 HV=0.9907813294445124
  Task 2: #1 ind=66 HV=0.991662170427235; #2 ind=11 HV=0.9899350100021106; #3 ind=27 HV=0.9878981839253116; #4 ind=28 HV=0.9876856803062655; #5 ind=19 HV=0.9875027579773137

Pareto Front of Subpopulation 46
Objective 0: [5212.709114644327, 5361.73422871076, 5414.96500858356, 5461.919477041491, 5481.72903470599, 5667.452627055842, 5892.75412166724, 5935.311704236956, 5965.3551541991765]
Objective 1: [1357.7698110975907, 1291.8206008125562, 1273.8049601819366, 1186.6801511890371, 1107.677019198367, 1066.787322545817, 1060.8105504983178, 1056.1364484204823, 985.1153158427987]
2
duration: 94.0
MPSLGP task 0 best fitness of generation Fitness: [5481.72903470599 1107.677019198367]
MPSLGP task 1 best fitness of generation Fitness: [5212.709114644327 1357.7698110975907]
MPSLGP task 2 best fitness of generation Fitness: [5827.098407847923 1084.4190381380977]
Generation 46 elapsed 94.0 seconds.
Generation 47
Preselection cleared number: 1947
MPSLGP task-balanced survival counts: [task 0=334, task 1=333, task 2=333]
Subpop 0 reduced 5000 -> 1000
ideal points: [4633.0655886878085, 961.1666345896083]
nadir points: [6659.391969827353, 1509.5861636126065]
max objectives: [58234.70812166331, 17638.6537020565]
min objectives: [5147.850654097565, 1067.962927321787]
HVOfIntermedidatePopPSL: DoubleSummaryStatistics{count=1000, sum=874.859569, min=0.000000, average=0.874860, max=0.982303}
preferenceDiversityPopAll: DoubleSummaryStatistics{count=1000, sum=8.501284, min=0.000000, average=0.008501, max=0.113011}
Genotype diversity: 1.0
Entropy diversity: 6.787688398226731
PC diversity: 0.985
MPSLGP top 5 HV by task at generation 47:
  Task 0: #1 ind=2 HV=0.9801560727945532; #2 ind=3 HV=0.9793730459083603; #3 ind=31 HV=0.977143017861399; #4 ind=50 HV=0.9764448784061899; #5 ind=51 HV=0.975121468350951
  Task 1: #1 ind=0 HV=0.9823032967323638; #2 ind=1 HV=0.980769973869138; #3 ind=11 HV=0.9799263496624234; #4 ind=49 HV=0.9774307593345055; #5 ind=12 HV=0.9772065493443608
  Task 2: #1 ind=7 HV=0.9721013743076158; #2 ind=8 HV=0.9711770647174868; #3 ind=21 HV=0.9695750101355177; #4 ind=23 HV=0.9693987405055008; #5 ind=24 HV=0.9689518183339726

Pareto Front of Subpopulation 47
Objective 0: [5147.850654097565, 5286.453415221244, 5378.142681610363, 5592.291515501565, 5741.556526513712, 5841.448813700932, 6278.508117543708, 6354.820556090621, 6462.023831353465, 6572.394282097928, 6659.391969827353]
Objective 1: [1509.5861636126065, 1445.3998773575877, 1289.0101303845295, 1254.534683742415, 1200.2248612690892, 1191.0515096367017, 1170.685630279535, 1160.8521919224295, 1110.3119877159916, 1107.1972879113746, 1067.962927321787]
2
duration: 99.0
MPSLGP task 0 best fitness of generation Fitness: [5592.291515501565 1254.534683742415]
MPSLGP task 1 best fitness of generation Fitness: [5378.142681610363 1289.0101303845295]
MPSLGP task 2 best fitness of generation Fitness: [6278.508117543708 1170.685630279535]
Generation 47 elapsed 99.0 seconds.
Generation 48
Preselection cleared number: 1945
MPSLGP task-balanced survival counts: [task 0=334, task 1=333, task 2=333]
Subpop 0 reduced 5000 -> 1000
ideal points: [4725.659017083608, 999.2922419382245]
nadir points: [6674.2655279754545, 1410.4847946939117]
max objectives: [37449.00683438487, 11727.34258551005]
min objectives: [5250.7322412040085, 1110.3247132646939]
HVOfIntermedidatePopPSL: DoubleSummaryStatistics{count=1000, sum=824.948782, min=0.000000, average=0.824949, max=0.983366}
preferenceDiversityPopAll: DoubleSummaryStatistics{count=1000, sum=11.630975, min=0.000000, average=0.011631, max=0.114120}
Genotype diversity: 1.0
Entropy diversity: 6.83009569269278
PC diversity: 0.971
MPSLGP top 5 HV by task at generation 48:
  Task 0: #1 ind=3 HV=0.9715313540150169; #2 ind=30 HV=0.9714050823121008; #3 ind=5 HV=0.9706356779692065; #4 ind=6 HV=0.9695999500089494; #5 ind=31 HV=0.9687093089055225
  Task 1: #1 ind=0 HV=0.9833655800668614; #2 ind=1 HV=0.9818957145663362; #3 ind=2 HV=0.9792227460343141; #4 ind=10 HV=0.975976224170844; #5 ind=29 HV=0.9751808384275904
  Task 2: #1 ind=7 HV=0.9665387815690698; #2 ind=18 HV=0.966061451045982; #3 ind=19 HV=0.9647074051062315; #4 ind=39 HV=0.9625047843194124; #5 ind=40 HV=0.9621601877486972

Pareto Front of Subpopulation 48
Objective 0: [5250.7322412040085, 5344.954807539034, 5373.639943249989, 5696.471825872897, 5922.8418502198765, 5945.3386206120485, 5951.329362727236, 6167.800263478304, 6479.779923387978, 6674.2655279754545]
Objective 1: [1410.4847946939117, 1297.8302371784375, 1245.6280901199352, 1209.3540289330413, 1204.5149504094734, 1187.0458893746254, 1176.61374645053, 1154.2714513597457, 1149.9494999489107, 1110.3247132646939]
2
duration: 101.0
MPSLGP task 0 best fitness of generation Fitness: [5951.329362727236 1176.61374645053]
MPSLGP task 1 best fitness of generation Fitness: [5373.639943249989 1245.6280901199352]
MPSLGP task 2 best fitness of generation Fitness: [6167.800263478304 1154.2714513597457]
Generation 48 elapsed 101.0 seconds.
Generation 49
Preselection cleared number: 2017
MPSLGP task-balanced survival counts: [task 0=334, task 1=333, task 2=333]
Subpop 0 reduced 5000 -> 1000
ideal points: [4624.874111049873, 974.3259265263129]
nadir points: [6556.527032504207, 1651.0090463887318]
max objectives: [41087.35878474254, 13250.174259792053]
min objectives: [5138.749012277636, 1082.5843628070143]
HVOfIntermedidatePopPSL: DoubleSummaryStatistics{count=1000, sum=845.354696, min=0.000000, average=0.845355, max=0.985562}
preferenceDiversityPopAll: DoubleSummaryStatistics{count=1000, sum=6.835679, min=0.000000, average=0.006836, max=0.126989}
Genotype diversity: 1.0
Entropy diversity: 6.807331111190402
PC diversity: 0.969
MPSLGP top 5 HV by task at generation 49:
  Task 0: #1 ind=30 HV=0.9833888274633897; #2 ind=1 HV=0.9763826862794122; #3 ind=4 HV=0.9748505189871942; #4 ind=5 HV=0.9732903859269795; #5 ind=31 HV=0.9686922848837103
  Task 1: #1 ind=29 HV=0.9855618891699481; #2 ind=0 HV=0.976684418474874; #3 ind=47 HV=0.9758178251277287; #4 ind=11 HV=0.9752697480567282; #5 ind=2 HV=0.9749896711846353
  Task 2: #1 ind=21 HV=0.9654595742097986; #2 ind=23 HV=0.9635874146113705; #3 ind=26 HV=0.9566411847144032; #4 ind=27 HV=0.9546961662531569; #5 ind=83 HV=0.950585806555865

Pareto Front of Subpopulation 49
Objective 0: [5138.749012277636, 5215.156184137682, 5250.0876556708245, 5339.201282164431, 5489.909510510042, 5650.070741788368, 5672.01634499518, 5785.323683951283, 6403.012865716126, 6414.455971985706, 6556.527032504207]
Objective 1: [1651.0090463887318, 1549.9763241850596, 1328.0680468571081, 1318.9824906837312, 1267.6842231289775, 1228.8743142799067, 1203.0304489690898, 1145.762207196938, 1097.5995270320855, 1083.2410012028995, 1082.5843628070143]
2
duration: 105.0
MPSLGP task 0 best fitness of generation Fitness: [5785.323683951283 1145.762207196938]
MPSLGP task 1 best fitness of generation Fitness: [5250.0876556708245 1328.0680468571081]
MPSLGP task 2 best fitness of generation Fitness: [5926.781268785009 1209.6306201808038]
Generation 49 elapsed 105.0 seconds.
Generation 50
Preselection cleared number: 2007
MPSLGP task-balanced survival counts: [task 0=334, task 1=333, task 2=333]
Subpop 0 reduced 5000 -> 1000
ideal points: [4948.3844395810565, 1036.6742455671454]
nadir points: [7129.727468105266, 1867.4784649741923]
max objectives: [43412.93691089982, 16098.361809962618]
min objectives: [5498.20493286784, 1151.8602728523838]
HVOfIntermedidatePopPSL: DoubleSummaryStatistics{count=1000, sum=828.901258, min=0.000000, average=0.828901, max=0.981652}
preferenceDiversityPopAll: DoubleSummaryStatistics{count=1000, sum=6.686410, min=0.000000, average=0.006686, max=0.115589}
Genotype diversity: 1.0
Entropy diversity: 6.804333063171265
PC diversity: 0.978
MPSLGP top 5 HV by task at generation 50:
  Task 0: #1 ind=0 HV=0.9816522466823709; #2 ind=2 HV=0.9761802795302574; #3 ind=18 HV=0.9734062908339398; #4 ind=5 HV=0.9702721291249073; #5 ind=8 HV=0.9687443353043371
  Task 1: #1 ind=14 HV=0.9805670209506492; #2 ind=1 HV=0.9775515015475987; #3 ind=15 HV=0.9769334023519651; #4 ind=3 HV=0.9752344114116108; #5 ind=16 HV=0.9746184015213455
  Task 2: #1 ind=7 HV=0.9688646216739274; #2 ind=9 HV=0.965378195962966; #3 ind=29 HV=0.9604854724660764; #4 ind=49 HV=0.9580954601791871; #5 ind=51 HV=0.9569951777057905

Pareto Front of Subpopulation 50
Objective 0: [5498.20493286784, 5536.163946609013, 5639.969791601878, 5648.315927224059, 5670.198379369744, 5681.526643913938, 6019.871965472645, 6250.7484716818435, 6332.646528444544, 6345.130852305563, 6548.3526544069755, 6583.567835709779, 7047.654029152356, 7129.727468105266]
Objective 1: [1867.4784649741923, 1824.0339153235254, 1720.888132266773, 1489.224628792057, 1452.9071051418723, 1353.4485102854815, 1298.8733409446286, 1291.615278559475, 1279.553295897509, 1261.4018805105443, 1241.9027935913036, 1175.3198234235315, 1155.5544543435972, 1151.8602728523838]
MPSLGP task 0 best fitness of generation Fitness: [5681.526643913938 1353.4485102854815]
MPSLGP task 1 best fitness of generation Fitness: [7047.654029152356 1155.5544543435972]
MPSLGP task 2 best fitness of generation Fitness: [6583.567835709779 1175.3198234235315]
1
duration: 113.0
Generation 50 elapsed 113.0 seconds.
The whole program elapsed 4752.0 seconds.

进程已结束，退出代码为 0
