C:\Users\xumen\.jdks\openjdk-26.0.1\bin\java.exe --add-opens java.base/java.lang=ALL-UNNAMED "-javaagent:C:\Program Files\JetBrains\IntelliJ IDEA 2026.1.1\lib\idea_rt.jar=57262" -Dfile.encoding=UTF-8 -Dsun.stdout.encoding=UTF-8 -Dsun.stderr.encoding=UTF-8 -classpath D:\javaProject\GPDFJSS-MENG\out\production\GPDFJSS-MENG;D:\javaProject\GPDFJSS-MENG\libraries\weka.jar;D:\javaProject\GPDFJSS-MENG\libraries\itext-1.2.jar;D:\javaProject\GPDFJSS-MENG\libraries\EJML-dense64-0.27.jar;D:\javaProject\GPDFJSS-MENG\libraries\commons-lang3-3.4.jar;D:\javaProject\GPDFJSS-MENG\libraries\Jama-1.0.3.jar;D:\javaProject\GPDFJSS-MENG\libraries\commons-math3-3.5.jar;D:\javaProject\GPDFJSS-MENG\libraries\okio-1.17.5.jar;D:\javaProject\GPDFJSS-MENG\libraries\jfreechart-1.0.19.jar;D:\javaProject\GPDFJSS-MENG\libraries\commons-lang3-3.4-javadoc.jar;D:\javaProject\GPDFJSS-MENG\libraries\EJML-core-0.27.jar;D:\javaProject\GPDFJSS-MENG\libraries\okio-jvm-3.9.1.jar;D:\javaProject\GPDFJSS-MENG\libraries\EJML-simple-0.27.jar;D:\javaProject\GPDFJSS-MENG\libraries\okhttp-3.14.9.jar;D:\javaProject\GPDFJSS-MENG\libraries\json-20240303.jar;D:\javaProject\GPDFJSS-MENG\libraries\kotlin-stdlib-2.1.0-RC2.jar;D:\javaProject\GPDFJSS-MENG\libraries\okhttp-5.0.0-alpha.14.jar;D:\javaProject\GPDFJSS-MENG\libraries\commons-math3-3.5-javadoc.jar;D:\javaProject\GPDFJSS-MENG\libraries\jzlib-1.0.7.jar;D:\javaProject\GPDFJSS-MENG\libraries\jcommon-1.0.23.jar;D:\javaProject\GPDFJSS-MENG\libraries\pshecj.jar;D:\javaProject\GPDFJSS-MENG\libraries\okio-3.9.1.jar yimei.jss.gp.GPMain

| ECJ
| An evolutionary computation system (version 23)
| By Sean Luke
| Contributors: L. Panait, G. Balan, S. Paus, Z. Skolicki, R. Kicinger,
|               E. Popovici, K. Sullivan, J. Harrison, J. Bassett, R. Hubley,
|               A. Desai, A. Chircop, J. Compton, W. Haddon, S. Donnelly,
|               B. Jamil, J. Zelibor, E. Kangas, F. Abidi, H. Mooers,
|               J. O'Beirne, L. Manzoni, K. Talukder, and J. McDermott
| URL: http://cs.gmu.edu/~eclab/projects/ecj/
| Mail: ecj-help@cs.gmu.edu
|       (better: join ECJ-INTEREST at URL above)
| Date: June 15, 2015
| Current Java: 26.0.1 / OpenJDK 64-Bit Server VM-26.0.1+8-34
| Required Minimum Java: 1.5


Threads:  breed/1 eval/1
Seed: 22
Job: 0
Setting up
Processing GP Types
Processing GP Node Constraints
Processing GP Function Sets
No GPFunctionSet specified, assuming the default class: ec.gp.GPFunctionSet for gp.fs.0
Processing GP Tree Constraints
WARNING:
You're using elitism with NSGA2Breeder, which is not permitted and will be ignored.  However the reevaluate-elites parameter *will* bre recognized by NSGAEvaluator.
PARAMETER: breed.elite.0
Initializing Generation 0
ideal points: [7123.57030612483, 1285.8026403756478]
nadir points: [8354.678401669546, 2249.9589085114276]
max objectives: [636323.1603378257, 161465.13104757224]
min objectives: [7915.078117916477, 1428.6696004173864]
HVOfIntermedidatePopPSL: DoubleSummaryStatistics{count=1000, sum=506.093698, min=0.000000, average=0.506094, max=0.999293}
preferenceDiversityPopAll: DoubleSummaryStatistics{count=1000, sum=7.836908, min=0.000000, average=0.007837, max=0.119553}
Genotype diversity: 1.0
Entropy diversity: 4.0041320041762045
PC diversity: 0.874
MPSLGP top 5 HV by task at generation 0:
  Task 0: #1 ind=0 HV=0.9992926209137032; #2 ind=28 HV=0.998489191688891; #3 ind=9 HV=0.9981187947364404; #4 ind=22 HV=0.9974436560152994; #5 ind=48 HV=0.997223482623588
  Task 1: #1 ind=1 HV=0.9983649218861556; #2 ind=6 HV=0.9982504685714467; #3 ind=2 HV=0.9977795614725902; #4 ind=12 HV=0.9977115912015195; #5 ind=3 HV=0.9975979812335855
  Task 2: #1 ind=5 HV=0.9982592761977201; #2 ind=7 HV=0.9980943599020544; #3 ind=10 HV=0.9978400311125198; #4 ind=11 HV=0.9977250936995147; #5 ind=16 HV=0.9975711857102159

Pareto Front of Subpopulation 0
Objective 0: [7915.078117916477, 8015.29053020585, 8241.03415611951, 8347.921036216721, 8354.678401669546]
Objective 1: [2249.9589085114276, 1782.618033545783, 1697.3988324943857, 1577.7094180288332, 1428.6696004173864]
MPSLGP task 0 best fitness of generation Fitness: [8354.678401669546 1428.6696004173864]
MPSLGP task 1 best fitness of generation Fitness: [8347.921036216721 1577.7094180288332]
MPSLGP task 2 best fitness of generation Fitness: [7915.078117916477 2249.9589085114276]
2
duration: 34.0
Generation 0 elapsed 34.0 seconds.
Generation 1
Preselection cleared number: 1612
MPSLGP task-balanced survival counts: [task 0=334, task 1=333, task 2=333]
Subpop 0 reduced 5000 -> 1000
ideal points: [5267.256708499946, 1155.5178206913006]
nadir points: [7405.557380516926, 2859.798933694292]
max objectives: [637676.1125063836, 167665.608087389]
min objectives: [5852.507453888829, 1283.9086896570007]
HVOfIntermedidatePopPSL: DoubleSummaryStatistics{count=1000, sum=921.692483, min=0.000000, average=0.921692, max=0.997527}
preferenceDiversityPopAll: DoubleSummaryStatistics{count=1000, sum=8.999183, min=0.000000, average=0.008999, max=0.107231}
Genotype diversity: 1.0
Entropy diversity: 6.553034265124967
PC diversity: 0.958
MPSLGP top 5 HV by task at generation 1:
  Task 0: #1 ind=0 HV=0.9975268159280894; #2 ind=1 HV=0.997456006838394; #3 ind=4 HV=0.9974181708762905; #4 ind=30 HV=0.9971836843762616; #5 ind=31 HV=0.9971685619173205
  Task 1: #1 ind=32 HV=0.9955507317175453; #2 ind=25 HV=0.9950643723082971; #3 ind=26 HV=0.9947155209544808; #4 ind=23 HV=0.9946713787603626; #5 ind=34 HV=0.9946281133850816
  Task 2: #1 ind=5 HV=0.9968179858821581; #2 ind=127 HV=0.9958443254870898; #3 ind=14 HV=0.995694098783009; #4 ind=15 HV=0.9956378735803083; #5 ind=185 HV=0.9954451245217787

Pareto Front of Subpopulation 1
Objective 0: [5852.507453888829, 6949.63925196827, 7180.123210407881, 7405.557380516926]
Objective 1: [2859.798933694292, 2533.4053869241907, 1356.4673303724267, 1283.9086896570007]
2
duration: 62.0
MPSLGP task 0 best fitness of generation Fitness: [7405.557380516926 1283.9086896570007]
MPSLGP task 1 best fitness of generation Fitness: [5852.507453888829 2859.798933694292]
MPSLGP task 2 best fitness of generation Fitness: [7210.315997358761 1449.846117717345]
Generation 1 elapsed 62.0 seconds.
Generation 2
Preselection cleared number: 1477
MPSLGP task-balanced survival counts: [task 0=334, task 1=333, task 2=333]
Subpop 0 reduced 5000 -> 1000
ideal points: [5303.092466738314, 1039.1348299627105]
nadir points: [6931.926449797698, 2417.7664470045856]
max objectives: [594729.9680299503, 148700.5603133118]
min objectives: [5892.324963042571, 1154.5942555141228]
HVOfIntermedidatePopPSL: DoubleSummaryStatistics{count=1000, sum=908.621590, min=0.000000, average=0.908622, max=0.998192}
preferenceDiversityPopAll: DoubleSummaryStatistics{count=1000, sum=7.684450, min=0.000000, average=0.007684, max=0.106598}
Genotype diversity: 1.0
Entropy diversity: 6.462137076886339
PC diversity: 0.956
MPSLGP top 5 HV by task at generation 2:
  Task 0: #1 ind=0 HV=0.9981921988333843; #2 ind=1 HV=0.9979351331926747; #3 ind=2 HV=0.9977915166217728; #4 ind=6 HV=0.9964094875971709; #5 ind=7 HV=0.9963869782383408
  Task 1: #1 ind=5 HV=0.9964731941045648; #2 ind=14 HV=0.9959098752573247; #3 ind=15 HV=0.9958362180537037; #4 ind=23 HV=0.9956248575426906; #5 ind=19 HV=0.9956172892271886
  Task 2: #1 ind=39 HV=0.9950240117418904; #2 ind=54 HV=0.9943032241613529; #3 ind=81 HV=0.9938319458646667; #4 ind=218 HV=0.9935132819184879; #5 ind=71 HV=0.9933503832200744

Pareto Front of Subpopulation 2
Objective 0: [5892.324963042571, 6290.7436677534715, 6483.030991313921, 6807.2872148545575, 6931.926449797698]
Objective 1: [2417.7664470045856, 2230.433247412031, 1328.8686796197435, 1225.1146797157708, 1154.5942555141228]
2
duration: 60.0
MPSLGP task 0 best fitness of generation Fitness: [6931.926449797698 1154.5942555141228]
MPSLGP task 1 best fitness of generation Fitness: [6290.7436677534715 2230.433247412031]
MPSLGP task 2 best fitness of generation Fitness: [6324.692413917102 3108.913665681117]
Generation 2 elapsed 60.0 seconds.
Generation 3
Preselection cleared number: 1678
MPSLGP task-balanced survival counts: [task 0=334, task 1=333, task 2=333]
Subpop 0 reduced 5000 -> 1000
ideal points: [5324.168630972633, 1213.5515003749315]
nadir points: [7360.53738282519, 4159.948279891229]
max objectives: [147779.26203752507, 73427.63101876253]
min objectives: [5915.742923302925, 1348.390555972146]
HVOfIntermedidatePopPSL: DoubleSummaryStatistics{count=1000, sum=901.926153, min=0.000000, average=0.901926, max=0.989795}
preferenceDiversityPopAll: DoubleSummaryStatistics{count=1000, sum=6.897153, min=0.000000, average=0.006897, max=0.108387}
Genotype diversity: 1.0
Entropy diversity: 6.662022275698946
PC diversity: 0.935
MPSLGP top 5 HV by task at generation 3:
  Task 0: #1 ind=0 HV=0.9897949653698535; #2 ind=8 HV=0.9884415879066728; #3 ind=18 HV=0.9873688681553059; #4 ind=1 HV=0.9866289691795577; #5 ind=28 HV=0.9863184362865622
  Task 1: #1 ind=37 HV=0.9828746224502721; #2 ind=39 HV=0.9819546852911918; #3 ind=81 HV=0.9812265446428701; #4 ind=40 HV=0.980491794762912; #5 ind=93 HV=0.9803301659480659
  Task 2: #1 ind=276 HV=0.9846346725888077; #2 ind=116 HV=0.9836699396099005; #3 ind=277 HV=0.9824007269634646; #4 ind=227 HV=0.9816487426358288; #5 ind=278 HV=0.9813623705400271

Pareto Front of Subpopulation 3
Objective 0: [5915.742923302925, 5925.7696427958435, 6061.421190147055, 6216.802543714264, 6338.060367522092, 6640.594303206308, 6733.813020075875, 7360.53738282519]
Objective 1: [4159.948279891229, 3897.7055989205037, 3556.174265031128, 3434.2717356862413, 2960.934659666753, 2950.435004589577, 1896.719317778363, 1348.390555972146]
2
duration: 64.0
MPSLGP task 0 best fitness of generation Fitness: [7360.53738282519 1348.390555972146]
MPSLGP task 1 best fitness of generation Fitness: [6338.060367522092 2960.934659666753]
MPSLGP task 2 best fitness of generation Fitness: [6187.61809512967 3929.0219337950402]
Generation 3 elapsed 64.0 seconds.
Generation 4
Preselection cleared number: 1879
MPSLGP task-balanced survival counts: [task 0=334, task 1=333, task 2=333]
Subpop 0 reduced 5000 -> 1000
ideal points: [5236.137675394944, 1077.951040437688]
nadir points: [6998.0502495608525, 2593.3964725111655]
max objectives: [39457.241429829504, 37171.257545428]
min objectives: [5817.930750438827, 1197.7233782640978]
HVOfIntermedidatePopPSL: DoubleSummaryStatistics{count=1000, sum=866.043648, min=0.000000, average=0.866044, max=0.989456}
preferenceDiversityPopAll: DoubleSummaryStatistics{count=1000, sum=4.950875, min=0.000000, average=0.004951, max=0.109513}
Genotype diversity: 1.0
Entropy diversity: 6.803363197808385
PC diversity: 0.949
MPSLGP top 5 HV by task at generation 4:
  Task 0: #1 ind=0 HV=0.9894555231205355; #2 ind=1 HV=0.9812675357022371; #3 ind=73 HV=0.9758455154346807; #4 ind=2 HV=0.9754593170441862; #5 ind=14 HV=0.971595541451043
  Task 1: #1 ind=6 HV=0.9808240036442881; #2 ind=4 HV=0.9637373424921009; #3 ind=20 HV=0.9622168661491978; #4 ind=9 HV=0.9610353077531993; #5 ind=5 HV=0.9608776304209572
  Task 2: #1 ind=60 HV=0.9682530919381191; #2 ind=61 HV=0.9657472564835171; #3 ind=75 HV=0.9640579177745108; #4 ind=359 HV=0.9529884705549052; #5 ind=30 HV=0.9527646165827505

Pareto Front of Subpopulation 4
Objective 0: [5817.930750438827, 5947.908017439593, 6017.201592586382, 6095.174037860299, 6582.926002463762, 6998.0502495608525]
Objective 1: [2593.3964725111655, 2357.9153580002385, 1653.1492735683933, 1275.0923325734475, 1259.8889387918898, 1197.7233782640978]
2
duration: 67.0
MPSLGP task 0 best fitness of generation Fitness: [6095.174037860299 1275.0923325734475]
MPSLGP task 1 best fitness of generation Fitness: [5947.908017439593 2357.9153580002385]
MPSLGP task 2 best fitness of generation Fitness: [6194.810199672473 2448.2557157743067]
Generation 4 elapsed 67.0 seconds.
Generation 5
Preselection cleared number: 1690
MPSLGP task-balanced survival counts: [task 0=334, task 1=333, task 2=333]
Subpop 0 reduced 5000 -> 1000
ideal points: [5117.916568467353, 1048.3128541582607]
nadir points: [7244.483730366337, 3912.4473262753672]
max objectives: [155382.44164360617, 155184.44164360617]
min objectives: [5686.573964963725, 1164.792060175845]
HVOfIntermedidatePopPSL: DoubleSummaryStatistics{count=1000, sum=911.849892, min=0.000000, average=0.911850, max=0.997708}
preferenceDiversityPopAll: DoubleSummaryStatistics{count=1000, sum=5.762931, min=0.000000, average=0.005763, max=0.104907}
Genotype diversity: 1.0
Entropy diversity: 6.602332418990067
PC diversity: 0.97
MPSLGP top 5 HV by task at generation 5:
  Task 0: #1 ind=1 HV=0.9941716176104133; #2 ind=13 HV=0.9938540761508885; #3 ind=2 HV=0.9937256279811032; #4 ind=14 HV=0.9932459024424634; #5 ind=48 HV=0.9932066001289884
  Task 1: #1 ind=0 HV=0.997708401330892; #2 ind=12 HV=0.9960472452216946; #3 ind=30 HV=0.9958370831898163; #4 ind=31 HV=0.9951079433954337; #5 ind=71 HV=0.9948406399601577
  Task 2: #1 ind=72 HV=0.9944651446657677; #2 ind=327 HV=0.9913794653146657; #3 ind=36 HV=0.9906844019037179; #4 ind=148 HV=0.9888062594871202; #5 ind=41 HV=0.9885572572135752

Pareto Front of Subpopulation 5
Objective 0: [5686.573964963725, 5707.108553879923, 5713.608795762208, 5803.781786507636, 6058.41358823207, 6149.261967864353, 6171.413970735157, 6432.647847412474, 6516.769452611188, 6756.245653891354, 6764.840489369817, 7244.483730366337]
Objective 1: [3912.4473262753672, 3364.602328051471, 2660.574853712562, 2279.9686042406975, 2220.1523854328043, 1914.9291377315385, 1552.8231226595744, 1499.1958213125763, 1269.535872830893, 1256.2656078611617, 1185.2094657299167, 1164.792060175845]
2
duration: 73.0
MPSLGP task 0 best fitness of generation Fitness: [6171.413970735157 1552.8231226595744]
MPSLGP task 1 best fitness of generation Fitness: [5803.781786507636 2279.9686042406975]
MPSLGP task 2 best fitness of generation Fitness: [5888.841512710234 2862.1014061252863]
Generation 5 elapsed 73.0 seconds.
Generation 6
Preselection cleared number: 1871
MPSLGP task-balanced survival counts: [task 0=334, task 1=333, task 2=333]
Subpop 0 reduced 5000 -> 1000
ideal points: [4925.538863799081, 1040.9725940716119]
nadir points: [6735.289156278945, 2062.2700100325164]
max objectives: [346580.60248957557, 108641.8984345349]
min objectives: [5472.820959776756, 1156.6362156351242]
HVOfIntermedidatePopPSL: DoubleSummaryStatistics{count=1000, sum=918.547030, min=0.000000, average=0.918547, max=0.997194}
preferenceDiversityPopAll: DoubleSummaryStatistics{count=1000, sum=6.174680, min=0.000000, average=0.006175, max=0.087145}
Genotype diversity: 1.0
Entropy diversity: 6.580427197357403
PC diversity: 0.955
MPSLGP top 5 HV by task at generation 6:
  Task 0: #1 ind=0 HV=0.9971937016938973; #2 ind=1 HV=0.9970050584710539; #3 ind=2 HV=0.9963183001398378; #4 ind=3 HV=0.9962867381682428; #5 ind=4 HV=0.9961827524968433
  Task 1: #1 ind=110 HV=0.9962191664892769; #2 ind=9 HV=0.9958829009886859; #3 ind=264 HV=0.9931292757189345; #4 ind=90 HV=0.9928659509415041; #5 ind=111 HV=0.9927923960819948
  Task 2: #1 ind=57 HV=0.9947735612629666; #2 ind=69 HV=0.9929481820830053; #3 ind=237 HV=0.9923191041006614; #4 ind=46 HV=0.9908556833996657; #5 ind=450 HV=0.9906065434694258

Pareto Front of Subpopulation 6
Objective 0: [5472.820959776756, 5734.688443424035, 5945.526020591147, 5984.638054160925, 5986.974391186377, 6080.108135935006, 6193.489998976991, 6443.6160309372935, 6735.289156278945]
Objective 1: [2062.2700100325164, 1810.754431809517, 1681.0857786082488, 1680.166475403872, 1599.9016982708126, 1356.1284558290936, 1227.4037596111011, 1170.0624494758085, 1156.6362156351242]
2
duration: 77.0
MPSLGP task 0 best fitness of generation Fitness: [6193.489998976991 1227.4037596111011]
MPSLGP task 1 best fitness of generation Fitness: [5472.820959776756 2062.2700100325164]
MPSLGP task 2 best fitness of generation Fitness: [5608.094047398481 2163.7317530745495]
Generation 6 elapsed 77.0 seconds.
Generation 7
Preselection cleared number: 1996
MPSLGP task-balanced survival counts: [task 0=345, task 1=333, task 2=322]
Subpop 0 reduced 5000 -> 1000
ideal points: [4834.815908541461, 1023.2929993198094]
nadir points: [7146.274340880569, 3880.0216952752235]
max objectives: [137005.09425683576, 70365.37460033891]
min objectives: [5372.017676157178, 1136.9922214664548]
HVOfIntermedidatePopPSL: DoubleSummaryStatistics{count=1000, sum=930.987483, min=0.000000, average=0.930987, max=0.992382}
preferenceDiversityPopAll: DoubleSummaryStatistics{count=1000, sum=4.952883, min=0.000000, average=0.004953, max=0.102900}
Genotype diversity: 0.981
Entropy diversity: 6.743308193224503
PC diversity: 0.896
MPSLGP top 5 HV by task at generation 7:
  Task 0: #1 ind=0 HV=0.9923818517097707; #2 ind=12 HV=0.9901758765692766; #3 ind=1 HV=0.9893365076245237; #4 ind=32 HV=0.9886895665734325; #5 ind=13 HV=0.9886558298663396
  Task 1: #1 ind=33 HV=0.988205227218616; #2 ind=186 HV=0.9871791001118183; #3 ind=100 HV=0.986567998385602; #4 ind=101 HV=0.9865008102525781; #5 ind=102 HV=0.9860374768465378
  Task 2: #1 ind=125 HV=0.9838361560140956; #2 ind=585 HV=0.9830419239140081; #3 ind=442 HV=0.9828891552250817; #4 ind=634 HV=0.981752924979719; #5 ind=112 HV=0.9807733970091086

Pareto Front of Subpopulation 7
Objective 0: [5372.017676157178, 5396.41337676486, 5546.726608725847, 5694.9883604252245, 5751.140059368161, 5920.101631238358, 6088.243111544347, 6220.705031797406, 6256.3531158813275, 6660.04927987291, 6871.977818333136, 7146.274340880569]
Objective 1: [3880.0216952752235, 3760.348582412844, 2752.5955980516446, 1911.9217452015291, 1903.6411779422488, 1699.011382572964, 1617.647982760871, 1611.3642952989903, 1198.1964885577763, 1192.3346431384125, 1156.835529438482, 1136.9922214664548]
2
duration: 84.0
MPSLGP task 0 best fitness of generation Fitness: [6256.3531158813275 1198.1964885577763]
MPSLGP task 1 best fitness of generation Fitness: [5546.726608725847 2752.5955980516446]
MPSLGP task 2 best fitness of generation Fitness: [5396.41337676486 3760.348582412844]
Generation 7 elapsed 84.0 seconds.
Generation 8
Preselection cleared number: 2072
MPSLGP task-balanced survival counts: [task 0=334, task 1=333, task 2=333]
Subpop 0 reduced 5000 -> 1000
ideal points: [4874.298759205907, 1142.6265716970636]
nadir points: [7273.419908546144, 3614.14613982811]
max objectives: [104218.7121877567, 103558.7121877567]
min objectives: [5415.887510228786, 1269.585079663404]
HVOfIntermedidatePopPSL: DoubleSummaryStatistics{count=1000, sum=927.287440, min=0.000000, average=0.927287, max=0.996105}
preferenceDiversityPopAll: DoubleSummaryStatistics{count=1000, sum=7.200378, min=0.000000, average=0.007200, max=0.110219}
Genotype diversity: 1.0
Entropy diversity: 6.745195856954994
PC diversity: 0.931
MPSLGP top 5 HV by task at generation 8:
  Task 0: #1 ind=0 HV=0.991840167359596; #2 ind=139 HV=0.9892726245486714; #3 ind=1 HV=0.9887446209834386; #4 ind=12 HV=0.9885550050927763; #5 ind=140 HV=0.9885525236868226
  Task 1: #1 ind=9 HV=0.995092994616334; #2 ind=10 HV=0.9921926110983901; #3 ind=11 HV=0.991003180326902; #4 ind=137 HV=0.990871913307961; #5 ind=375 HV=0.9905723458045699
  Task 2: #1 ind=8 HV=0.9961048869653908; #2 ind=47 HV=0.994057000140436; #3 ind=48 HV=0.994037312638574; #4 ind=198 HV=0.9900602302925122; #5 ind=138 HV=0.990044661771583

Pareto Front of Subpopulation 8
Objective 0: [5415.887510228786, 5590.497699719621, 5704.202880339581, 5832.998787105549, 6288.167425974272, 6475.308781458996, 6547.715395670704, 7273.419908546144]
Objective 1: [3614.14613982811, 2517.0616781502904, 2112.8533851974935, 1664.0310429310193, 1647.1713157254271, 1624.379844776704, 1297.8825801058556, 1269.585079663404]
2
duration: 80.0
MPSLGP task 0 best fitness of generation Fitness: [5832.998787105549 1664.0310429310193]
MPSLGP task 1 best fitness of generation Fitness: [7273.419908546144 1269.585079663404]
MPSLGP task 2 best fitness of generation Fitness: [5501.5663715067785 4549.9836106670555]
Generation 8 elapsed 80.0 seconds.
Generation 9
Preselection cleared number: 2018
MPSLGP task-balanced survival counts: [task 0=334, task 1=333, task 2=333]
Subpop 0 reduced 5000 -> 1000
ideal points: [4673.2073983246, 956.6827712750855]
nadir points: [6363.923427889269, 3212.8961104513073]
max objectives: [60469.17320355981, 59941.17320355981]
min objectives: [5192.4526648051105, 1062.9808569723173]
HVOfIntermedidatePopPSL: DoubleSummaryStatistics{count=1000, sum=904.731328, min=0.000000, average=0.904731, max=0.990096}
preferenceDiversityPopAll: DoubleSummaryStatistics{count=1000, sum=8.082984, min=0.000000, average=0.008083, max=0.132843}
Genotype diversity: 1.0
Entropy diversity: 6.7293423735054985
PC diversity: 0.955
MPSLGP top 5 HV by task at generation 9:
  Task 0: #1 ind=0 HV=0.9885694433858827; #2 ind=1 HV=0.9870897348242483; #3 ind=2 HV=0.9870871694086504; #4 ind=3 HV=0.9865504142251071; #5 ind=4 HV=0.9864009394914204
  Task 1: #1 ind=29 HV=0.9900960117217356; #2 ind=72 HV=0.9858813368573006; #3 ind=113 HV=0.982914701573337; #4 ind=41 HV=0.9805449903290785; #5 ind=24 HV=0.9791504794239002
  Task 2: #1 ind=215 HV=0.9815037160162698; #2 ind=216 HV=0.9814699125311603; #3 ind=290 HV=0.9796501692671771; #4 ind=291 HV=0.9790013649554402; #5 ind=267 HV=0.9777484280850697

Pareto Front of Subpopulation 9
Objective 0: [5192.4526648051105, 5306.338266222359, 5336.3913061481435, 5436.338983821042, 5530.711297113623, 5573.424787467695, 5815.614588269353, 5979.286689165863, 6363.923427889269]
Objective 1: [3212.8961104513073, 1892.3291288791515, 1657.3170209477612, 1553.348516752485, 1495.90479767129, 1323.8766252623172, 1186.4269124583952, 1098.527681835949, 1062.9808569723173]
2
duration: 81.0
MPSLGP task 0 best fitness of generation Fitness: [5573.424787467695 1323.8766252623172]
MPSLGP task 1 best fitness of generation Fitness: [5287.429839226941 4227.06170507925]
MPSLGP task 2 best fitness of generation Fitness: [5381.254293590755 3718.5186284940064]
Generation 9 elapsed 81.0 seconds.
Generation 10
Preselection cleared number: 1921
MPSLGP task-balanced survival counts: [task 0=334, task 1=333, task 2=333]
Subpop 0 reduced 5000 -> 1000
ideal points: [4814.983590117895, 1002.999720352162]
nadir points: [6976.875723007484, 4697.975400075455]
max objectives: [54174.228256432776, 53514.228256432776]
min objectives: [5349.98176679766, 1114.4441337246244]
HVOfIntermedidatePopPSL: DoubleSummaryStatistics{count=1000, sum=887.420464, min=0.000000, average=0.887420, max=0.990954}
preferenceDiversityPopAll: DoubleSummaryStatistics{count=1000, sum=9.668640, min=0.000000, average=0.009669, max=0.127891}
Genotype diversity: 0.986
Entropy diversity: 6.659122677785312
PC diversity: 0.936
MPSLGP top 5 HV by task at generation 10:
  Task 0: #1 ind=1 HV=0.9845082328693818; #2 ind=2 HV=0.9841825332860484; #3 ind=14 HV=0.9837560518350564; #4 ind=15 HV=0.9821537909140393; #5 ind=3 HV=0.9807869715963401
  Task 1: #1 ind=0 HV=0.9883091521635889; #2 ind=80 HV=0.9880693251684087; #3 ind=53 HV=0.9855755960623468; #4 ind=55 HV=0.984970205231929; #5 ind=82 HV=0.9837403333778718
  Task 2: #1 ind=32 HV=0.9909543168562062; #2 ind=33 HV=0.9855226097975828; #3 ind=54 HV=0.9850531148002774; #4 ind=81 HV=0.9843818738224164; #5 ind=83 HV=0.9827885268618436

Pareto Front of Subpopulation 10
Objective 0: [5349.98176679766, 5391.145275055082, 5414.7215771626215, 5514.36235887371, 5739.629826579476, 5764.010581598268, 5769.323632400949, 5917.580100836582, 6080.786055052187, 6182.220639212639, 6266.580254047585, 6293.853357159416, 6810.982537341304, 6976.875723007484]
Objective 1: [4697.975400075455, 3531.875560776971, 1833.3725437108078, 1748.7468254160485, 1717.1217562618258, 1672.9937158722314, 1659.7240995054017, 1570.547046781474, 1506.5669156103395, 1390.7077758717642, 1341.308700161113, 1209.8632494056365, 1176.612509580853, 1114.4441337246244]
MPSLGP task 0 best fitness of generation Fitness: [5414.7215771626215 1833.3725437108078]
MPSLGP task 1 best fitness of generation Fitness: [5391.145275055082 3531.875560776971]
MPSLGP task 2 best fitness of generation Fitness: [5917.022200003848 1723.936613106198]
2
duration: 86.0
Generation 10 elapsed 86.0 seconds.
Generation 11
Preselection cleared number: 1827
MPSLGP task-balanced survival counts: [task 0=334, task 1=333, task 2=333]
Subpop 0 reduced 5000 -> 1000
ideal points: [4755.275748357572, 991.0955953635115]
nadir points: [6780.869312726718, 3250.7613045860126]
max objectives: [50550.97356864379, 29292.68296690745]
min objectives: [5283.639720397303, 1101.2173281816795]
HVOfIntermedidatePopPSL: DoubleSummaryStatistics{count=1000, sum=872.939499, min=0.000000, average=0.872939, max=0.984339}
preferenceDiversityPopAll: DoubleSummaryStatistics{count=1000, sum=12.100497, min=0.000000, average=0.012100, max=0.127542}
Genotype diversity: 1.0
Entropy diversity: 6.67990245826473
PC diversity: 0.951
MPSLGP top 5 HV by task at generation 11:
  Task 0: #1 ind=0 HV=0.975950761587117; #2 ind=1 HV=0.9750169906897987; #3 ind=2 HV=0.97491238976222; #4 ind=39 HV=0.9747411445868421; #5 ind=3 HV=0.9745526406949735
  Task 1: #1 ind=87 HV=0.9834444296799486; #2 ind=165 HV=0.9752306973242079; #3 ind=7 HV=0.9725531445507751; #4 ind=21 HV=0.9716791727868033; #5 ind=339 HV=0.9704784033926694
  Task 2: #1 ind=86 HV=0.9843390583702916; #2 ind=38 HV=0.9806080512138405; #3 ind=61 HV=0.9764285428070933; #4 ind=88 HV=0.9760281949016463; #5 ind=198 HV=0.9720248492871223

Pareto Front of Subpopulation 11
Objective 0: [5283.639720397303, 5373.627911928197, 5408.482265558909, 5428.115650731372, 5522.621363944374, 5552.238072283624, 5727.416413396597, 5858.922919314122, 5911.701497752656, 5916.361095886357, 6037.698292436311, 6095.243190248846, 6233.654030786245, 6423.971618647571, 6454.131162139587, 6650.918326490209, 6714.715083189425, 6780.869312726718]
Objective 1: [3250.7613045860126, 3149.035920041846, 2234.7408712699253, 1667.611142974085, 1659.7057227857003, 1621.0532660070457, 1517.4468401412596, 1512.536184308643, 1473.950885021557, 1440.7819830261142, 1381.8918110044906, 1305.895611982858, 1291.0285806536267, 1206.4806454446516, 1140.8099930021563, 1134.7295816225524, 1103.3635916737403, 1101.2173281816795]
2
duration: 89.0
MPSLGP task 0 best fitness of generation Fitness: [5428.115650731372 1667.611142974085]
MPSLGP task 1 best fitness of generation Fitness: [6454.131162139587 1140.8099930021563]
MPSLGP task 2 best fitness of generation Fitness: [5283.639720397303 3250.7613045860126]
Generation 11 elapsed 89.0 seconds.
Generation 12
Preselection cleared number: 1646
MPSLGP task-balanced survival counts: [task 0=334, task 1=333, task 2=333]
Subpop 0 reduced 5000 -> 1000
ideal points: [4611.773486622703, 844.5479669535795]
nadir points: [5984.226827913837, 1567.9601023889263]
max objectives: [146591.93380925703, 57227.50452896409]
min objectives: [5124.192762914114, 938.3866299484216]
HVOfIntermedidatePopPSL: DoubleSummaryStatistics{count=1000, sum=943.679182, min=0.000000, average=0.943679, max=0.994768}
preferenceDiversityPopAll: DoubleSummaryStatistics{count=1000, sum=9.833668, min=0.000000, average=0.009834, max=0.180072}
Genotype diversity: 1.0
Entropy diversity: 6.796705176132411
PC diversity: 0.956
MPSLGP top 5 HV by task at generation 12:
  Task 0: #1 ind=2 HV=0.9935424865546114; #2 ind=3 HV=0.9934923127233323; #3 ind=13 HV=0.9926425960602638; #4 ind=15 HV=0.9923839258671514; #5 ind=16 HV=0.9923452118399877
  Task 1: #1 ind=0 HV=0.9947679163050166; #2 ind=1 HV=0.993895995404788; #3 ind=12 HV=0.9934196439462061; #4 ind=4 HV=0.9933747816338256; #5 ind=5 HV=0.9929572123609102
  Task 2: #1 ind=32 HV=0.9945549367300024; #2 ind=33 HV=0.9938777356710671; #3 ind=34 HV=0.9921512522778873; #4 ind=211 HV=0.9917718411303709; #5 ind=56 HV=0.9911131763485989

Pareto Front of Subpopulation 12
Objective 0: [5124.192762914114, 5151.646730879613, 5193.713562118879, 5201.441850436648, 5263.4631359564955, 5276.724424142973, 5541.028502951056, 5572.720344568777, 5672.606277194805, 5930.823379474023, 5984.226827913837, 5984.226827913837]
Objective 1: [1567.9601023889263, 1555.5284360040532, 1475.8810151325015, 1421.6535428496281, 1347.2760810603213, 1234.6455197086907, 1188.565756050666, 1157.0056371309329, 1088.1470647189708, 1010.1213171037962, 938.3866299484216, 938.3866299484216]
2
duration: 89.0
MPSLGP task 0 best fitness of generation Fitness: [5541.028502951056 1188.565756050666]
MPSLGP task 1 best fitness of generation Fitness: [5984.226827913837 938.3866299484216]
MPSLGP task 2 best fitness of generation Fitness: [5167.957440385537 1615.5424910157162]
Generation 12 elapsed 89.0 seconds.
Generation 13
Preselection cleared number: 1968
MPSLGP task-balanced survival counts: [task 0=334, task 1=333, task 2=333]
Subpop 0 reduced 5000 -> 1000
ideal points: [4702.5634607193815, 1043.1516267852073]
nadir points: [6753.044069753028, 1928.9230890171748]
max objectives: [681045.2522232324, 184050.00182336938]
min objectives: [5225.070511910424, 1159.0573630946747]
HVOfIntermedidatePopPSL: DoubleSummaryStatistics{count=1000, sum=917.673901, min=0.000000, average=0.917674, max=0.997988}
preferenceDiversityPopAll: DoubleSummaryStatistics{count=1000, sum=11.683527, min=0.000000, average=0.011684, max=0.115349}
Genotype diversity: 1.0
Entropy diversity: 6.534198228061037
PC diversity: 0.972
MPSLGP top 5 HV by task at generation 13:
  Task 0: #1 ind=0 HV=0.9978665005450359; #2 ind=30 HV=0.9975588633014641; #3 ind=71 HV=0.9973154760381606; #4 ind=51 HV=0.9972859843525473; #5 ind=2 HV=0.9971340065875244
  Task 1: #1 ind=28 HV=0.9979767066300221; #2 ind=29 HV=0.997803212160792; #3 ind=1 HV=0.9977321543766123; #4 ind=10 HV=0.9976628793257508; #5 ind=99 HV=0.9974730805085161
  Task 2: #1 ind=150 HV=0.9979880255435276; #2 ind=9 HV=0.9978145048578839; #3 ind=50 HV=0.9974808367614217; #4 ind=11 HV=0.9974759374621726; #5 ind=72 HV=0.997285932570504

Pareto Front of Subpopulation 13
Objective 0: [5225.070511910424, 5315.887292840867, 5527.12848444737, 5640.673758307588, 5882.927968214499, 6017.705082716071, 6106.197008693009, 6248.788606204325, 6753.044069753028]
Objective 1: [1928.9230890171748, 1668.1294950976153, 1608.8997623080795, 1564.3294596452324, 1538.0275449511828, 1464.016019502742, 1456.484326326492, 1326.7764028082602, 1159.0573630946747]
2
duration: 88.0
MPSLGP task 0 best fitness of generation Fitness: [6248.788606204325 1326.7764028082602]
MPSLGP task 1 best fitness of generation Fitness: [6753.044069753028 1159.0573630946747]
MPSLGP task 2 best fitness of generation Fitness: [6491.386202117079 1420.4960093192058]
Generation 13 elapsed 88.0 seconds.
Generation 14
Preselection cleared number: 1793
MPSLGP task-balanced survival counts: [task 0=334, task 1=333, task 2=333]
Subpop 0 reduced 5000 -> 1000
ideal points: [4652.2879224625185, 1098.5689952910602]
nadir points: [6906.270100080874, 2070.37770063318]
max objectives: [78056.22759450937, 22156.05136419178]
min objectives: [5169.2088027361315, 1220.6322169900668]
HVOfIntermedidatePopPSL: DoubleSummaryStatistics{count=1000, sum=905.434353, min=0.000000, average=0.905434, max=0.990580}
preferenceDiversityPopAll: DoubleSummaryStatistics{count=1000, sum=13.403828, min=0.000000, average=0.013404, max=0.120115}
Genotype diversity: 1.0
Entropy diversity: 6.798412774344836
PC diversity: 0.954
MPSLGP top 5 HV by task at generation 14:
  Task 0: #1 ind=0 HV=0.9905802364584188; #2 ind=7 HV=0.9828862202584994; #3 ind=8 HV=0.9828243561141757; #4 ind=9 HV=0.9820250769453857; #5 ind=28 HV=0.9812273770334355
  Task 1: #1 ind=2 HV=0.9759887233510516; #2 ind=12 HV=0.9751115188087672; #3 ind=13 HV=0.9741425006491478; #4 ind=14 HV=0.973403239966202; #5 ind=288 HV=0.9733843375645751
  Task 2: #1 ind=47 HV=0.9846933833553242; #2 ind=119 HV=0.9779522047242754; #3 ind=73 HV=0.9746425493242222; #4 ind=33 HV=0.973372415460038; #5 ind=121 HV=0.9697448835858788

Pareto Front of Subpopulation 14
Objective 0: [5169.2088027361315, 5210.117177957727, 5316.46079234028, 5376.84606211097, 5439.965672628023, 6817.793779104482, 6906.270100080874]
Objective 1: [2070.37770063318, 1776.8964219082263, 1700.933493853081, 1634.901606380634, 1339.2413593739038, 1320.7555517471483, 1220.6322169900668]
2
duration: 89.0
MPSLGP task 0 best fitness of generation Fitness: [5439.965672628023 1339.2413593739038]
MPSLGP task 1 best fitness of generation Fitness: [6906.270100080874 1220.6322169900668]
MPSLGP task 2 best fitness of generation Fitness: [6488.59199343971 1360.7397128178636]
Generation 14 elapsed 89.0 seconds.
Generation 15
Preselection cleared number: 2009
MPSLGP task-balanced survival counts: [task 0=334, task 1=333, task 2=333]
Subpop 0 reduced 5000 -> 1000
ideal points: [4713.006857987383, 983.8644414660124]
nadir points: [6794.981392498012, 3549.357620949697]
max objectives: [48506.77596050699, 20855.53965791088]
min objectives: [5236.674286652647, 1093.1827127400138]
HVOfIntermedidatePopPSL: DoubleSummaryStatistics{count=1000, sum=874.199189, min=0.000000, average=0.874199, max=0.987328}
preferenceDiversityPopAll: DoubleSummaryStatistics{count=1000, sum=14.632768, min=0.000000, average=0.014633, max=0.128148}
Genotype diversity: 0.996
Entropy diversity: 6.6964252644172255
PC diversity: 0.963
MPSLGP top 5 HV by task at generation 15:
  Task 0: #1 ind=33 HV=0.9873278438005761; #2 ind=0 HV=0.9867756385661894; #3 ind=61 HV=0.9853657625502824; #4 ind=14 HV=0.985133832047837; #5 ind=15 HV=0.9840639689456302
  Task 1: #1 ind=7 HV=0.9680376699463443; #2 ind=8 HV=0.9653390847453012; #3 ind=9 HV=0.9649495042728276; #4 ind=10 HV=0.9646386835387918; #5 ind=24 HV=0.9640076209416266
  Task 2: #1 ind=113 HV=0.980093545675046; #2 ind=19 HV=0.974125083564686; #3 ind=192 HV=0.9735238300586455; #4 ind=254 HV=0.9686174475895347; #5 ind=67 HV=0.9685104130953471

Pareto Front of Subpopulation 15
Objective 0: [5236.674286652647, 5309.663791778876, 5320.499280829215, 5353.271420589008, 5397.4775218378345, 5495.249230511778, 5495.412818736164, 5852.420604124083, 6207.317742584826, 6554.750494363601, 6564.135560973635, 6577.787450561329, 6741.619022530736, 6794.981392498012]
Objective 1: [3549.357620949697, 2980.8666121986607, 1781.101323545714, 1357.7904473452363, 1335.5130618262774, 1320.7106296988277, 1300.4580458689888, 1272.3025141747057, 1231.249605247256, 1175.270865171933, 1174.3473316131058, 1155.069054536958, 1120.064732569197, 1093.1827127400138]
2
duration: 91.0
MPSLGP task 0 best fitness of generation Fitness: [6207.317742584826 1231.249605247256]
MPSLGP task 1 best fitness of generation Fitness: [5320.499280829215 1781.101323545714]
MPSLGP task 2 best fitness of generation Fitness: [5309.663791778876 2980.8666121986607]
Generation 15 elapsed 91.0 seconds.
Generation 16
Preselection cleared number: 1696
MPSLGP task-balanced survival counts: [task 0=334, task 1=333, task 2=333]
Subpop 0 reduced 5000 -> 1000
ideal points: [4555.5527815785435, 926.493711631799]
nadir points: [6589.602501128335, 1427.4065359298838]
max objectives: [23969.02013160816, 23507.02013160816]
min objectives: [5061.725312865048, 1029.4374573686655]
HVOfIntermedidatePopPSL: DoubleSummaryStatistics{count=1000, sum=868.215157, min=0.000000, average=0.868215, max=0.986525}
preferenceDiversityPopAll: DoubleSummaryStatistics{count=1000, sum=14.852321, min=0.000000, average=0.014852, max=0.112569}
Genotype diversity: 1.0
Entropy diversity: 6.77822644923805
PC diversity: 0.972
MPSLGP top 5 HV by task at generation 16:
  Task 0: #1 ind=0 HV=0.9865253457330334; #2 ind=1 HV=0.9821999902522666; #3 ind=2 HV=0.9814891507619544; #4 ind=3 HV=0.9772972378221688; #5 ind=10 HV=0.9770806451997738
  Task 1: #1 ind=34 HV=0.9688297872726749; #2 ind=7 HV=0.9581505322452138; #3 ind=124 HV=0.9563802565372785; #4 ind=155 HV=0.9542358961460762; #5 ind=19 HV=0.9495270955743591
  Task 2: #1 ind=17 HV=0.9631073093801096; #2 ind=35 HV=0.9624475719392865; #3 ind=82 HV=0.9621062572299242; #4 ind=103 HV=0.9575595114126417; #5 ind=18 HV=0.956941560168884

Pareto Front of Subpopulation 16
Objective 0: [5061.725312865048, 5164.077161817579, 5168.732252367772, 5351.647756516351, 5451.019936663797, 5561.258937665436, 5637.728733580647, 5801.362450585933, 6173.081964523066, 6589.602501128335]
Objective 1: [1427.4065359298838, 1381.2639058743953, 1201.787484580389, 1189.0641602409305, 1188.4096602104983, 1176.0409009490395, 1101.2569302628108, 1076.2525867946097, 1034.17402195881, 1029.4374573686655]
MPSLGP task 0 best fitness of generation Fitness: [5168.732252367772 1201.787484580389]
MPSLGP task 1 best fitness of generation Fitness: [5801.362450585933 1076.2525867946097]
MPSLGP task 2 best fitness of generation Fitness: [5866.271648368624 1158.04804917422]
2
duration: 94.0
Generation 16 elapsed 94.0 seconds.
Generation 17
Preselection cleared number: 1611
MPSLGP task-balanced survival counts: [task 0=334, task 1=333, task 2=333]
Subpop 0 reduced 5000 -> 1000
ideal points: [4850.372248495388, 1534.9284904769302]
nadir points: [9147.466889535368, 2418.139578487666]
max objectives: [85639.90779386228, 28984.518275415554]
min objectives: [5389.3024983282085, 1705.4761005299224]
HVOfIntermedidatePopPSL: DoubleSummaryStatistics{count=1000, sum=892.703343, min=0.000000, average=0.892703, max=0.985772}
preferenceDiversityPopAll: DoubleSummaryStatistics{count=1000, sum=15.404232, min=0.000000, average=0.015404, max=0.136839}
Genotype diversity: 1.0
Entropy diversity: 6.753499217032657
PC diversity: 0.964
MPSLGP top 5 HV by task at generation 17:
  Task 0: #1 ind=0 HV=0.98577203355835; #2 ind=13 HV=0.9837672087887037; #3 ind=1 HV=0.9835751360757207; #4 ind=2 HV=0.9834796320619346; #5 ind=14 HV=0.983351545779646
  Task 1: #1 ind=3 HV=0.9822081649615627; #2 ind=30 HV=0.9808687221125147; #3 ind=33 HV=0.9793789564071225; #4 ind=74 HV=0.9788762977505924; #5 ind=34 HV=0.9787226570272953
  Task 2: #1 ind=102 HV=0.9773080426250662; #2 ind=55 HV=0.9757475948376669; #3 ind=306 HV=0.9713037739839042; #4 ind=60 HV=0.9696268341500025; #5 ind=80 HV=0.9695892648534075

Pareto Front of Subpopulation 17
Objective 0: [5389.3024983282085, 5530.611594896356, 5571.459108825889, 5747.502824528085, 6073.328943765897, 6511.436147869681, 6679.8664788573515, 8457.709310259263, 8646.162218057783, 8837.718770175532, 8995.885312960192, 9122.943032466399, 9147.466889535368]
Objective 1: [2418.139578487666, 2397.158286967693, 2088.571838287782, 1971.7195689724322, 1920.2303269885742, 1884.5991417570913, 1870.4768018114264, 1828.2821897016984, 1783.955971204341, 1747.429692543883, 1740.896634350007, 1718.0281920643756, 1705.4761005299224]
MPSLGP task 0 best fitness of generation Fitness: [5747.502824528085 1971.7195689724322]
MPSLGP task 1 best fitness of generation Fitness: [6511.436147869681 1884.5991417570913]
MPSLGP task 2 best fitness of generation Fitness: [9122.943032466399 1718.0281920643756]
2
duration: 101.0
Generation 17 elapsed 101.0 seconds.
Generation 18
Preselection cleared number: 1681
MPSLGP task-balanced survival counts: [task 0=334, task 1=333, task 2=333]
Subpop 0 reduced 5000 -> 1000
ideal points: [4610.799639688869, 1035.0169643395]
nadir points: [6600.413664709049, 4504.280801177229]
max objectives: [28187.426562130335, 14579.372048304853]
min objectives: [5123.11071076541, 1150.018849266111]
HVOfIntermedidatePopPSL: DoubleSummaryStatistics{count=1000, sum=856.209311, min=0.000000, average=0.856209, max=0.972103}
preferenceDiversityPopAll: DoubleSummaryStatistics{count=1000, sum=12.365992, min=0.000000, average=0.012366, max=0.134846}
Genotype diversity: 1.0
Entropy diversity: 6.86526329892316
PC diversity: 1.0
MPSLGP top 5 HV by task at generation 18:
  Task 0: #1 ind=0 HV=0.9721029718948898; #2 ind=12 HV=0.9661015566955818; #3 ind=29 HV=0.9655134929104715; #4 ind=17 HV=0.9606665667875522; #5 ind=45 HV=0.9588064195650846
  Task 1: #1 ind=1 HV=0.9699397321440767; #2 ind=13 HV=0.9652505864179096; #3 ind=14 HV=0.9630958471494847; #4 ind=15 HV=0.9624283621965896; #5 ind=18 HV=0.9591747674960598
  Task 2: #1 ind=16 HV=0.9614071266709618; #2 ind=30 HV=0.9590253463222949; #3 ind=19 HV=0.9582254354143291; #4 ind=113 HV=0.9506111712176736; #5 ind=166 HV=0.9480377533398371

Pareto Front of Subpopulation 18
Objective 0: [5123.11071076541, 5200.891450686962, 5227.617448411649, 5299.951825335593, 5668.197680314537, 5779.021938292426, 5846.895765732857, 5854.482515718439, 6401.937315654126, 6439.6348266515415, 6495.910749376344, 6600.413664709049]
Objective 1: [4504.280801177229, 2083.8592319062736, 1489.8786762283708, 1420.4923889829952, 1389.6685231178417, 1355.8773354184232, 1337.2192028118297, 1303.4789314655645, 1245.3176502463466, 1175.7101515257964, 1156.4670838423772, 1150.018849266111]
2
duration: 98.0
MPSLGP task 0 best fitness of generation Fitness: [5299.951825335593 1420.4923889829952]
MPSLGP task 1 best fitness of generation Fitness: [5227.617448411649 1489.8786762283708]
MPSLGP task 2 best fitness of generation Fitness: [6439.6348266515415 1175.7101515257964]
Generation 18 elapsed 98.0 seconds.
Generation 19
Preselection cleared number: 1600
MPSLGP task-balanced survival counts: [task 0=334, task 1=333, task 2=333]
Subpop 0 reduced 5000 -> 1000
ideal points: [4684.445675234415, 943.0937565639346]
nadir points: [6461.982836378214, 1410.4171061401212]
max objectives: [83201.74539572722, 20200.43058146781]
min objectives: [5204.93963914935, 1047.881951737705]
HVOfIntermedidatePopPSL: DoubleSummaryStatistics{count=1000, sum=907.105192, min=0.000000, average=0.907105, max=0.987442}
preferenceDiversityPopAll: DoubleSummaryStatistics{count=1000, sum=11.445251, min=0.000000, average=0.011445, max=0.122794}
Genotype diversity: 1.0
Entropy diversity: 6.7878590211453
PC diversity: 0.965
MPSLGP top 5 HV by task at generation 19:
  Task 0: #1 ind=2 HV=0.9869657186201214; #2 ind=5 HV=0.9854413693596722; #3 ind=6 HV=0.984986929934967; #4 ind=17 HV=0.9848513633686224; #5 ind=7 HV=0.9847191661754163
  Task 1: #1 ind=1 HV=0.9871821217139679; #2 ind=12 HV=0.9853826282300491; #3 ind=14 HV=0.9852081884787269; #4 ind=15 HV=0.9851261353851334; #5 ind=16 HV=0.9848876563116361
  Task 2: #1 ind=0 HV=0.9874423296180634; #2 ind=3 HV=0.9867793362104651; #3 ind=77 HV=0.9867419620677054; #4 ind=4 HV=0.9864641035887378; #5 ind=13 HV=0.9852566814319905

Pareto Front of Subpopulation 19
Objective 0: [5204.93963914935, 5454.201561036549, 5506.025554727792, 5524.73715244804, 5605.4183136877255, 5712.50619391643, 5741.026491902419, 5859.896022391185, 6053.712373727118, 6184.536357905017, 6298.8127700784535, 6461.982836378214]
Objective 1: [1410.4171061401212, 1392.6294338070657, 1378.762621153095, 1289.2017951513917, 1233.4394229364625, 1219.9886351633759, 1168.9992931634697, 1131.280090824679, 1080.40980432582, 1059.4660685884155, 1055.7739158177937, 1047.881951737705]
2
duration: 96.0
MPSLGP task 0 best fitness of generation Fitness: [5859.896022391185 1131.280090824679]
MPSLGP task 1 best fitness of generation Fitness: [6053.712373727118 1080.40980432582]
MPSLGP task 2 best fitness of generation Fitness: [6461.982836378214 1047.881951737705]
Generation 19 elapsed 96.0 seconds.
Generation 20
Preselection cleared number: 1639
MPSLGP task-balanced survival counts: [task 0=334, task 1=333, task 2=333]
Subpop 0 reduced 5000 -> 1000
ideal points: [4563.953356838782, 905.8701411678427]
nadir points: [6467.407384708582, 1357.8246069003362]
max objectives: [65784.12309088215, 27753.17135989949]
min objectives: [5071.059285376425, 1006.5223790753807]
HVOfIntermedidatePopPSL: DoubleSummaryStatistics{count=1000, sum=908.085060, min=0.000000, average=0.908085, max=0.991852}
preferenceDiversityPopAll: DoubleSummaryStatistics{count=1000, sum=11.742790, min=0.000000, average=0.011743, max=0.115339}
Genotype diversity: 1.0
Entropy diversity: 6.741864790924064
PC diversity: 0.968
MPSLGP top 5 HV by task at generation 20:
  Task 0: #1 ind=0 HV=0.9902458008585467; #2 ind=1 HV=0.9898724550859018; #3 ind=46 HV=0.9896644602306196; #4 ind=48 HV=0.9888476045066388; #5 ind=49 HV=0.9885266579431182
  Task 1: #1 ind=12 HV=0.9854048327591184; #2 ind=14 HV=0.9847536029230554; #3 ind=15 HV=0.9846188404514663; #4 ind=31 HV=0.9826760427274684; #5 ind=75 HV=0.9813709038855234
  Task 2: #1 ind=73 HV=0.9918524635705166; #2 ind=23 HV=0.9903521303666942; #3 ind=9 HV=0.9899391242599824; #4 ind=10 HV=0.9893871049392776; #5 ind=47 HV=0.9889747790909662

Pareto Front of Subpopulation 20
Objective 0: [5071.059285376425, 5157.750439379888, 5426.394330580835, 5650.349649979733, 5688.950527127483, 5782.67530008906, 6105.882910357555, 6418.459713628981, 6467.407384708582]
Objective 1: [1357.8246069003362, 1228.1222860913258, 1181.964980489167, 1153.6389259588905, 1138.2277717710822, 1100.220943119959, 1056.952838800964, 1048.8447782129224, 1006.5223790753807]
2
duration: 92.0
MPSLGP task 0 best fitness of generation Fitness: [5157.750439379888 1228.1222860913258]
MPSLGP task 1 best fitness of generation Fitness: [6105.882910357555 1056.952838800964]
MPSLGP task 2 best fitness of generation Fitness: [5688.950527127483 1138.2277717710822]
Generation 20 elapsed 92.0 seconds.
Generation 21
Preselection cleared number: 1567
MPSLGP task-balanced survival counts: [task 0=334, task 1=333, task 2=333]
Subpop 0 reduced 5000 -> 1000
ideal points: [4532.659403436334, 834.3501322499884]
nadir points: [6222.227514007187, 1143.013472943625]
max objectives: [70316.27702169097, 17310.467053607368]
min objectives: [5036.288226040371, 927.0557024999871]
HVOfIntermedidatePopPSL: DoubleSummaryStatistics{count=1000, sum=912.205230, min=0.000000, average=0.912205, max=0.988328}
preferenceDiversityPopAll: DoubleSummaryStatistics{count=1000, sum=19.114362, min=0.000000, average=0.019114, max=0.126642}
Genotype diversity: 1.0
Entropy diversity: 6.789597940731615
PC diversity: 0.96
MPSLGP top 5 HV by task at generation 21:
  Task 0: #1 ind=13 HV=0.9883281014886258; #2 ind=0 HV=0.9881770653263147; #3 ind=49 HV=0.9872422672982579; #4 ind=4 HV=0.9867439738459559; #5 ind=14 HV=0.9851952510894043
  Task 1: #1 ind=1 HV=0.987049925739809; #2 ind=2 HV=0.98700417926549; #3 ind=3 HV=0.9869569168265957; #4 ind=16 HV=0.9823487267650942; #5 ind=67 HV=0.9823171249584196
  Task 2: #1 ind=5 HV=0.9845833562068314; #2 ind=66 HV=0.9845615345643237; #3 ind=27 HV=0.9841103473118311; #4 ind=7 HV=0.9832278012314779; #5 ind=91 HV=0.9821527284508602

Pareto Front of Subpopulation 21
Objective 0: [5036.288226040371, 5280.298737505567, 5334.954927606421, 5655.420422283001, 5808.366897873813, 5829.257798376202, 5973.531463014078, 5989.808141340909, 6025.352879371203, 6034.948608068109, 6149.491194145638, 6181.934404086031, 6222.227514007187]
Objective 1: [1143.013472943625, 1116.7827858214732, 1043.8776862883387, 1027.2271103636594, 1018.2553474433371, 1016.4435017236392, 1009.9545701798634, 982.439001347142, 970.0507566812739, 961.5441928348737, 956.9329764120048, 930.8611349610728, 927.0557024999871]
MPSLGP task 0 best fitness of generation Fitness: [5334.954927606421 1043.8776862883387]
MPSLGP task 1 best fitness of generation Fitness: [5973.531463014078 1009.9545701798634]
MPSLGP task 2 best fitness of generation Fitness: [5280.298737505567 1116.7827858214732]
2
duration: 95.0
Generation 21 elapsed 95.0 seconds.
Generation 22
Preselection cleared number: 1607
MPSLGP task-balanced survival counts: [task 0=334, task 1=333, task 2=333]
Subpop 0 reduced 5000 -> 1000
ideal points: [4578.121124423342, 923.8048715690326]
nadir points: [6411.703456450603, 1408.2128122060967]
max objectives: [82001.80157065706, 19840.450392664265]
min objectives: [5086.801249359269, 1026.449857298925]
HVOfIntermedidatePopPSL: DoubleSummaryStatistics{count=1000, sum=910.663519, min=0.000000, average=0.910664, max=0.993035}
preferenceDiversityPopAll: DoubleSummaryStatistics{count=1000, sum=13.349273, min=0.000000, average=0.013349, max=0.120486}
Genotype diversity: 1.0
Entropy diversity: 6.773953834375869
PC diversity: 0.962
MPSLGP top 5 HV by task at generation 22:
  Task 0: #1 ind=1 HV=0.9917181535381039; #2 ind=2 HV=0.9895626278862291; #3 ind=11 HV=0.9872738174955229; #4 ind=4 HV=0.9859594363422095; #5 ind=5 HV=0.9859576418180827
  Task 1: #1 ind=0 HV=0.9930353529271378; #2 ind=3 HV=0.9863885027405187; #3 ind=31 HV=0.9828907515855918; #4 ind=78 HV=0.9820102300570643; #5 ind=20 HV=0.9812853865483261
  Task 2: #1 ind=12 HV=0.9871144190955701; #2 ind=6 HV=0.9851072984667971; #3 ind=77 HV=0.9847694481955951; #4 ind=27 HV=0.9847383598611186; #5 ind=28 HV=0.9841888094049418

Pareto Front of Subpopulation 22
Objective 0: [5086.801249359269, 5161.747482212842, 5332.061388601316, 5338.116941606859, 5418.500485309691, 5484.618671703094, 5820.599347802461, 5935.344146467629, 6149.902140486054, 6249.222232494794, 6411.703456450603]
Objective 1: [1408.2128122060967, 1328.2886361454293, 1310.8929821515922, 1220.0757489312673, 1201.7130579761724, 1121.0981848335286, 1120.7368346540316, 1062.7481078071432, 1062.5180187689548, 1046.4655715710542, 1026.449857298925]
MPSLGP task 0 best fitness of generation Fitness: [5935.344146467629 1062.7481078071432]
MPSLGP task 1 best fitness of generation Fitness: [6149.902140486054 1062.5180187689548]
MPSLGP task 2 best fitness of generation Fitness: [5820.599347802461 1120.7368346540316]
2
duration: 96.0
Generation 22 elapsed 96.0 seconds.
Generation 23
Preselection cleared number: 1653
MPSLGP task-balanced survival counts: [task 0=334, task 1=333, task 2=333]
Subpop 0 reduced 5000 -> 1000
ideal points: [4627.087754014711, 851.4177208843569]
nadir points: [5381.38588172468, 1191.2023181735058]
max objectives: [23414.575294394977, 9069.328747198873]
min objectives: [5141.208615571901, 946.0196898715076]
HVOfIntermedidatePopPSL: DoubleSummaryStatistics{count=1000, sum=855.324862, min=0.000000, average=0.855325, max=0.986682}
preferenceDiversityPopAll: DoubleSummaryStatistics{count=1000, sum=11.478445, min=0.000000, average=0.011478, max=0.107822}
Genotype diversity: 1.0
Entropy diversity: 6.886960863565455
PC diversity: 0.945
MPSLGP top 5 HV by task at generation 23:
  Task 0: #1 ind=0 HV=0.9866817022854784; #2 ind=6 HV=0.9860877100358102; #3 ind=1 HV=0.9809113110324487; #4 ind=22 HV=0.978577602474168; #5 ind=7 HV=0.9782682085455627
  Task 1: #1 ind=2 HV=0.972603338754815; #2 ind=25 HV=0.9667471587163244; #3 ind=38 HV=0.9656738876931311; #4 ind=52 HV=0.9650840985911614; #5 ind=26 HV=0.964273285548121
  Task 2: #1 ind=8 HV=0.97673867996293; #2 ind=3 HV=0.9690702070423944; #3 ind=15 HV=0.9669322716653507; #4 ind=92 HV=0.9666816676526084; #5 ind=18 HV=0.9651417408121028

Pareto Front of Subpopulation 23
Objective 0: [5141.208615571901, 5176.689436367713, 5226.9420756972395, 5228.015178429894, 5262.103574841574, 5381.38588172468]
Objective 1: [1191.2023181735058, 1175.091719139069, 1155.3304590808693, 1134.2366493582667, 1065.3042177100724, 946.0196898715076]
2
duration: 98.0
MPSLGP task 0 best fitness of generation Fitness: [5381.38588172468 946.0196898715076]
MPSLGP task 1 best fitness of generation Fitness: [5228.015178429894 1134.2366493582667]
MPSLGP task 2 best fitness of generation Fitness: [5176.689436367713 1175.091719139069]
Generation 23 elapsed 98.0 seconds.
Generation 24
Preselection cleared number: 1774
MPSLGP task-balanced survival counts: [task 0=334, task 1=333, task 2=333]
Subpop 0 reduced 5000 -> 1000
ideal points: [4895.819479693403, 1181.2530533901438]
nadir points: [7890.013570622861, 2153.6862470231354]
max objectives: [72502.6974851694, 18806.983176650305]
min objectives: [5439.799421881558, 1312.5033926557153]
HVOfIntermedidatePopPSL: DoubleSummaryStatistics{count=1000, sum=898.771574, min=0.000000, average=0.898772, max=0.984212}
preferenceDiversityPopAll: DoubleSummaryStatistics{count=1000, sum=12.150403, min=0.000000, average=0.012150, max=0.106372}
Genotype diversity: 1.0
Entropy diversity: 6.860621270704176
PC diversity: 0.942
MPSLGP top 5 HV by task at generation 24:
  Task 0: #1 ind=0 HV=0.9842120848019068; #2 ind=74 HV=0.9820450092664745; #3 ind=2 HV=0.9811587477443015; #4 ind=3 HV=0.9790109487177614; #5 ind=5 HV=0.9782335604600112
  Task 1: #1 ind=29 HV=0.9748640569230987; #2 ind=30 HV=0.9748189671808034; #3 ind=33 HV=0.9725040764291121; #4 ind=16 HV=0.9722969409109361; #5 ind=34 HV=0.9716687518037753
  Task 2: #1 ind=1 HV=0.981278214836388; #2 ind=4 HV=0.9785556644064182; #3 ind=25 HV=0.9755619501620553; #4 ind=105 HV=0.9728058405511254; #5 ind=77 HV=0.9723271467924942

Pareto Front of Subpopulation 24
Objective 0: [5439.799421881558, 5470.736697778339, 5656.759312089533, 5707.531193761621, 5817.36914178374, 5923.543229372881, 6047.190808939573, 6065.149931650318, 6091.443085562321, 6113.392896942794, 6128.542853247316, 6226.266851606197, 6276.0526966347825, 6529.701353986631, 6647.961984702852, 6671.950507398869, 6812.707249966974, 7139.064926612715, 7599.992342271493, 7620.418553537398, 7666.312566014589, 7690.651900865545, 7698.996167026809, 7890.013570622861]
Objective 1: [2153.6862470231354, 1781.3386965963145, 1712.2723207857416, 1634.2915425809624, 1585.8377221106057, 1569.0453594922583, 1561.9097682553693, 1555.471290266476, 1548.6535623104137, 1543.9291491533368, 1497.762545800797, 1475.2188084000954, 1473.4897764993948, 1469.2398646207148, 1467.8153893995186, 1446.5466757029644, 1393.9617018390418, 1391.8857907025158, 1388.3703134349198, 1386.2517977919633, 1380.7224469123976, 1365.0825366684294, 1330.8487147997803, 1312.5033926557153]
2
duration: 102.0
MPSLGP task 0 best fitness of generation Fitness: [6128.542853247316 1497.762545800797]
MPSLGP task 1 best fitness of generation Fitness: [6647.961984702852 1467.8153893995186]
MPSLGP task 2 best fitness of generation Fitness: [5656.759312089533 1712.2723207857416]
Generation 24 elapsed 102.0 seconds.
Generation 25
Preselection cleared number: 1724
MPSLGP task-balanced survival counts: [task 0=334, task 1=333, task 2=333]
Subpop 0 reduced 5000 -> 1000
ideal points: [4787.085473685816, 1046.6202428887352]
nadir points: [6797.307925492933, 1747.1036531518184]
max objectives: [75289.53340023092, 18285.82839876067]
min objectives: [5318.983859650907, 1162.9113809874834]
HVOfIntermedidatePopPSL: DoubleSummaryStatistics{count=1000, sum=902.182061, min=0.000000, average=0.902182, max=0.990222}
preferenceDiversityPopAll: DoubleSummaryStatistics{count=1000, sum=10.178407, min=0.000000, average=0.010178, max=0.115508}
Genotype diversity: 1.0
Entropy diversity: 6.792983909476491
PC diversity: 0.932
MPSLGP top 5 HV by task at generation 25:
  Task 0: #1 ind=11 HV=0.9902216526296665; #2 ind=0 HV=0.9883097407730959; #3 ind=12 HV=0.9878966328397074; #4 ind=27 HV=0.9877782167498902; #5 ind=1 HV=0.9875897091202314
  Task 1: #1 ind=14 HV=0.9836876842220028; #2 ind=17 HV=0.9810158639437838; #3 ind=9 HV=0.9775069659119436; #4 ind=140 HV=0.9767077390624315; #5 ind=141 HV=0.9745857280912746
  Task 2: #1 ind=39 HV=0.9874511817458558; #2 ind=91 HV=0.9832638058389429; #3 ind=6 HV=0.982782586715714; #4 ind=65 HV=0.9821006619185687; #5 ind=139 HV=0.9805128936922338

Pareto Front of Subpopulation 25
Objective 0: [5318.983859650907, 5381.137949817814, 5591.809732660884, 5615.886290515424, 5625.325158880209, 5629.562464633025, 5756.047833916382, 6361.434935767029, 6435.584943827242, 6501.140164857614, 6797.307925492933]
Objective 1: [1747.1036531518184, 1441.5543646521692, 1384.6413894656725, 1375.8223050428933, 1370.4951043342007, 1318.2645294032845, 1283.471134013147, 1271.2460517867294, 1265.5873520193709, 1244.075337708724, 1162.9113809874834]
2
duration: 103.0
MPSLGP task 0 best fitness of generation Fitness: [6501.140164857614 1244.075337708724]
MPSLGP task 1 best fitness of generation Fitness: [6435.584943827242 1265.5873520193709]
MPSLGP task 2 best fitness of generation Fitness: [5381.137949817814 1441.5543646521692]
Generation 25 elapsed 103.0 seconds.
Generation 26
Preselection cleared number: 1751
MPSLGP task-balanced survival counts: [task 0=334, task 1=333, task 2=333]
Subpop 0 reduced 5000 -> 1000
ideal points: [4582.630489995919, 839.7185120895491]
nadir points: [5885.985970690148, 1286.1344405141863]
max objectives: [48720.21975377761, 20571.204585603497]
min objectives: [5091.8116555510205, 933.0205689883878]
HVOfIntermedidatePopPSL: DoubleSummaryStatistics{count=1000, sum=905.104493, min=0.000000, average=0.905104, max=0.991902}
preferenceDiversityPopAll: DoubleSummaryStatistics{count=1000, sum=12.970925, min=0.000000, average=0.012971, max=0.114396}
Genotype diversity: 1.0
Entropy diversity: 6.79991538128209
PC diversity: 0.947
MPSLGP top 5 HV by task at generation 26:
  Task 0: #1 ind=0 HV=0.9910517178742924; #2 ind=1 HV=0.9884593088435345; #3 ind=11 HV=0.9879891289149529; #4 ind=2 HV=0.986573389262626; #5 ind=41 HV=0.9854496203705198
  Task 1: #1 ind=21 HV=0.9919019706781237; #2 ind=10 HV=0.9907902862486413; #3 ind=39 HV=0.9871814609233415; #4 ind=22 HV=0.9871522927225531; #5 ind=23 HV=0.9867059216137031
  Task 2: #1 ind=6 HV=0.9839757933139013; #2 ind=66 HV=0.9837011231082385; #3 ind=27 HV=0.9818471695794027; #4 ind=9 HV=0.9813037441320439; #5 ind=29 HV=0.9803560224911141

Pareto Front of Subpopulation 26
Objective 0: [5091.8116555510205, 5097.58670904371, 5217.183731442899, 5268.588112387821, 5328.0913797075045, 5441.247617080517, 5458.094426922617, 5458.27519784146, 5758.343190396263, 5885.985970690148]
Objective 1: [1286.1344405141863, 1184.7908929916011, 1164.030390328422, 1156.31955106651, 1109.571114051374, 1076.12967531725, 1028.3567314168322, 993.7887488686101, 971.054989794342, 933.0205689883878]
2
duration: 101.0
MPSLGP task 0 best fitness of generation Fitness: [5328.0913797075045 1109.571114051374]
MPSLGP task 1 best fitness of generation Fitness: [5097.58670904371 1184.7908929916011]
MPSLGP task 2 best fitness of generation Fitness: [5268.588112387821 1156.31955106651]
Generation 26 elapsed 101.0 seconds.
Generation 27
Preselection cleared number: 1604
MPSLGP task-balanced survival counts: [task 0=334, task 1=333, task 2=333]
Subpop 0 reduced 5000 -> 1000
ideal points: [4845.789589597625, 1124.5689501762013]
nadir points: [7013.4731031900155, 1684.4275770850218]
max objectives: [43588.216620294, 12523.88413303985]
min objectives: [5384.210655108473, 1249.5210557513346]
HVOfIntermedidatePopPSL: DoubleSummaryStatistics{count=1000, sum=866.821219, min=0.000000, average=0.866821, max=0.983635}
preferenceDiversityPopAll: DoubleSummaryStatistics{count=1000, sum=13.981454, min=0.000000, average=0.013981, max=0.088462}
Genotype diversity: 1.0
Entropy diversity: 6.847652055294728
PC diversity: 0.938
MPSLGP top 5 HV by task at generation 27:
  Task 0: #1 ind=69 HV=0.9779017164076885; #2 ind=2 HV=0.971400494059894; #3 ind=45 HV=0.9708886641135374; #4 ind=101 HV=0.9697827990075575; #5 ind=17 HV=0.9680282067284801
  Task 1: #1 ind=41 HV=0.9836351998638466; #2 ind=15 HV=0.978789295735868; #3 ind=16 HV=0.9738535754240285; #4 ind=44 HV=0.9711166797179477; #5 ind=4 HV=0.9646155360259481
  Task 2: #1 ind=70 HV=0.9778490458586965; #2 ind=42 HV=0.9772379048000408; #3 ind=0 HV=0.9770140056725503; #4 ind=43 HV=0.9765988698603733; #5 ind=100 HV=0.9761816319024151

Pareto Front of Subpopulation 27
Objective 0: [5384.210655108473, 5451.405630141788, 5569.894517737557, 5684.552736710495, 5690.78538536944, 5777.933520698745, 5784.755276428099, 6017.4883136274875, 6258.864718310302, 6314.055457140668, 6584.650195761467, 6737.547026862681, 6837.074349278642, 7004.567740716302, 7013.4731031900155]
Objective 1: [1684.4275770850218, 1647.5418381964846, 1617.9819719008228, 1600.6178450026346, 1552.306484877583, 1541.9048874097643, 1481.8963811709837, 1426.5244944809383, 1415.4266835704184, 1374.6350674030837, 1350.3114982029656, 1339.5576595526, 1335.1068468511512, 1328.8617337595206, 1249.5210557513346]
MPSLGP task 0 best fitness of generation Fitness: [6258.864718310302 1415.4266835704184]
MPSLGP task 1 best fitness of generation Fitness: [6314.055457140668 1374.6350674030837]
MPSLGP task 2 best fitness of generation Fitness: [5684.552736710495 1600.6178450026346]
2
duration: 105.0
Generation 27 elapsed 105.0 seconds.
Generation 28
Preselection cleared number: 1652
MPSLGP task-balanced survival counts: [task 0=334, task 1=333, task 2=333]
Subpop 0 reduced 5000 -> 1000
ideal points: [4588.7780620631165, 798.2298907768026]
nadir points: [5752.42553258792, 1454.8553988737258]
max objectives: [38260.99599329464, 18679.84843461326]
min objectives: [5098.642291181241, 886.9221008631139]
HVOfIntermedidatePopPSL: DoubleSummaryStatistics{count=1000, sum=879.695443, min=0.000000, average=0.879695, max=0.993039}
preferenceDiversityPopAll: DoubleSummaryStatistics{count=1000, sum=14.636206, min=0.000000, average=0.014636, max=0.113523}
Genotype diversity: 1.0
Entropy diversity: 6.663021686708447
PC diversity: 0.959
MPSLGP top 5 HV by task at generation 28:
  Task 0: #1 ind=29 HV=0.9930389756149943; #2 ind=12 HV=0.9917214696796111; #3 ind=0 HV=0.9912346185860739; #4 ind=1 HV=0.990512000521781; #5 ind=13 HV=0.9895579761692082
  Task 1: #1 ind=2 HV=0.9904904782016484; #2 ind=3 HV=0.9901577989230095; #3 ind=30 HV=0.9901183707783359; #4 ind=4 HV=0.9899571948319605; #5 ind=67 HV=0.9894903859006065
  Task 2: #1 ind=14 HV=0.9895259203328209; #2 ind=31 HV=0.9890809680398557; #3 ind=69 HV=0.9828141456093781; #4 ind=107 HV=0.9822053912603642; #5 ind=39 HV=0.9816061031935819

Pareto Front of Subpopulation 28
Objective 0: [5098.642291181241, 5101.020939713111, 5126.963419923559, 5129.58288005089, 5267.2224246207625, 5269.510096622806, 5292.63692431408, 5583.788168739353, 5585.974854917295, 5666.458406228921, 5667.36069233116, 5752.42553258792]
Objective 1: [1454.8553988737258, 1185.3238284115068, 1134.7489073397446, 1044.624367951852, 1037.300885663819, 961.4178961335128, 950.8975199008273, 946.1619728336809, 932.8110409247456, 927.8315426436457, 908.2796509005857, 886.9221008631139]
2
duration: 102.0
MPSLGP task 0 best fitness of generation Fitness: [5267.2224246207625 1037.300885663819]
MPSLGP task 1 best fitness of generation Fitness: [5292.63692431408 950.8975199008273]
MPSLGP task 2 best fitness of generation Fitness: [5145.870367721538 1087.3856298216415]
Generation 28 elapsed 102.0 seconds.
Generation 29
Preselection cleared number: 1697
MPSLGP task-balanced survival counts: [task 0=334, task 1=333, task 2=333]
Subpop 0 reduced 5000 -> 1000
ideal points: [4567.890412296401, 1051.5935630680528]
nadir points: [7313.749169191346, 1759.2976211635978]
max objectives: [59915.37111770362, 14473.066414635687]
min objectives: [5075.433791440446, 1168.4372922978364]
HVOfIntermedidatePopPSL: DoubleSummaryStatistics{count=1000, sum=904.770943, min=0.000000, average=0.904771, max=0.979632}
preferenceDiversityPopAll: DoubleSummaryStatistics{count=1000, sum=13.270745, min=0.000000, average=0.013271, max=0.078811}
Genotype diversity: 1.0
Entropy diversity: 6.883821374702867
PC diversity: 0.948
MPSLGP top 5 HV by task at generation 29:
  Task 0: #1 ind=19 HV=0.9783855992102469; #2 ind=2 HV=0.9724218727243246; #3 ind=41 HV=0.9710954807491614; #4 ind=3 HV=0.9710395509880615; #5 ind=21 HV=0.9706634309807978
  Task 1: #1 ind=0 HV=0.976579021035216; #2 ind=40 HV=0.9733253133651771; #3 ind=1 HV=0.9724755793303667; #4 ind=4 HV=0.9706412685430855; #5 ind=7 HV=0.9700618931046886
  Task 2: #1 ind=18 HV=0.9796322343620588; #2 ind=20 HV=0.9708435344396397; #3 ind=5 HV=0.9705735973949138; #4 ind=8 HV=0.9689268480896709; #5 ind=9 HV=0.9680027589909201

Pareto Front of Subpopulation 29
Objective 0: [5075.433791440446, 5238.741408062051, 5346.546942146262, 5372.972976336139, 5378.63985663082, 5429.786801406182, 5526.717837150325, 5563.308450708282, 5605.682596414932, 5746.4379373071715, 5802.875894741155, 5947.2557742489735, 5949.2667285092175, 6080.111674035899, 6202.483035130543, 6404.136898638215, 6890.262743733823, 7313.749169191346]
Objective 1: [1759.2976211635978, 1595.7853001544427, 1593.4965641661838, 1579.6021134439216, 1543.6182465690072, 1494.4578030947305, 1478.9774626614526, 1468.0949860959954, 1424.3019560853427, 1357.5033098038693, 1348.1512460070662, 1342.544163154409, 1331.7730986015522, 1301.0549393765104, 1244.8236693693325, 1226.700421538233, 1182.8419766226725, 1168.4372922978364]
MPSLGP task 0 best fitness of generation Fitness: [5802.875894741155 1348.1512460070662]
MPSLGP task 1 best fitness of generation Fitness: [5746.4379373071715 1357.5033098038693]
MPSLGP task 2 best fitness of generation Fitness: [5605.682596414932 1424.3019560853427]
2
duration: 105.0
Generation 29 elapsed 105.0 seconds.
Generation 30
Preselection cleared number: 1562
MPSLGP task-balanced survival counts: [task 0=334, task 1=333, task 2=333]
Subpop 0 reduced 5000 -> 1000
ideal points: [4655.082575903402, 892.1092556967196]
nadir points: [6498.5509573697345, 2380.329914269736]
max objectives: [18476.529549818428, 7447.452267873188]
min objectives: [5172.313973226002, 991.2325063296885]
HVOfIntermedidatePopPSL: DoubleSummaryStatistics{count=1000, sum=808.936223, min=0.000000, average=0.808936, max=0.987415}
preferenceDiversityPopAll: DoubleSummaryStatistics{count=1000, sum=15.198436, min=0.000000, average=0.015198, max=0.072108}
Genotype diversity: 1.0
Entropy diversity: 6.8396614247067
PC diversity: 0.911
MPSLGP top 5 HV by task at generation 30:
  Task 0: #1 ind=0 HV=0.9874145282325842; #2 ind=30 HV=0.9775499237024715; #3 ind=2 HV=0.957996580352775; #4 ind=3 HV=0.9562972500866761; #5 ind=16 HV=0.951049789865695
  Task 1: #1 ind=1 HV=0.9691353105420976; #2 ind=4 HV=0.9539704516636073; #3 ind=5 HV=0.9468971172604227; #4 ind=21 HV=0.9456165567841246; #5 ind=22 HV=0.9453838605214818
  Task 2: #1 ind=14 HV=0.9612787452082039; #2 ind=15 HV=0.9551104853807084; #3 ind=33 HV=0.9412451972256332; #4 ind=58 HV=0.9368644012951215; #5 ind=110 HV=0.9352350125257378

Pareto Front of Subpopulation 30
Objective 0: [5172.313973226002, 5181.640667693398, 5181.892115891009, 5186.291743919835, 5502.623945563217, 5569.465720364358, 5768.457137312391, 5833.498454566696, 6005.178419681964, 6363.340217465884, 6376.042063959758, 6380.47226139158, 6383.03909441398, 6498.5509573697345]
Objective 1: [2380.329914269736, 1914.6160938403045, 1611.4997703931876, 1132.7455555962515, 1113.3475161113893, 1094.6065569217026, 1078.0127557825472, 1076.9784946949221, 1074.4741476376948, 1056.3217454285477, 1039.066064935847, 1002.9148559161404, 997.4104309058457, 991.2325063296885]
2
duration: 103.0
MPSLGP task 0 best fitness of generation Fitness: [5186.291743919835 1132.7455555962515]
MPSLGP task 1 best fitness of generation Fitness: [6376.042063959758 1039.066064935847]
MPSLGP task 2 best fitness of generation Fitness: [5172.313973226002 2380.329914269736]
Generation 30 elapsed 103.0 seconds.
Generation 31
Preselection cleared number: 1573
MPSLGP task-balanced survival counts: [task 0=334, task 1=333, task 2=333]
Subpop 0 reduced 5000 -> 1000
ideal points: [4559.116434248421, 966.6429843002469]
nadir points: [5797.596909086802, 1651.2323412825062]
max objectives: [31486.194727333233, 15604.08929108781]
min objectives: [5065.684926942689, 1074.0477603336076]
HVOfIntermedidatePopPSL: DoubleSummaryStatistics{count=1000, sum=888.740118, min=0.000000, average=0.888740, max=0.991171}
preferenceDiversityPopAll: DoubleSummaryStatistics{count=1000, sum=15.307278, min=0.000000, average=0.015307, max=0.111498}
Genotype diversity: 1.0
Entropy diversity: 6.76999243313105
PC diversity: 0.919
MPSLGP top 5 HV by task at generation 31:
  Task 0: #1 ind=1 HV=0.9889933065604716; #2 ind=8 HV=0.9886132720385191; #3 ind=21 HV=0.9880773655675096; #4 ind=9 HV=0.9870375160464414; #5 ind=3 HV=0.9866020687054792
  Task 1: #1 ind=0 HV=0.9911707995573725; #2 ind=2 HV=0.9880507164555787; #3 ind=46 HV=0.9805955447042385; #4 ind=48 HV=0.979387133865259; #5 ind=5 HV=0.9771090817643243
  Task 2: #1 ind=22 HV=0.9876145756385781; #2 ind=35 HV=0.9848518938521916; #3 ind=11 HV=0.9845686549699871; #4 ind=24 HV=0.9840970686807788; #5 ind=63 HV=0.9796201908543856

Pareto Front of Subpopulation 31
Objective 0: [5065.684926942689, 5125.30602588359, 5230.162586218328, 5476.769422077807, 5553.454892524052, 5606.554154956189, 5683.794620670378, 5797.596909086802]
Objective 1: [1651.2323412825062, 1259.3360475706613, 1147.6990162729053, 1132.5548981691209, 1131.9715301107608, 1106.125978779568, 1093.5586113870995, 1074.0477603336076]
2
duration: 104.0
MPSLGP task 0 best fitness of generation Fitness: [5230.162586218328 1147.6990162729053]
MPSLGP task 1 best fitness of generation Fitness: [5125.30602588359 1259.3360475706613]
MPSLGP task 2 best fitness of generation Fitness: [5065.684926942689 1651.2323412825062]
Generation 31 elapsed 104.0 seconds.
Generation 32
Preselection cleared number: 1974
MPSLGP task-balanced survival counts: [task 0=334, task 1=333, task 2=333]
Subpop 0 reduced 5000 -> 1000
ideal points: [4660.675704630456, 962.0142246079471]
nadir points: [6605.888317063218, 1641.7623820905137]
max objectives: [35019.49775823986, 9982.05493985943]
min objectives: [5178.528560700506, 1068.9046940088301]
HVOfIntermedidatePopPSL: DoubleSummaryStatistics{count=1000, sum=870.600668, min=0.000000, average=0.870601, max=0.988428}
preferenceDiversityPopAll: DoubleSummaryStatistics{count=1000, sum=13.738233, min=0.000000, average=0.013738, max=0.102897}
Genotype diversity: 1.0
Entropy diversity: 6.845068044788932
PC diversity: 0.919
MPSLGP top 5 HV by task at generation 32:
  Task 0: #1 ind=1 HV=0.9829915466989654; #2 ind=2 HV=0.979435621615717; #3 ind=15 HV=0.9768604272813001; #4 ind=35 HV=0.9749447160128558; #5 ind=6 HV=0.973633391212459
  Task 1: #1 ind=3 HV=0.9785238050017951; #2 ind=4 HV=0.9776035703288786; #3 ind=5 HV=0.9762889637255974; #4 ind=18 HV=0.9675232248014861; #5 ind=19 HV=0.9674410038814774
  Task 2: #1 ind=0 HV=0.9884282702940484; #2 ind=61 HV=0.9692324899637517; #3 ind=88 HV=0.9682675510589983; #4 ind=111 HV=0.9606669443149385; #5 ind=148 HV=0.9599563098286252

Pareto Front of Subpopulation 32
Objective 0: [5178.528560700506, 5307.818868955714, 5330.26687087561, 5368.235792204563, 5427.082901656977, 5429.789053258253, 5516.643511421629, 5550.779258316907, 5644.035500800121, 5726.454625202168, 5778.597099185572, 6040.401873210445, 6461.142456169764, 6547.949263695627, 6605.888317063218]
Objective 1: [1641.7623820905137, 1545.4753796541481, 1412.8469554551411, 1324.1928858764295, 1322.1334869758139, 1318.5601964158413, 1308.577666334837, 1241.3152797407529, 1227.583398901188, 1225.3936843593256, 1180.241974801058, 1108.6138110917527, 1108.1765828997013, 1101.3060954259126, 1068.9046940088301]
2
duration: 113.0
MPSLGP task 0 best fitness of generation Fitness: [5516.643511421629 1308.577666334837]
MPSLGP task 1 best fitness of generation Fitness: [6040.401873210445 1108.6138110917527]
MPSLGP task 2 best fitness of generation Fitness: [5307.818868955714 1545.4753796541481]
Generation 32 elapsed 113.0 seconds.
Generation 33
Preselection cleared number: 1896
MPSLGP task-balanced survival counts: [task 0=334, task 1=333, task 2=333]
Subpop 0 reduced 5000 -> 1000
ideal points: [4536.368779148, 973.3253116057539]
nadir points: [6842.710063891602, 1734.9758958167804]
max objectives: [37216.35459991067, 13182.66606494636]
min objectives: [5040.409754608889, 1081.4725684508376]
HVOfIntermedidatePopPSL: DoubleSummaryStatistics{count=1000, sum=879.074223, min=0.000000, average=0.879074, max=0.983056}
preferenceDiversityPopAll: DoubleSummaryStatistics{count=1000, sum=16.273216, min=0.000000, average=0.016273, max=0.092439}
Genotype diversity: 1.0
Entropy diversity: 6.771378727492172
PC diversity: 0.934
MPSLGP top 5 HV by task at generation 33:
  Task 0: #1 ind=1 HV=0.9815599163594492; #2 ind=2 HV=0.9814150204067197; #3 ind=34 HV=0.9792553305631387; #4 ind=17 HV=0.977583133146503; #5 ind=4 HV=0.9773863144628033
  Task 1: #1 ind=0 HV=0.9830558548195101; #2 ind=5 HV=0.9761798490447022; #3 ind=6 HV=0.9750520907093821; #4 ind=82 HV=0.9744486596531144; #5 ind=8 HV=0.9717326690278335
  Task 2: #1 ind=3 HV=0.9797153470149873; #2 ind=33 HV=0.9792647907739926; #3 ind=15 HV=0.9790440162579865; #4 ind=16 HV=0.9779646738146333; #5 ind=7 HV=0.974040026363362

Pareto Front of Subpopulation 33
Objective 0: [5040.409754608889, 5076.505134433857, 5124.378806741675, 5259.644454449182, 5287.054422959569, 5322.215739865205, 5428.727358904449, 5468.557974200114, 5482.355994767568, 5698.342207527021, 6183.305309735733, 6368.280365454499, 6465.977827092342, 6655.2869029137655, 6842.710063891602]
Objective 1: [1734.9758958167804, 1486.232335873232, 1367.5238982872615, 1298.8156223277838, 1287.072874940175, 1237.219968954836, 1227.5575165331247, 1210.576072394084, 1195.7821865336155, 1169.9737453670823, 1145.656220090401, 1124.7038420775425, 1118.06216360689, 1098.1574907041067, 1081.4725684508376]
MPSLGP task 0 best fitness of generation Fitness: [5428.727358904449 1227.5575165331247]
MPSLGP task 1 best fitness of generation Fitness: [6465.977827092342 1118.06216360689]
MPSLGP task 2 best fitness of generation Fitness: [5124.378806741675 1367.5238982872615]
2
duration: 112.0
Generation 33 elapsed 112.0 seconds.
Generation 34
Preselection cleared number: 1662
MPSLGP task-balanced survival counts: [task 0=334, task 1=333, task 2=333]
Subpop 0 reduced 5000 -> 1000
ideal points: [4620.976272853673, 914.5958441676688]
nadir points: [6525.689257303427, 1425.4640980553813]
max objectives: [632339.7527726118, 157490.93819315295]
min objectives: [5134.418080948526, 1016.2176046307432]
HVOfIntermedidatePopPSL: DoubleSummaryStatistics{count=1000, sum=970.012727, min=0.000000, average=0.970013, max=0.999507}
preferenceDiversityPopAll: DoubleSummaryStatistics{count=1000, sum=16.852112, min=0.000000, average=0.016852, max=0.104363}
Genotype diversity: 1.0
Entropy diversity: 6.7940791413704185
PC diversity: 0.965
MPSLGP top 5 HV by task at generation 34:
  Task 0: #1 ind=0 HV=0.9995072414597691; #2 ind=49 HV=0.999022176862605; #3 ind=16 HV=0.9989454650922169; #4 ind=76 HV=0.9989044022297112; #5 ind=3 HV=0.9988856590730165
  Task 1: #1 ind=2 HV=0.9989984761336245; #2 ind=17 HV=0.9988990019469085; #3 ind=30 HV=0.9986408906664257; #4 ind=51 HV=0.9986196726780887; #5 ind=5 HV=0.9984836485641461
  Task 2: #1 ind=15 HV=0.9992850432926992; #2 ind=1 HV=0.9992402047875344; #3 ind=27 HV=0.9989280344277751; #4 ind=50 HV=0.9988397794233732; #5 ind=28 HV=0.9988073120478114

Pareto Front of Subpopulation 34
Objective 0: [5134.418080948526, 5188.100476232357, 5236.618783041806, 5284.481227152515, 5483.947167341015, 5559.831162290531, 5659.093307435833, 5703.057202172349, 5730.208513515361, 5893.72827981197, 5939.46958826948, 6102.024244915403, 6356.1122683042195, 6525.172481943446, 6525.689257303427]
Objective 1: [1425.4640980553813, 1271.0332963622786, 1215.7709730902425, 1171.6292335245234, 1162.5674543684727, 1145.2968035139784, 1144.6267711716646, 1125.1927960564499, 1108.3468939892919, 1107.0620140847022, 1077.2291197238665, 1043.4379868296528, 1033.6210024530446, 1023.0784153121931, 1016.2176046307432]
2
duration: 116.0
MPSLGP task 0 best fitness of generation Fitness: [5284.481227152515 1171.6292335245234]
MPSLGP task 1 best fitness of generation Fitness: [5893.72827981197 1107.0620140847022]
MPSLGP task 2 best fitness of generation Fitness: [5134.418080948526 1425.4640980553813]
Generation 34 elapsed 116.0 seconds.
Generation 35
Preselection cleared number: 1765
MPSLGP task-balanced survival counts: [task 0=334, task 1=333, task 2=333]
Subpop 0 reduced 5000 -> 1000
ideal points: [4517.336403362278, 786.4402350107754]
nadir points: [5954.088521528058, 1264.5453742501923]
max objectives: [16951.471627542924, 4039.867906885731]
min objectives: [5019.2626704025315, 873.822483345306]
HVOfIntermedidatePopPSL: DoubleSummaryStatistics{count=1000, sum=760.513203, min=0.000000, average=0.760513, max=0.962155}
preferenceDiversityPopAll: DoubleSummaryStatistics{count=1000, sum=13.892654, min=0.000000, average=0.013893, max=0.094328}
Genotype diversity: 1.0
Entropy diversity: 6.877219547898112
PC diversity: 1.0
MPSLGP top 5 HV by task at generation 35:
  Task 0: #1 ind=0 HV=0.9621554328607185; #2 ind=13 HV=0.9512558891653937; #3 ind=1 HV=0.9505471979275578; #4 ind=14 HV=0.9471016214356054; #5 ind=15 HV=0.9434702924525686
  Task 1: #1 ind=2 HV=0.9427918547664635; #2 ind=3 HV=0.9376074021479794; #3 ind=4 HV=0.9365851866767455; #4 ind=6 HV=0.9327147158300145; #5 ind=38 HV=0.9312046967592191
  Task 2: #1 ind=35 HV=0.9550630201388121; #2 ind=62 HV=0.932287377385057; #3 ind=7 HV=0.9300408124989131; #4 ind=125 HV=0.925580249090328; #5 ind=45 HV=0.9182664631099283

Pareto Front of Subpopulation 35
Objective 0: [5019.2626704025315, 5085.019354179618, 5168.620373480953, 5188.495525574544, 5218.38271491084, 5360.508725062187, 5392.318460617564, 5437.835671265377, 5438.86256412178, 5523.643464926805, 5664.715085155796, 5870.671414064884, 5954.088521528058]
Objective 1: [1264.5453742501923, 1209.2927453797456, 1102.4346878684373, 1069.956333088703, 1050.1726622676506, 1039.728211785652, 1019.754879979635, 970.0433243504958, 935.3064632505993, 928.265404658734, 891.49844247297, 886.3888636787597, 873.822483345306]
2
duration: 115.0
MPSLGP task 0 best fitness of generation Fitness: [5188.495525574544 1069.956333088703]
MPSLGP task 1 best fitness of generation Fitness: [5438.86256412178 935.3064632505993]
MPSLGP task 2 best fitness of generation Fitness: [5392.318460617564 1019.754879979635]
Generation 35 elapsed 115.0 seconds.
Generation 36
Preselection cleared number: 1723
MPSLGP task-balanced survival counts: [task 0=334, task 1=333, task 2=333]
Subpop 0 reduced 5000 -> 1000
ideal points: [4651.066789870037, 972.5781251944326]
nadir points: [6511.248570210824, 1418.3331098048511]
max objectives: [36794.05623113207, 15687.597422782186]
min objectives: [5167.851988744485, 1080.6423613271472]
HVOfIntermedidatePopPSL: DoubleSummaryStatistics{count=1000, sum=900.004306, min=0.000000, average=0.900004, max=0.989302}
preferenceDiversityPopAll: DoubleSummaryStatistics{count=1000, sum=14.374847, min=0.000000, average=0.014375, max=0.100456}
Genotype diversity: 1.0
Entropy diversity: 6.852659180327697
PC diversity: 1.0
MPSLGP top 5 HV by task at generation 36:
  Task 0: #1 ind=0 HV=0.9893016422960096; #2 ind=31 HV=0.9884038715418801; #3 ind=13 HV=0.988202256630088; #4 ind=1 HV=0.9879475607383029; #5 ind=14 HV=0.9859164107344522
  Task 1: #1 ind=3 HV=0.9849416890251425; #2 ind=15 HV=0.9820013588603684; #3 ind=133 HV=0.9778693990579412; #4 ind=75 HV=0.9761260205638976; #5 ind=35 HV=0.9740864878808095
  Task 2: #1 ind=47 HV=0.9874383725948055; #2 ind=4 HV=0.9822478640859974; #3 ind=18 HV=0.9770308874548425; #4 ind=19 HV=0.9768540317281943; #5 ind=7 HV=0.9767853391983966

Pareto Front of Subpopulation 36
Objective 0: [5167.851988744485, 5231.147666768695, 5241.797207298689, 5279.0275764564285, 5311.214657892473, 5331.541063466691, 5456.465575851733, 5598.260685143527, 5784.540355768171, 6061.78127185913, 6468.929256265517, 6487.6652392208925, 6511.248570210824]
Objective 1: [1418.3331098048511, 1389.3032189834048, 1341.753977428365, 1319.3626263379992, 1267.4757881224941, 1233.3371412265842, 1202.8195506958873, 1197.6830190922337, 1155.2329141499213, 1107.9106475335138, 1100.0982702668844, 1089.8281121890905, 1080.6423613271472]
2
duration: 117.0
MPSLGP task 0 best fitness of generation Fitness: [5279.0275764564285 1319.3626263379992]
MPSLGP task 1 best fitness of generation Fitness: [5784.540355768171 1155.2329141499213]
MPSLGP task 2 best fitness of generation Fitness: [5311.214657892473 1267.4757881224941]
Generation 36 elapsed 117.0 seconds.
Generation 37
Preselection cleared number: 1776
MPSLGP task-balanced survival counts: [task 0=334, task 1=333, task 2=333]
Subpop 0 reduced 5000 -> 1000
ideal points: [4711.351303664205, 1069.3701876001724]
nadir points: [7182.532907688874, 1591.6312264565495]
max objectives: [40918.98270036117, 14356.341124280007]
min objectives: [5234.834781849117, 1188.1890973335248]
HVOfIntermedidatePopPSL: DoubleSummaryStatistics{count=1000, sum=903.098258, min=0.000000, average=0.903098, max=0.988675}
preferenceDiversityPopAll: DoubleSummaryStatistics{count=1000, sum=13.577417, min=0.000000, average=0.013577, max=0.108819}
Genotype diversity: 1.0
Entropy diversity: 6.892747613577747
PC diversity: 1.0
MPSLGP top 5 HV by task at generation 37:
  Task 0: #1 ind=14 HV=0.9861788547339719; #2 ind=17 HV=0.9807667553355636; #3 ind=3 HV=0.9797078325632287; #4 ind=37 HV=0.9796754280914681; #5 ind=84 HV=0.9771232896011073
  Task 1: #1 ind=36 HV=0.9886748532911882; #2 ind=0 HV=0.9885416993093384; #3 ind=1 HV=0.988155232676899; #4 ind=15 HV=0.9814959040133368; #5 ind=112 HV=0.9809341468513341
  Task 2: #1 ind=58 HV=0.9818562259106335; #2 ind=2 HV=0.9814186771083337; #3 ind=5 HV=0.9752650316433941; #4 ind=20 HV=0.9740963332403867; #5 ind=21 HV=0.9731208190487656

Pareto Front of Subpopulation 37
Objective 0: [5234.834781849117, 5302.162444866728, 5316.104555926751, 5327.869289392256, 5403.1473062459845, 5404.558370737126, 5417.924472117098, 5579.514386018971, 5824.460062092985, 6067.876762587577, 6218.745262132841, 6854.600474930019, 6903.157682622899, 7182.532907688874]
Objective 1: [1591.6312264565495, 1563.0452530351467, 1538.9268952292623, 1525.5994235325488, 1502.8608831492602, 1444.6088377132837, 1421.6988161360496, 1351.0627766555408, 1319.0066804585513, 1310.002724717022, 1258.041194598889, 1250.965079502872, 1231.6976222749508, 1188.1890973335248]
2
duration: 119.0
MPSLGP task 0 best fitness of generation Fitness: [5579.514386018971 1351.0627766555408]
MPSLGP task 1 best fitness of generation Fitness: [5417.924472117098 1421.6988161360496]
MPSLGP task 2 best fitness of generation Fitness: [5316.104555926751 1538.9268952292623]
Generation 37 elapsed 119.0 seconds.
Generation 38
Preselection cleared number: 1893
MPSLGP task-balanced survival counts: [task 0=334, task 1=333, task 2=333]
Subpop 0 reduced 5000 -> 1000
ideal points: [4787.227664702351, 1116.5803505917022]
nadir points: [7509.481499557325, 4954.840317743205]
max objectives: [48508.41632476589, 20516.57723835332]
min objectives: [5319.141849669279, 1240.6448339907802]
HVOfIntermedidatePopPSL: DoubleSummaryStatistics{count=1000, sum=913.014292, min=0.000000, average=0.913014, max=0.992789}
preferenceDiversityPopAll: DoubleSummaryStatistics{count=1000, sum=17.228647, min=0.000000, average=0.017229, max=0.086743}
Genotype diversity: 1.0
Entropy diversity: 6.8633938594264166
PC diversity: 1.0
MPSLGP top 5 HV by task at generation 38:
  Task 0: #1 ind=15 HV=0.9927889873286084; #2 ind=0 HV=0.9899701351538019; #3 ind=31 HV=0.9878238608661271; #4 ind=54 HV=0.9854886695486519; #5 ind=35 HV=0.9837430993707774
  Task 1: #1 ind=1 HV=0.9897788027764886; #2 ind=33 HV=0.9856298330075485; #3 ind=34 HV=0.9840806482579044; #4 ind=6 HV=0.9785675473987887; #5 ind=56 HV=0.9783772880802111
  Task 2: #1 ind=32 HV=0.9856402262755899; #2 ind=104 HV=0.9839549682991887; #3 ind=2 HV=0.9831504606103817; #4 ind=106 HV=0.9829191092899062; #5 ind=107 HV=0.9825577217789494

Pareto Front of Subpopulation 38
Objective 0: [5319.141849669279, 5329.031989522395, 5376.00491611124, 5402.127439213742, 5445.213368204364, 5456.616965846508, 5992.194058047142, 6311.063160518068, 6386.6824974941555, 6428.392072002753, 6473.802439435036, 7064.49172058102, 7140.533908328158, 7290.632186323637, 7509.481499557325]
Objective 1: [4954.840317743205, 1620.0941009178932, 1614.6058585097635, 1579.1611367611185, 1502.899076205038, 1364.4744964081474, 1345.1931283077574, 1335.4227366771229, 1331.3245759407437, 1317.1448941686976, 1274.1321645918215, 1254.272875698167, 1252.669740115598, 1242.6761922859441, 1240.6448339907802]
2
duration: 115.0
MPSLGP task 0 best fitness of generation Fitness: [5456.616965846508 1364.4744964081474]
MPSLGP task 1 best fitness of generation Fitness: [7064.49172058102 1254.272875698167]
MPSLGP task 2 best fitness of generation Fitness: [5445.213368204364 1502.899076205038]
Generation 38 elapsed 115.0 seconds.
Generation 39
Preselection cleared number: 1853
MPSLGP task-balanced survival counts: [task 0=334, task 1=333, task 2=333]
Subpop 0 reduced 5000 -> 1000
ideal points: [4569.467635940505, 907.7829469832039]
nadir points: [6137.117132471001, 1411.6811645119087]
max objectives: [29428.921370361582, 13563.9251867446]
min objectives: [5077.186262156116, 1008.6477188702265]
HVOfIntermedidatePopPSL: DoubleSummaryStatistics{count=1000, sum=889.183417, min=0.000000, average=0.889183, max=0.982684}
preferenceDiversityPopAll: DoubleSummaryStatistics{count=1000, sum=17.676336, min=0.000000, average=0.017676, max=0.100543}
Genotype diversity: 1.0
Entropy diversity: 6.904982690260015
PC diversity: 1.0
MPSLGP top 5 HV by task at generation 39:
  Task 0: #1 ind=18 HV=0.9791674016565237; #2 ind=19 HV=0.9790776976799347; #3 ind=20 HV=0.9776504080797584; #4 ind=66 HV=0.9769664218154366; #5 ind=95 HV=0.9750929565105952
  Task 1: #1 ind=0 HV=0.9826841651989987; #2 ind=21 HV=0.9748146115271891; #3 ind=96 HV=0.9747335443377152; #4 ind=22 HV=0.9745299459783178; #5 ind=2 HV=0.9699268823298345
  Task 2: #1 ind=17 HV=0.9823610976385904; #2 ind=1 HV=0.970765849993751; #3 ind=4 HV=0.9697410115689954; #4 ind=39 HV=0.9684859574892454; #5 ind=8 HV=0.9677850173606641

Pareto Front of Subpopulation 39
Objective 0: [5077.186262156116, 5132.22856879211, 5231.716604382702, 5240.030118429451, 5357.056941599469, 5402.601495154551, 5420.392275093414, 5428.202773739875, 5475.274733293889, 5545.466643075983, 5653.6304318649345, 5741.74977238063, 5832.376572922658, 5976.600493963808, 6083.409533867554, 6097.321107618336, 6137.117132471001]
Objective 1: [1411.6811645119087, 1403.8449312450248, 1363.0828466780222, 1287.8159569770942, 1267.5558963561634, 1214.266402260415, 1204.2362900841836, 1197.7977495947707, 1190.8714970041474, 1132.6735715866962, 1098.896991642112, 1092.8134882216982, 1070.8262092638033, 1033.951731595589, 1027.872354542269, 1009.4763195996056, 1008.6477188702265]
2
duration: 116.0
MPSLGP task 0 best fitness of generation Fitness: [5428.202773739875 1197.7977495947707]
MPSLGP task 1 best fitness of generation Fitness: [5402.601495154551 1214.266402260415]
MPSLGP task 2 best fitness of generation Fitness: [5240.030118429451 1287.8159569770942]
Generation 39 elapsed 116.0 seconds.
Generation 40
Preselection cleared number: 2130
MPSLGP task-balanced survival counts: [task 0=334, task 1=333, task 2=333]
Subpop 0 reduced 5000 -> 1000
ideal points: [4750.977341408911, 1105.4629431169772]
nadir points: [7302.524587810505, 1706.2692902032868]
max objectives: [29583.010450169793, 11753.462916011951]
min objectives: [5278.863712676568, 1228.2921590188635]
HVOfIntermedidatePopPSL: DoubleSummaryStatistics{count=1000, sum=847.507414, min=0.000000, average=0.847507, max=0.973142}
preferenceDiversityPopAll: DoubleSummaryStatistics{count=1000, sum=19.911656, min=0.000000, average=0.019912, max=0.116987}
Genotype diversity: 1.0
Entropy diversity: 6.885207669063988
PC diversity: 0.956
MPSLGP top 5 HV by task at generation 40:
  Task 0: #1 ind=0 HV=0.9731416275347802; #2 ind=38 HV=0.9681413231504343; #3 ind=2 HV=0.9677806495195623; #4 ind=68 HV=0.9651409443865805; #5 ind=19 HV=0.9617383957306709
  Task 1: #1 ind=1 HV=0.9718089904878394; #2 ind=20 HV=0.9591887585273489; #3 ind=40 HV=0.9573908699917787; #4 ind=4 HV=0.9523328857860957; #5 ind=6 HV=0.9486013462149456
  Task 2: #1 ind=18 HV=0.9622940697349043; #2 ind=39 HV=0.9587296675676742; #3 ind=42 HV=0.9523673138128959; #4 ind=7 HV=0.9473324670752831; #5 ind=69 HV=0.9461811722373414

Pareto Front of Subpopulation 40
Objective 0: [5278.863712676568, 5435.035371092148, 5597.945187345729, 5661.794538587739, 5705.299543619796, 5855.489652840537, 6003.8972795433365, 6325.90854384721, 6466.418903026031, 6475.814348258951, 6565.986670049722, 6750.651231610682, 6903.091351198906, 7042.361729282304, 7109.452534403594, 7166.517507034878, 7206.306419198401, 7302.524587810505]
Objective 1: [1706.2692902032868, 1695.7335552442091, 1682.3550173539552, 1671.0582680037041, 1618.3285046500678, 1488.2206712798506, 1451.8515087334672, 1443.9301287513808, 1418.5764729010407, 1406.931626476391, 1377.8073786253808, 1364.5710593789845, 1354.1621707455488, 1291.7011811411212, 1266.52698380714, 1241.6283122090244, 1238.4771715100505, 1228.2921590188635]
2
duration: 117.0
MPSLGP task 0 best fitness of generation Fitness: [7166.517507034878 1241.6283122090244]
MPSLGP task 1 best fitness of generation Fitness: [5661.794538587739 1671.0582680037041]
MPSLGP task 2 best fitness of generation Fitness: [5435.035371092148 1695.7335552442091]
Generation 40 elapsed 117.0 seconds.
Generation 41
Preselection cleared number: 1766
MPSLGP task-balanced survival counts: [task 0=334, task 1=333, task 2=333]
Subpop 0 reduced 5000 -> 1000
ideal points: [4614.540697571472, 839.9191267837232]
nadir points: [6058.165000081586, 1259.3792427314183]
max objectives: [31149.30479687499, 8421.3555772556]
min objectives: [5127.26744174608, 933.2434742041369]
HVOfIntermedidatePopPSL: DoubleSummaryStatistics{count=1000, sum=849.719719, min=0.000000, average=0.849720, max=0.994453}
preferenceDiversityPopAll: DoubleSummaryStatistics{count=1000, sum=19.223478, min=0.000000, average=0.019223, max=0.108598}
Genotype diversity: 1.0
Entropy diversity: 6.821658474632573
PC diversity: 0.955
MPSLGP top 5 HV by task at generation 41:
  Task 0: #1 ind=20 HV=0.9874136968972281; #2 ind=41 HV=0.9844602507502062; #3 ind=1 HV=0.9791242075509512; #4 ind=44 HV=0.9780002283914176; #5 ind=21 HV=0.9756500689512314
  Task 1: #1 ind=42 HV=0.9797595003042532; #2 ind=43 HV=0.9793546099298668; #3 ind=3 HV=0.9780903946849981; #4 ind=5 HV=0.9767544558278642; #5 ind=6 HV=0.9767038970346557
  Task 2: #1 ind=0 HV=0.9944533396151732; #2 ind=19 HV=0.9884282763390128; #3 ind=2 HV=0.9783172527578244; #4 ind=4 HV=0.9769564618190126; #5 ind=45 HV=0.9737427441816355

Pareto Front of Subpopulation 41
Objective 0: [5127.26744174608, 5205.16199049307, 5293.468761403579, 5397.779483338236, 5412.959186766471, 5424.232424715301, 5444.441996058566, 5525.120468414738, 5529.496259396372, 5598.7731283342, 5614.416001141828, 5630.074659512611, 5654.213210537448, 5753.610926556343, 5910.014686384937, 5928.660218013625, 5944.856249959208, 6051.9509088155755, 6058.165000081586]
Objective 1: [1259.3792427314183, 1112.5739362909371, 1091.8887857262307, 1085.659369602392, 1078.5705023812188, 1078.067707949238, 1042.453831427927, 1032.4352218626154, 993.6969459003303, 992.6041278589837, 970.1036649152375, 969.2756474927737, 967.9774679789552, 959.3696877972689, 955.6019792347288, 946.2057878019114, 944.8557859254797, 944.1227952461777, 933.2434742041369]
2
duration: 119.0
MPSLGP task 0 best fitness of generation Fitness: [5529.496259396372 993.6969459003303]
MPSLGP task 1 best fitness of generation Fitness: [5412.959186766471 1078.5705023812188]
MPSLGP task 2 best fitness of generation Fitness: [5205.16199049307 1112.5739362909371]
Generation 41 elapsed 119.0 seconds.
Generation 42
Preselection cleared number: 1803
MPSLGP task-balanced survival counts: [task 0=334, task 1=333, task 2=333]
Subpop 0 reduced 5000 -> 1000
ideal points: [4635.759802620026, 922.6035096284934]
nadir points: [6295.47646948148, 1840.1062792286393]
max objectives: [16052.023571313475, 4572.319832364214]
min objectives: [5150.844225133362, 1025.115010698326]
HVOfIntermedidatePopPSL: DoubleSummaryStatistics{count=1000, sum=761.063878, min=0.000000, average=0.761064, max=0.961163}
preferenceDiversityPopAll: DoubleSummaryStatistics{count=1000, sum=15.683287, min=0.000000, average=0.015683, max=0.068256}
Genotype diversity: 1.0
Entropy diversity: 6.893708885300882
PC diversity: 0.916
MPSLGP top 5 HV by task at generation 42:
  Task 0: #1 ind=23 HV=0.948380416857316; #2 ind=45 HV=0.945285506428092; #3 ind=24 HV=0.9395111909789569; #4 ind=25 HV=0.9393298256027097; #5 ind=26 HV=0.9392422173284016
  Task 1: #1 ind=0 HV=0.961163348005788; #2 ind=1 HV=0.9438820225702186; #3 ind=2 HV=0.9411425929498332; #4 ind=74 HV=0.9374856528249046; #5 ind=6 HV=0.9365492403045762
  Task 2: #1 ind=44 HV=0.9531706799225076; #2 ind=22 HV=0.9503919559308757; #3 ind=46 HV=0.9445217895771153; #4 ind=76 HV=0.9289220084525986; #5 ind=77 HV=0.928503808121388

Pareto Front of Subpopulation 42
Objective 0: [5150.844225133362, 5172.879853592371, 5391.899750541546, 5408.693160635739, 5457.210837739869, 5547.822651216411, 6177.71718191111, 6294.3452094648965, 6295.47646948148]
Objective 1: [1840.1062792286393, 1234.1950064430712, 1231.5128498879203, 1168.6887901813607, 1142.971709928941, 1117.142338793521, 1095.1003068138962, 1089.5517660571495, 1025.115010698326]
2
duration: 119.0
MPSLGP task 0 best fitness of generation Fitness: [5172.879853592371 1234.1950064430712]
MPSLGP task 1 best fitness of generation Fitness: [5150.844225133362 1840.1062792286393]
MPSLGP task 2 best fitness of generation Fitness: [5253.697839740722 1288.0812815109675]
Generation 42 elapsed 119.0 seconds.
Generation 43
Preselection cleared number: 1971
MPSLGP task-balanced survival counts: [task 0=334, task 1=333, task 2=333]
Subpop 0 reduced 5000 -> 1000
ideal points: [4669.354460808495, 929.5963847671752]
nadir points: [6236.499941418355, 4078.907379772805]
max objectives: [23471.243911899277, 7975.708213389822]
min objectives: [5188.17162312055, 1032.884871963528]
HVOfIntermedidatePopPSL: DoubleSummaryStatistics{count=1000, sum=833.654471, min=0.000000, average=0.833654, max=0.973560}
preferenceDiversityPopAll: DoubleSummaryStatistics{count=1000, sum=15.943880, min=0.000000, average=0.015944, max=0.076709}
Genotype diversity: 1.0
Entropy diversity: 6.851810938378089
PC diversity: 0.953
MPSLGP top 5 HV by task at generation 43:
  Task 0: #1 ind=0 HV=0.9724057482832464; #2 ind=30 HV=0.9666883579719215; #3 ind=14 HV=0.9662681917929364; #4 ind=49 HV=0.9602070714739487; #5 ind=3 HV=0.9595254733924591
  Task 1: #1 ind=13 HV=0.9735604364567507; #2 ind=31 HV=0.9632365992694668; #3 ind=16 HV=0.961422570259332; #4 ind=50 HV=0.9563795671184114; #5 ind=51 HV=0.9562501518748308
  Task 2: #1 ind=1 HV=0.9700181229422118; #2 ind=72 HV=0.9690799191762529; #3 ind=2 HV=0.9687280231994586; #4 ind=32 HV=0.96288347575092; #5 ind=15 HV=0.9627618040119122

Pareto Front of Subpopulation 43
Objective 0: [5188.17162312055, 5229.697273538099, 5295.840987639618, 5325.759421727795, 5542.560421263217, 5716.6073883351055, 5847.36566545954, 5864.654989001283, 5869.570502599352, 6033.906607368495, 6048.204959670897, 6219.776839980856, 6236.499941418355]
Objective 1: [4078.907379772805, 1496.6231096051488, 1196.9818031301984, 1196.7448155168386, 1170.3132675958768, 1145.5661094081006, 1143.1500838387292, 1140.3056836203032, 1138.185065307509, 1112.618573487336, 1095.3105901661474, 1091.9401855164033, 1032.884871963528]
2
duration: 122.0
MPSLGP task 0 best fitness of generation Fitness: [5325.759421727795 1196.7448155168386]
MPSLGP task 1 best fitness of generation Fitness: [6219.776839980856 1091.9401855164033]
MPSLGP task 2 best fitness of generation Fitness: [5869.570502599352 1138.185065307509]
Generation 43 elapsed 122.0 seconds.
Generation 44
Preselection cleared number: 1690
MPSLGP task-balanced survival counts: [task 0=334, task 1=333, task 2=333]
Subpop 0 reduced 5000 -> 1000
ideal points: [4615.5142558758325, 948.3339575366721]
nadir points: [6612.592826453096, 1509.3754860659465]
max objectives: [37306.075276972144, 25152.851131626012]
min objectives: [5128.349173195369, 1053.704397262969]
HVOfIntermedidatePopPSL: DoubleSummaryStatistics{count=1000, sum=902.459478, min=0.000000, average=0.902459, max=0.985569}
preferenceDiversityPopAll: DoubleSummaryStatistics{count=1000, sum=14.455137, min=0.000000, average=0.014455, max=0.127590}
Genotype diversity: 1.0
Entropy diversity: 6.783318096830119
PC diversity: 0.914
MPSLGP top 5 HV by task at generation 44:
  Task 0: #1 ind=34 HV=0.9855692455178053; #2 ind=1 HV=0.9840383235459074; #3 ind=61 HV=0.9816499104626024; #4 ind=3 HV=0.9804877145381697; #5 ind=90 HV=0.9792292627728101
  Task 1: #1 ind=35 HV=0.985496705832999; #2 ind=0 HV=0.985373894448398; #3 ind=60 HV=0.9840623797643322; #4 ind=13 HV=0.9820746372533015; #5 ind=36 HV=0.9807428572080047
  Task 2: #1 ind=11 HV=0.9841708214108531; #2 ind=2 HV=0.9831037058261997; #3 ind=12 HV=0.9823770379152579; #4 ind=62 HV=0.9814704216664442; #5 ind=5 HV=0.9803180220135873

Pareto Front of Subpopulation 44
Objective 0: [5128.349173195369, 5216.757178216474, 5416.28618948767, 5433.84520705443, 5457.545069868909, 5465.113426151453, 5999.802821584162, 6195.292033731093, 6347.145790653914, 6428.256201634213, 6612.592826453096]
Objective 1: [1509.3754860659465, 1378.5350430786275, 1328.2381122416991, 1283.7354712981833, 1268.342838324672, 1166.2446321195166, 1145.7692887286903, 1137.3019853893566, 1127.2989822297095, 1065.776679637871, 1053.704397262969]
2
duration: 116.0
MPSLGP task 0 best fitness of generation Fitness: [5416.28618948767 1328.2381122416991]
MPSLGP task 1 best fitness of generation Fitness: [5465.113426151453 1166.2446321195166]
MPSLGP task 2 best fitness of generation Fitness: [5216.757178216474 1378.5350430786275]
Generation 44 elapsed 116.0 seconds.
Generation 45
Preselection cleared number: 1804
MPSLGP task-balanced survival counts: [task 0=334, task 1=333, task 2=333]
Subpop 0 reduced 5000 -> 1000
ideal points: [4485.552635191719, 922.048338327615]
nadir points: [6495.179730239906, 1359.8650757376017]
max objectives: [19904.92094312253, 5592.996548444615]
min objectives: [4983.947372435243, 1024.49815369735]
HVOfIntermedidatePopPSL: DoubleSummaryStatistics{count=1000, sum=784.788852, min=0.000000, average=0.784789, max=0.955356}
preferenceDiversityPopAll: DoubleSummaryStatistics{count=1000, sum=15.981599, min=0.000000, average=0.015982, max=0.088548}
Genotype diversity: 1.0
Entropy diversity: 6.897004722166886
PC diversity: 0.947
MPSLGP top 5 HV by task at generation 45:
  Task 0: #1 ind=1 HV=0.9540029130452352; #2 ind=2 HV=0.9528945815841524; #3 ind=31 HV=0.9486887735240739; #4 ind=121 HV=0.9459539334779313; #5 ind=32 HV=0.944322893125079
  Task 1: #1 ind=3 HV=0.9458168723558213; #2 ind=60 HV=0.941959439404408; #3 ind=13 HV=0.9412402816272917; #4 ind=14 HV=0.9398207212565896; #5 ind=15 HV=0.9381293985478614
  Task 2: #1 ind=0 HV=0.9553558153993043; #2 ind=12 HV=0.9444229626629468; #3 ind=122 HV=0.9339023156741398; #4 ind=8 HV=0.9265554946914574; #5 ind=9 HV=0.9236198902410135

Pareto Front of Subpopulation 45
Objective 0: [4983.947372435243, 5161.375640348648, 5165.263695156842, 5442.0736141182715, 5551.098223399778, 5581.406429685594, 5685.546374006779, 5790.365344472055, 6045.389705729845, 6297.1391485502245, 6391.576243527001, 6495.179730239906]
Objective 1: [1359.8650757376017, 1296.326070510855, 1176.3736820489576, 1166.764201683589, 1157.8594599886273, 1153.6658740456915, 1089.1399473864876, 1062.191506281495, 1046.4782129727973, 1041.0584438311344, 1032.25125519649, 1024.49815369735]
2
duration: 114.0
MPSLGP task 0 best fitness of generation Fitness: [6045.389705729845 1046.4782129727973]
MPSLGP task 1 best fitness of generation Fitness: [5790.365344472055 1062.191506281495]
MPSLGP task 2 best fitness of generation Fitness: [6495.179730239906 1024.49815369735]
Generation 45 elapsed 114.0 seconds.
Generation 46
Preselection cleared number: 1731
MPSLGP task-balanced survival counts: [task 0=334, task 1=333, task 2=333]
Subpop 0 reduced 5000 -> 1000
ideal points: [4771.692164267391, 854.3283138255604]
nadir points: [6143.228779671714, 1441.5374853869143]
max objectives: [27002.715734271333, 7202.362347971619]
min objectives: [5301.880182519322, 949.2536820284004]
HVOfIntermedidatePopPSL: DoubleSummaryStatistics{count=1000, sum=823.036647, min=0.000000, average=0.823037, max=0.983901}
preferenceDiversityPopAll: DoubleSummaryStatistics{count=1000, sum=11.858365, min=0.000000, average=0.011858, max=0.096385}
Genotype diversity: 1.0
Entropy diversity: 6.7968517300926585
PC diversity: 0.937
MPSLGP top 5 HV by task at generation 46:
  Task 0: #1 ind=12 HV=0.9839010781368731; #2 ind=13 HV=0.9764934133124552; #3 ind=3 HV=0.9752560534632632; #4 ind=4 HV=0.9710347698996273; #5 ind=17 HV=0.9695785834459753
  Task 1: #1 ind=31 HV=0.980381500797282; #2 ind=51 HV=0.980208802994155; #3 ind=2 HV=0.9777072317901874; #4 ind=52 HV=0.9739749183228058; #5 ind=14 HV=0.971878935273186
  Task 2: #1 ind=0 HV=0.9838246454315962; #2 ind=32 HV=0.9799680425522896; #3 ind=1 HV=0.9793557672246619; #4 ind=33 HV=0.9763232156248414; #5 ind=16 HV=0.9704114717815995

Pareto Front of Subpopulation 46
Objective 0: [5301.880182519322, 5303.988087136298, 5305.985741499462, 5386.524839407182, 5454.134660804295, 5496.762314935098, 5632.780723490549, 5703.576951385243, 5870.16999049802, 6036.3899794725, 6084.580799187301, 6143.228779671714]
Objective 1: [1441.5374853869143, 1387.212217506254, 1256.70922997265, 1183.0111817848228, 1174.9122228097403, 1020.3322453600922, 992.7182536787877, 985.1608641226849, 982.8042368663009, 981.0974948681251, 968.7173879658367, 949.2536820284004]
2
duration: 113.0
MPSLGP task 0 best fitness of generation Fitness: [5703.576951385243 985.1608641226849]
MPSLGP task 1 best fitness of generation Fitness: [5632.780723490549 992.7182536787877]
MPSLGP task 2 best fitness of generation Fitness: [5301.880182519322 1441.5374853869143]
Generation 46 elapsed 113.0 seconds.
Generation 47
Preselection cleared number: 1746
MPSLGP task-balanced survival counts: [task 0=334, task 1=333, task 2=333]
Subpop 0 reduced 5000 -> 1000
ideal points: [4591.10346497313, 943.8534208114885]
nadir points: [6439.161139261443, 1392.6384666888625]
max objectives: [32724.738565918466, 13330.859918451155]
min objectives: [5101.226072192367, 1048.726023123876]
HVOfIntermedidatePopPSL: DoubleSummaryStatistics{count=1000, sum=866.086178, min=0.000000, average=0.866086, max=0.988325}
preferenceDiversityPopAll: DoubleSummaryStatistics{count=1000, sum=15.837048, min=0.000000, average=0.015837, max=0.085275}
Genotype diversity: 1.0
Entropy diversity: 6.835638912015881
PC diversity: 0.948
MPSLGP top 5 HV by task at generation 47:
  Task 0: #1 ind=0 HV=0.9883251354193521; #2 ind=1 HV=0.9827304747797839; #3 ind=17 HV=0.9753468119831937; #4 ind=18 HV=0.9721320557994729; #5 ind=4 HV=0.9695089080374498
  Task 1: #1 ind=98 HV=0.9733570747736365; #2 ind=126 HV=0.9724929470565248; #3 ind=5 HV=0.9674792948009799; #4 ind=99 HV=0.9663671913439004; #5 ind=9 HV=0.9630266435114324
  Task 2: #1 ind=2 HV=0.9751835860468829; #2 ind=3 HV=0.9709919884730502; #3 ind=6 HV=0.9662798440110918; #4 ind=69 HV=0.9661288002462617; #5 ind=42 HV=0.9658211832418946

Pareto Front of Subpopulation 47
Objective 0: [5101.226072192367, 5268.748948944558, 5313.946452223463, 5318.335501672293, 5319.304738069797, 5583.69073154201, 5585.779052596015, 5740.25697649183, 5808.777651100361, 5978.290566248645, 5988.926954069757, 6013.800037928624, 6027.223092428467, 6143.779893068655, 6252.909679199278, 6365.646192471962, 6439.161139261443]
Objective 1: [1392.6384666888625, 1381.1736615523405, 1374.3803122991085, 1349.5698533597606, 1235.2940971033968, 1232.7216166400904, 1227.5790612851706, 1222.3268973812956, 1186.2902102782537, 1183.837700024611, 1174.0797041063488, 1162.4556421115994, 1161.658333319181, 1141.2621091842302, 1116.4582511494227, 1056.738974843116, 1048.726023123876]
2
duration: 114.0
MPSLGP task 0 best fitness of generation Fitness: [5319.304738069797 1235.2940971033968]
MPSLGP task 1 best fitness of generation Fitness: [5583.69073154201 1232.7216166400904]
MPSLGP task 2 best fitness of generation Fitness: [6252.909679199278 1116.4582511494227]
Generation 47 elapsed 114.0 seconds.
Generation 48
Preselection cleared number: 1549
MPSLGP task-balanced survival counts: [task 0=334, task 1=333, task 2=333]
Subpop 0 reduced 5000 -> 1000
ideal points: [4599.5078472107825, 971.8698698925451]
nadir points: [6719.856890848896, 1433.7830385363486]
max objectives: [33722.414948254416, 9338.522794615259]
min objectives: [5110.564274678647, 1079.8554109917168]
HVOfIntermedidatePopPSL: DoubleSummaryStatistics{count=1000, sum=853.323736, min=0.000000, average=0.853324, max=0.996516}
preferenceDiversityPopAll: DoubleSummaryStatistics{count=1000, sum=11.569780, min=0.000000, average=0.011570, max=0.086536}
Genotype diversity: 1.0
Entropy diversity: 6.874410937335254
PC diversity: 0.925
MPSLGP top 5 HV by task at generation 48:
  Task 0: #1 ind=0 HV=0.9965163029706522; #2 ind=14 HV=0.9909673347845747; #3 ind=15 HV=0.9907791335167051; #4 ind=16 HV=0.9869895004390855; #5 ind=19 HV=0.9838129947005403
  Task 1: #1 ind=1 HV=0.9896282520391069; #2 ind=37 HV=0.982810324178092; #3 ind=64 HV=0.9780056464643463; #4 ind=39 HV=0.9766201865412198; #5 ind=65 HV=0.976154347864716
  Task 2: #1 ind=17 HV=0.9863823670356683; #2 ind=18 HV=0.9857239052609856; #3 ind=41 HV=0.9756520191752696; #4 ind=90 HV=0.9740089528050015; #5 ind=66 HV=0.9737220830363197

Pareto Front of Subpopulation 48
Objective 0: [5110.564274678647, 5145.203762719233, 5219.657323293155, 5239.677031959174, 5285.354295094556, 5324.239774045476, 5449.822573230427, 5523.5441592684365, 6192.243819410622, 6411.817006455036, 6487.38233262219, 6592.318120795593, 6630.595706305292, 6719.856890848896]
Objective 1: [1433.7830385363486, 1433.0918698565074, 1432.9293790308147, 1384.8563599448535, 1247.3296125754714, 1241.9699640703766, 1203.0732050820661, 1126.4554264228645, 1116.4027883311937, 1113.0418259382132, 1101.3392188393482, 1094.5085202763585, 1080.8992466827913, 1079.8554109917168]
2
duration: 113.0
MPSLGP task 0 best fitness of generation Fitness: [5145.203762719233 1433.0918698565074]
MPSLGP task 1 best fitness of generation Fitness: [5239.677031959174 1384.8563599448535]
MPSLGP task 2 best fitness of generation Fitness: [5110.564274678647 1433.7830385363486]
Generation 48 elapsed 113.0 seconds.
Generation 49
Preselection cleared number: 1581
MPSLGP task-balanced survival counts: [task 0=334, task 1=333, task 2=333]
Subpop 0 reduced 5000 -> 1000
ideal points: [4490.369034403225, 949.5381861271046]
nadir points: [6416.443331057555, 1485.8593478728144]
max objectives: [47890.134070129716, 11561.30564498232]
min objectives: [4989.298927114694, 1055.0424290301162]
HVOfIntermedidatePopPSL: DoubleSummaryStatistics{count=1000, sum=884.069576, min=0.000000, average=0.884070, max=0.990011}
preferenceDiversityPopAll: DoubleSummaryStatistics{count=1000, sum=18.934529, min=0.000000, average=0.018935, max=0.100117}
Genotype diversity: 1.0
Entropy diversity: 6.799915381282091
PC diversity: 0.922
MPSLGP top 5 HV by task at generation 49:
  Task 0: #1 ind=0 HV=0.9900105143671691; #2 ind=1 HV=0.9888699135728197; #3 ind=2 HV=0.9869429455986694; #4 ind=3 HV=0.9856202940151899; #5 ind=42 HV=0.985254632751945
  Task 1: #1 ind=43 HV=0.9844314638588382; #2 ind=44 HV=0.9838731565457018; #3 ind=4 HV=0.9834572445350821; #4 ind=69 HV=0.9805234750058559; #5 ind=70 HV=0.9793784286708968
  Task 2: #1 ind=24 HV=0.9756952698482616; #2 ind=12 HV=0.9706651269351011; #3 ind=29 HV=0.9678917424830111; #4 ind=52 HV=0.9660948913572126; #5 ind=13 HV=0.9648056596309963

Pareto Front of Subpopulation 49
Objective 0: [4989.298927114694, 5035.05159035977, 5087.934194863075, 5223.2422339441255, 5235.1329324125545, 5239.688435633259, 5257.708495162544, 5276.644116706098, 5325.020146704046, 5501.556704856805, 5556.701491541811, 5571.420184530783, 5720.670515848789, 5834.650799113442, 5848.157011886884, 6275.570897921803, 6416.443331057555]
Objective 1: [1485.8593478728144, 1447.1579307495267, 1397.1359218424768, 1378.6849910197925, 1369.3467057681992, 1293.8378682570183, 1279.5293366103724, 1232.9786801649316, 1189.240919718839, 1184.2978762717394, 1177.4851136815996, 1163.251815028154, 1152.2164995505445, 1146.9313306413533, 1115.2693945162173, 1106.3233933918236, 1055.0424290301162]
2
duration: 111.0
MPSLGP task 0 best fitness of generation Fitness: [5834.650799113442 1146.9313306413533]
MPSLGP task 1 best fitness of generation Fitness: [5556.701491541811 1177.4851136815996]
MPSLGP task 2 best fitness of generation Fitness: [5035.05159035977 1447.1579307495267]
Generation 49 elapsed 111.0 seconds.
Generation 50
Preselection cleared number: 1474
MPSLGP task-balanced survival counts: [task 0=334, task 1=333, task 2=333]
Subpop 0 reduced 5000 -> 1000
ideal points: [4767.08390874264, 977.7994523597984]
nadir points: [6985.775343821326, 1600.799725937337]
max objectives: [47767.85930595524, 18173.74817976833]
min objectives: [5296.759898602933, 1086.4438359553315]
HVOfIntermedidatePopPSL: DoubleSummaryStatistics{count=1000, sum=906.746628, min=0.000000, average=0.906747, max=0.994547}
preferenceDiversityPopAll: DoubleSummaryStatistics{count=1000, sum=20.501488, min=0.000000, average=0.020501, max=0.096084}
Genotype diversity: 1.0
Entropy diversity: 6.86436193724348
PC diversity: 0.945
MPSLGP top 5 HV by task at generation 50:
  Task 0: #1 ind=19 HV=0.9945466624661533; #2 ind=2 HV=0.9891490975246944; #3 ind=4 HV=0.9863684022730212; #4 ind=5 HV=0.9839273181113345; #5 ind=40 HV=0.9829163529620535
  Task 1: #1 ind=0 HV=0.9929367547795516; #2 ind=20 HV=0.9910981199007601; #3 ind=1 HV=0.989212782721813; #4 ind=61 HV=0.9890322553364788; #5 ind=38 HV=0.9881787943549378
  Task 2: #1 ind=8 HV=0.9807100205505104; #2 ind=64 HV=0.9780697926268895; #3 ind=118 HV=0.9779527040313031; #4 ind=151 HV=0.9771197671822868; #5 ind=188 HV=0.9769077172275182

Pareto Front of Subpopulation 50
Objective 0: [5296.759898602933, 5342.17078751215, 5368.299502442416, 5390.25253992714, 5592.0596858243225, 5598.879316908657, 5703.666005937674, 5798.299828864416, 5813.289599751704, 5958.287984497554, 6038.685190775141, 6075.403121790325, 6081.8957959387335, 6212.336058030545, 6217.817471464921, 6584.388935128634, 6610.727128002793, 6639.443184536067, 6985.775343821326]
Objective 1: [1600.799725937337, 1566.9671174750256, 1547.044044152979, 1401.4729534108774, 1335.0331124279328, 1323.9933127596305, 1321.2293760720495, 1311.308684674863, 1272.5173095748469, 1272.252996269497, 1263.716987142121, 1263.2427896757872, 1220.7805616943515, 1198.5819630863407, 1198.5554703335074, 1164.306758534207, 1153.7306077195244, 1093.6512477615179, 1086.4438359553315]
MPSLGP task 0 best fitness of generation Fitness: [6075.403121790325 1263.2427896757872]
MPSLGP task 1 best fitness of generation Fitness: [5390.25253992714 1401.4729534108774]
MPSLGP task 2 best fitness of generation Fitness: [5342.17078751215 1566.9671174750256]
1
duration: 110.0
Generation 50 elapsed 110.0 seconds.
The whole program elapsed 5000.0 seconds.

进程已结束，退出代码为 0
