C:\Users\xumen\.jdks\openjdk-26.0.1\bin\java.exe --add-opens java.base/java.lang=ALL-UNNAMED "-javaagent:C:\Program Files\JetBrains\IntelliJ IDEA 2026.1.1\lib\idea_rt.jar=52449" -Dfile.encoding=UTF-8 -Dsun.stdout.encoding=UTF-8 -Dsun.stderr.encoding=UTF-8 -classpath D:\javaProject\GPDFJSS-MENG\out\production\GPDFJSS-MENG;D:\javaProject\GPDFJSS-MENG\libraries\weka.jar;D:\javaProject\GPDFJSS-MENG\libraries\itext-1.2.jar;D:\javaProject\GPDFJSS-MENG\libraries\EJML-dense64-0.27.jar;D:\javaProject\GPDFJSS-MENG\libraries\commons-lang3-3.4.jar;D:\javaProject\GPDFJSS-MENG\libraries\Jama-1.0.3.jar;D:\javaProject\GPDFJSS-MENG\libraries\commons-math3-3.5.jar;D:\javaProject\GPDFJSS-MENG\libraries\okio-1.17.5.jar;D:\javaProject\GPDFJSS-MENG\libraries\jfreechart-1.0.19.jar;D:\javaProject\GPDFJSS-MENG\libraries\commons-lang3-3.4-javadoc.jar;D:\javaProject\GPDFJSS-MENG\libraries\EJML-core-0.27.jar;D:\javaProject\GPDFJSS-MENG\libraries\okio-jvm-3.9.1.jar;D:\javaProject\GPDFJSS-MENG\libraries\EJML-simple-0.27.jar;D:\javaProject\GPDFJSS-MENG\libraries\okhttp-3.14.9.jar;D:\javaProject\GPDFJSS-MENG\libraries\json-20240303.jar;D:\javaProject\GPDFJSS-MENG\libraries\kotlin-stdlib-2.1.0-RC2.jar;D:\javaProject\GPDFJSS-MENG\libraries\okhttp-5.0.0-alpha.14.jar;D:\javaProject\GPDFJSS-MENG\libraries\commons-math3-3.5-javadoc.jar;D:\javaProject\GPDFJSS-MENG\libraries\jzlib-1.0.7.jar;D:\javaProject\GPDFJSS-MENG\libraries\jcommon-1.0.23.jar;D:\javaProject\GPDFJSS-MENG\libraries\pshecj.jar;D:\javaProject\GPDFJSS-MENG\libraries\okio-3.9.1.jar yimei.jss.gp.GPMain

| ECJ
| An evolutionary computation system (version 23)
| By Sean Luke
| Contributors: L. Panait, G. Balan, S. Paus, Z. Skolicki, R. Kicinger,
|               E. Popovici, K. Sullivan, J. Harrison, J. Bassett, R. Hubley,
|               A. Desai, A. Chircop, J. Compton, W. Haddon, S. Donnelly,
|               B. Jamil, J. Zelibor, E. Kangas, F. Abidi, H. Mooers,
|               J. O'Beirne, L. Manzoni, K. Talukder, and J. McDermott
| URL: http://cs.gmu.edu/~eclab/projects/ecj/
| Mail: ecj-help@cs.gmu.edu
|       (better: join ECJ-INTEREST at URL above)
| Date: June 15, 2015
| Current Java: 26.0.1 / OpenJDK 64-Bit Server VM-26.0.1+8-34
| Required Minimum Java: 1.5


Threads:  breed/1 eval/1
Seed: 22
Job: 0
Setting up
Processing GP Types
Processing GP Node Constraints
Processing GP Function Sets
No GPFunctionSet specified, assuming the default class: ec.gp.GPFunctionSet for gp.fs.0
Processing GP Tree Constraints
WARNING:
You're using elitism with NSGA2Breeder, which is not permitted and will be ignored.  However the reevaluate-elites parameter *will* bre recognized by NSGAEvaluator.
PARAMETER: breed.elite.0
Initializing Generation 0
ideal points: [7123.57030612483, 1285.8026403756478]
nadir points: [8354.678401669546, 2249.9589085114276]
max objectives: [636323.1603378257, 161465.13104757224]
min objectives: [7915.078117916477, 1428.6696004173864]
HVOfIntermedidatePopPSL: DoubleSummaryStatistics{count=1000, sum=506.093698, min=0.000000, average=0.506094, max=0.999293}
preferenceDiversityPopAll: DoubleSummaryStatistics{count=1000, sum=7.836908, min=0.000000, average=0.007837, max=0.119553}
Genotype diversity: 1.0
Entropy diversity: 4.0041320041762045
PC diversity: 0.874
MPSLGP top 5 HV by task at generation 0:
  Task 0: #1 ind=0 HV=0.9992926209137032; #2 ind=28 HV=0.998489191688891; #3 ind=9 HV=0.9981187947364404; #4 ind=22 HV=0.9974436560152994; #5 ind=48 HV=0.997223482623588
  Task 1: #1 ind=1 HV=0.9983649218861556; #2 ind=6 HV=0.9982504685714467; #3 ind=2 HV=0.9977795614725902; #4 ind=12 HV=0.9977115912015195; #5 ind=3 HV=0.9975979812335855
  Task 2: #1 ind=5 HV=0.9982592761977201; #2 ind=7 HV=0.9980943599020544; #3 ind=10 HV=0.9978400311125198; #4 ind=11 HV=0.9977250936995147; #5 ind=16 HV=0.9975711857102159

Pareto Front of Subpopulation 0
Objective 0: [7915.078117916477, 8015.29053020585, 8241.03415611951, 8347.921036216721, 8354.678401669546]
Objective 1: [2249.9589085114276, 1782.618033545783, 1697.3988324943857, 1577.7094180288332, 1428.6696004173864]
MPSLGP task 0 best fitness of generation Fitness: [8354.678401669546 1428.6696004173864]
MPSLGP task 1 best fitness of generation Fitness: [8347.921036216721 1577.7094180288332]
MPSLGP task 2 best fitness of generation Fitness: [7915.078117916477 2249.9589085114276]
2
duration: 35.0
Generation 0 elapsed 35.0 seconds.
Generation 1
Preselection cleared number: 1745
MPSLGP task-balanced survival counts: [task 0=334, task 1=333, task 2=333]
Subpop 0 reduced 5000 -> 1000
ideal points: [5862.817587860918, 1141.7725411016836]
nadir points: [7702.048361724417, 3279.7461589607337]
max objectives: [659241.0984852815, 164150.27462132036]
min objectives: [6514.241764289909, 1268.6361567796484]
HVOfIntermedidatePopPSL: DoubleSummaryStatistics{count=1000, sum=927.431314, min=0.000000, average=0.927431, max=0.998173}
preferenceDiversityPopAll: DoubleSummaryStatistics{count=1000, sum=8.011883, min=0.000000, average=0.008012, max=0.128586}
Genotype diversity: 1.0
Entropy diversity: 6.561668658466779
PC diversity: 0.958
MPSLGP top 5 HV by task at generation 1:
  Task 0: #1 ind=0 HV=0.9981725848047073; #2 ind=18 HV=0.9981695058058718; #3 ind=5 HV=0.9975056244900397; #4 ind=97 HV=0.9974232969232685; #5 ind=2 HV=0.9973853100737549
  Task 1: #1 ind=14 HV=0.9962287337029284; #2 ind=19 HV=0.9962207158274318; #3 ind=26 HV=0.9959596061030476; #4 ind=31 HV=0.9957518625175477; #5 ind=32 HV=0.9956575788448924
  Task 2: #1 ind=1 HV=0.9978069590861369; #2 ind=101 HV=0.9969898627518977; #3 ind=11 HV=0.9968138460831384; #4 ind=29 HV=0.9964308010461865; #5 ind=181 HV=0.9963955046827748

Pareto Front of Subpopulation 1
Objective 0: [6514.241764289909, 7065.018354227999, 7210.315997358761, 7686.383611392579, 7702.048361724417]
Objective 1: [3279.7461589607337, 3006.5276022879407, 1449.846117717345, 1398.5227407329076, 1268.6361567796484]
2
duration: 64.0
MPSLGP task 0 best fitness of generation Fitness: [7702.048361724417 1268.6361567796484]
MPSLGP task 1 best fitness of generation Fitness: [7065.018354227999 3006.5276022879407]
MPSLGP task 2 best fitness of generation Fitness: [7210.315997358761 1449.846117717345]
Generation 1 elapsed 64.0 seconds.
Generation 2
Preselection cleared number: 1747
MPSLGP task-balanced survival counts: [task 0=334, task 1=333, task 2=333]
Subpop 0 reduced 5000 -> 1000
ideal points: [5047.3923976057795, 1165.8531293681226]
nadir points: [7517.138223684218, 3745.3177190518763]
max objectives: [194326.20388707815, 157661.37516237475]
min objectives: [5608.213775117532, 1295.3923659645807]
HVOfIntermedidatePopPSL: DoubleSummaryStatistics{count=1000, sum=877.286465, min=0.000000, average=0.877286, max=0.990832}
preferenceDiversityPopAll: DoubleSummaryStatistics{count=1000, sum=6.080616, min=0.000000, average=0.006081, max=0.107422}
Genotype diversity: 1.0
Entropy diversity: 6.355338381503122
PC diversity: 0.941
MPSLGP top 5 HV by task at generation 2:
  Task 0: #1 ind=0 HV=0.9907770012337499; #2 ind=2 HV=0.9900123597270831; #3 ind=3 HV=0.9898652189173206; #4 ind=4 HV=0.9897580529925065; #5 ind=5 HV=0.9897376658308507
  Task 1: #1 ind=11 HV=0.9908318348352155; #2 ind=1 HV=0.9904577681525881; #3 ind=14 HV=0.9894428853963941; #4 ind=6 HV=0.9893808842664988; #5 ind=435 HV=0.9877594807506975
  Task 2: #1 ind=143 HV=0.9899871558786765; #2 ind=232 HV=0.9882044187517319; #3 ind=233 HV=0.9877079369176781; #4 ind=47 HV=0.9872948409778298; #5 ind=9 HV=0.9869454385558446

Pareto Front of Subpopulation 2
Objective 0: [5608.213775117532, 5867.029213491478, 6273.854714682675, 7102.309163111146, 7146.390523939801, 7195.9959140443825, 7232.727574634249, 7330.137416750367, 7409.644760769559, 7456.870223113161, 7517.138223684218]
Objective 1: [3745.3177190518763, 2947.821505082771, 2614.406043655603, 2188.4098178199347, 1677.2872082017857, 1464.2906041905226, 1447.0171420309634, 1440.303885332978, 1392.1741449308174, 1307.476862716081, 1295.3923659645807]
2
duration: 59.0
MPSLGP task 0 best fitness of generation Fitness: [7232.727574634249 1447.0171420309634]
MPSLGP task 1 best fitness of generation Fitness: [7195.9959140443825 1464.2906041905226]
MPSLGP task 2 best fitness of generation Fitness: [7102.309163111146 2188.4098178199347]
Generation 2 elapsed 59.0 seconds.
Generation 3
Preselection cleared number: 1876
MPSLGP task-balanced survival counts: [task 0=334, task 1=333, task 2=333]
Subpop 0 reduced 5000 -> 1000
ideal points: [5090.080076358514, 1247.8132324106032]
nadir points: [7799.274783766043, 4299.137893599262]
max objectives: [74325.02358385199, 73665.02358385199]
min objectives: [5655.644529287238, 1386.4591471228923]
HVOfIntermedidatePopPSL: DoubleSummaryStatistics{count=1000, sum=870.353121, min=0.000000, average=0.870353, max=0.978301}
preferenceDiversityPopAll: DoubleSummaryStatistics{count=1000, sum=4.671923, min=0.000000, average=0.004672, max=0.071865}
Genotype diversity: 1.0
Entropy diversity: 6.669122934402324
PC diversity: 0.941
MPSLGP top 5 HV by task at generation 3:
  Task 0: #1 ind=0 HV=0.9744245137733828; #2 ind=1 HV=0.9733267900535495; #3 ind=10 HV=0.9722294872847308; #4 ind=2 HV=0.9713150297307216; #5 ind=3 HV=0.9702251167110726
  Task 1: #1 ind=22 HV=0.97830062952556; #2 ind=9 HV=0.9754819846437992; #3 ind=23 HV=0.9671954025139814; #4 ind=16 HV=0.9639328363622954; #5 ind=38 HV=0.961351901299869
  Task 2: #1 ind=164 HV=0.9631956875534595; #2 ind=320 HV=0.9630563263867871; #3 ind=244 HV=0.960944351405579; #4 ind=30 HV=0.960625036646059; #5 ind=281 HV=0.9600816001644801

Pareto Front of Subpopulation 3
Objective 0: [5655.644529287238, 5753.257720458903, 5875.2334408797615, 6241.722382954205, 6343.075376017368, 6590.705125475652, 7177.376730017539, 7365.6541490107775, 7799.274783766043]
Objective 1: [4299.137893599262, 3344.086191074035, 3074.83124619475, 3025.7402706722205, 2992.388973622925, 2764.5143328565755, 1943.2895736462378, 1432.328570669837, 1386.4591471228923]
2
duration: 61.0
MPSLGP task 0 best fitness of generation Fitness: [7365.6541490107775 1432.328570669837]
MPSLGP task 1 best fitness of generation Fitness: [6946.640223274066 2919.3200367249156]
MPSLGP task 2 best fitness of generation Fitness: [7374.309869675781 2392.587811463578]
Generation 3 elapsed 61.0 seconds.
Generation 4
Preselection cleared number: 2196
MPSLGP task-balanced survival counts: [task 0=334, task 1=333, task 2=333]
Subpop 0 reduced 5000 -> 1000
ideal points: [4785.924193564884, 1099.54477727677]
nadir points: [7526.865676785645, 2737.725390855434]
max objectives: [195305.8706652139, 126130.76327739217]
min objectives: [5317.693548405427, 1221.7164191964112]
HVOfIntermedidatePopPSL: DoubleSummaryStatistics{count=1000, sum=941.420664, min=0.000000, average=0.941421, max=0.995821}
preferenceDiversityPopAll: DoubleSummaryStatistics{count=1000, sum=5.301253, min=0.000000, average=0.005301, max=0.110389}
Genotype diversity: 1.0
Entropy diversity: 6.77710846432993
PC diversity: 0.929
MPSLGP top 5 HV by task at generation 4:
  Task 0: #1 ind=0 HV=0.9929706682696218; #2 ind=1 HV=0.9922466500804473; #3 ind=9 HV=0.9918806338184869; #4 ind=10 HV=0.9915940763284451; #5 ind=23 HV=0.9908690722103111
  Task 1: #1 ind=8 HV=0.9958211927429053; #2 ind=49 HV=0.9944116420811293; #3 ind=22 HV=0.9920079388405078; #4 ind=182 HV=0.9911716110642778; #5 ind=183 HV=0.9911409933001739
  Task 2: #1 ind=16 HV=0.9884306107536633; #2 ind=110 HV=0.985298624634493; #3 ind=44 HV=0.985248483743189; #4 ind=369 HV=0.9850815605154148; #5 ind=46 HV=0.9847084987091659

Pareto Front of Subpopulation 4
Objective 0: [5317.693548405427, 5527.889809801854, 5986.355113529862, 6183.065920013556, 6266.331057653995, 6619.108358617057, 7115.605482662417, 7526.865676785645]
Objective 1: [2737.725390855434, 2223.202421189766, 2211.0977904107203, 2191.422440940267, 1561.634505383372, 1239.316463358693, 1227.235760180265, 1221.7164191964112]
2
duration: 61.0
MPSLGP task 0 best fitness of generation Fitness: [6619.108358617057 1239.316463358693]
MPSLGP task 1 best fitness of generation Fitness: [5986.355113529862 2211.0977904107203]
MPSLGP task 2 best fitness of generation Fitness: [6411.621687173843 1927.2574137512274]
Generation 4 elapsed 61.0 seconds.
Generation 5
Preselection cleared number: 2070
MPSLGP task-balanced survival counts: [task 0=334, task 1=333, task 2=333]
Subpop 0 reduced 5000 -> 1000
ideal points: [4794.843936149043, 1092.6183381122196]
nadir points: [6876.3718307712115, 4478.2993021872535]
max objectives: [206595.97103145064, 56545.13851690823]
min objectives: [5327.604373498936, 1214.020375680244]
HVOfIntermedidatePopPSL: DoubleSummaryStatistics{count=1000, sum=930.488697, min=0.000000, average=0.930489, max=0.995470}
preferenceDiversityPopAll: DoubleSummaryStatistics{count=1000, sum=5.687938, min=0.000000, average=0.005688, max=0.113471}
Genotype diversity: 1.0
Entropy diversity: 6.768606138769932
PC diversity: 0.919
MPSLGP top 5 HV by task at generation 5:
  Task 0: #1 ind=1 HV=0.9930706653122563; #2 ind=2 HV=0.9922821381730349; #3 ind=17 HV=0.9900460316602377; #4 ind=18 HV=0.9899795649261736; #5 ind=19 HV=0.9897618449829716
  Task 1: #1 ind=0 HV=0.9954697424119879; #2 ind=15 HV=0.9934819179969006; #3 ind=16 HV=0.9932356443259449; #4 ind=55 HV=0.9919981031375952; #5 ind=3 HV=0.9902017178491574
  Task 2: #1 ind=22 HV=0.9869897283818575; #2 ind=5 HV=0.9862117851007136; #3 ind=41 HV=0.9842405788416618; #4 ind=82 HV=0.9830123456292577; #5 ind=6 HV=0.9828058673798362

Pareto Front of Subpopulation 5
Objective 0: [5327.604373498936, 5479.608299956948, 5505.972684677341, 5570.442214918963, 5580.15983495384, 5622.1431319745025, 5674.541006297746, 6002.867710434832, 6008.599580743292, 6199.060024659091, 6207.735479124938, 6222.869414537447, 6225.88198895962, 6556.742965050071, 6876.3718307712115]
Objective 1: [4478.2993021872535, 3587.189320460944, 3411.6981644287443, 3209.5578758603515, 3168.8427737139064, 2570.5742488926408, 2489.879886893992, 2315.445668504399, 2284.8068228112315, 2128.246905262815, 1920.325723343536, 1728.1179952453167, 1637.5541548793262, 1257.259959574556, 1214.020375680244]
2
duration: 63.0
MPSLGP task 0 best fitness of generation Fitness: [6556.742965050071 1257.259959574556]
MPSLGP task 1 best fitness of generation Fitness: [5479.608299956948 3587.189320460944]
MPSLGP task 2 best fitness of generation Fitness: [6222.869414537447 1728.1179952453167]
Generation 5 elapsed 63.0 seconds.
Generation 6
Preselection cleared number: 2178
MPSLGP task-balanced survival counts: [task 0=334, task 1=333, task 2=333]
Subpop 0 reduced 5000 -> 1000
ideal points: [4863.97692630365, 1056.7446402050134]
nadir points: [6923.574581053079, 3235.197172501459]
max objectives: [82629.38209568689, 59095.86104882223]
min objectives: [5404.4188070040545, 1174.1607113389036]
HVOfIntermedidatePopPSL: DoubleSummaryStatistics{count=1000, sum=900.988006, min=0.000000, average=0.900988, max=0.992268}
preferenceDiversityPopAll: DoubleSummaryStatistics{count=1000, sum=4.981428, min=0.000000, average=0.004981, max=0.089637}
Genotype diversity: 1.0
Entropy diversity: 6.730160580200881
PC diversity: 0.952
MPSLGP top 5 HV by task at generation 6:
  Task 0: #1 ind=2 HV=0.9849171969987428; #2 ind=3 HV=0.9838472016200964; #3 ind=4 HV=0.9827389879687402; #4 ind=5 HV=0.9825768938427877; #5 ind=14 HV=0.9810449731601144
  Task 1: #1 ind=11 HV=0.9922682835332218; #2 ind=0 HV=0.9914244241375277; #3 ind=12 HV=0.9909925908744293; #4 ind=47 HV=0.988348696014854; #5 ind=74 HV=0.9861116417027705
  Task 2: #1 ind=1 HV=0.9877822797700084; #2 ind=13 HV=0.9825045361024111; #3 ind=27 HV=0.9813773546121131; #4 ind=18 HV=0.97953627033054; #5 ind=49 HV=0.9794946751934794

Pareto Front of Subpopulation 6
Objective 0: [5404.4188070040545, 5550.714587581373, 5571.587977377756, 5622.155508572585, 5686.448692025209, 6172.388659762015, 6279.315802006342, 6422.771690135531, 6443.183060162293, 6688.271669521579, 6923.574581053079]
Objective 1: [3235.197172501459, 2752.328455183495, 2171.8302258524927, 2107.949510648905, 1660.0506401529565, 1641.0847372724238, 1448.112584786999, 1406.3823373944324, 1264.7516553602618, 1217.7088302427146, 1174.1607113389036]
2
duration: 68.0
MPSLGP task 0 best fitness of generation Fitness: [6443.183060162293 1264.7516553602618]
MPSLGP task 1 best fitness of generation Fitness: [5404.4188070040545 3235.197172501459]
MPSLGP task 2 best fitness of generation Fitness: [5686.448692025209 1660.0506401529565]
Generation 6 elapsed 68.0 seconds.
Generation 7
Preselection cleared number: 1976
MPSLGP task-balanced survival counts: [task 0=334, task 1=333, task 2=333]
Subpop 0 reduced 5000 -> 1000
ideal points: [4786.925775279373, 1112.1957695233825]
nadir points: [6752.658847634855, 3982.735305713053]
max objectives: [166038.85607447283, 58850.321651734055]
min objectives: [5318.8064169770805, 1235.7730772482028]
HVOfIntermedidatePopPSL: DoubleSummaryStatistics{count=1000, sum=918.966087, min=0.000000, average=0.918966, max=0.993330}
preferenceDiversityPopAll: DoubleSummaryStatistics{count=1000, sum=4.998538, min=0.000000, average=0.004999, max=0.088467}
Genotype diversity: 1.0
Entropy diversity: 6.736319613479582
PC diversity: 0.95
MPSLGP top 5 HV by task at generation 7:
  Task 0: #1 ind=0 HV=0.9933300069116211; #2 ind=1 HV=0.9910552594234925; #3 ind=2 HV=0.9908419875118063; #4 ind=12 HV=0.9899607803748295; #5 ind=50 HV=0.9897696723838897
  Task 1: #1 ind=9 HV=0.9929617944458008; #2 ind=10 HV=0.9918410622250459; #3 ind=11 HV=0.9916565241836353; #4 ind=49 HV=0.9914420771254151; #5 ind=3 HV=0.9897895984246233
  Task 2: #1 ind=73 HV=0.9887831658190743; #2 ind=34 HV=0.9867872606557516; #3 ind=60 HV=0.9846375787686772; #4 ind=142 HV=0.9816641839561939; #5 ind=39 HV=0.9813745935700026

Pareto Front of Subpopulation 7
Objective 0: [5318.8064169770805, 5351.578943006927, 5495.558269775851, 5679.390540317108, 5771.573786365567, 5876.400079462328, 5980.9006725941435, 6687.705530227395, 6752.658847634855]
Objective 1: [3982.735305713053, 3518.4108830289333, 3426.2658163153683, 2913.655607772889, 2215.0930846014235, 1620.1427067515178, 1379.2705880852154, 1270.297395113157, 1235.7730772482028]
2
duration: 69.0
MPSLGP task 0 best fitness of generation Fitness: [5980.9006725941435 1379.2705880852154]
MPSLGP task 1 best fitness of generation Fitness: [5876.400079462328 1620.1427067515178]
MPSLGP task 2 best fitness of generation Fitness: [5979.787734934769 2362.4782983810146]
Generation 7 elapsed 69.0 seconds.
Generation 8
Preselection cleared number: 1950
MPSLGP task-balanced survival counts: [task 0=334, task 1=333, task 2=333]
Subpop 0 reduced 5000 -> 1000
ideal points: [4788.402287536987, 1199.1433132182342]
nadir points: [7168.608299008105, 3692.0717835772957]
max objectives: [142303.978435238, 142237.978435238]
min objectives: [5320.446986152208, 1332.3814591313712]
HVOfIntermedidatePopPSL: DoubleSummaryStatistics{count=1000, sum=957.928183, min=0.000000, average=0.957928, max=0.995720}
preferenceDiversityPopAll: DoubleSummaryStatistics{count=1000, sum=4.596255, min=0.000000, average=0.004596, max=0.075807}
Genotype diversity: 1.0
Entropy diversity: 6.813340708465852
PC diversity: 0.934
MPSLGP top 5 HV by task at generation 8:
  Task 0: #1 ind=0 HV=0.9957203623198436; #2 ind=1 HV=0.994563159388363; #3 ind=14 HV=0.9928543023882018; #4 ind=2 HV=0.9924043546278943; #5 ind=133 HV=0.9921925704130095
  Task 1: #1 ind=13 HV=0.9948435723583665; #2 ind=131 HV=0.9933393506432519; #3 ind=132 HV=0.9925789269336852; #4 ind=86 HV=0.9921998999895039; #5 ind=15 HV=0.9921447359332336
  Task 2: #1 ind=368 HV=0.9913731225525068; #2 ind=87 HV=0.9912709942241095; #3 ind=70 HV=0.9880228631407804; #4 ind=200 HV=0.987571221740466; #5 ind=135 HV=0.9874300415432324

Pareto Front of Subpopulation 8
Objective 0: [5320.446986152208, 5341.967725003255, 5590.512950677075, 5711.262630805839, 5765.797537745209, 5812.650732655893, 5885.496898665209, 6471.7061544132885, 6825.112108481, 7077.789923605393, 7088.051962592639, 7130.601377775893, 7168.608299008105]
Objective 1: [3692.0717835772957, 2356.60590143429, 2152.616722018196, 2053.0837093777664, 1975.2531319496047, 1912.9689447791898, 1503.8571180506115, 1459.7808821905928, 1436.9730610478437, 1396.0639753997093, 1385.0899153503415, 1374.900854716252, 1332.3814591313712]
2
duration: 74.0
MPSLGP task 0 best fitness of generation Fitness: [5812.650732655893 1912.9689447791898]
MPSLGP task 1 best fitness of generation Fitness: [6471.7061544132885 1459.7808821905928]
MPSLGP task 2 best fitness of generation Fitness: [6231.170107100508 1931.7795904349769]
Generation 8 elapsed 74.0 seconds.
Generation 9
Preselection cleared number: 1984
MPSLGP task-balanced survival counts: [task 0=334, task 1=333, task 2=333]
Subpop 0 reduced 5000 -> 1000
ideal points: [4727.523887746523, 954.7832553397457]
nadir points: [6342.214928074798, 3188.228016215493]
max objectives: [100804.98641083352, 50847.90822886086]
min objectives: [5252.804319718358, 1060.8702837108285]
HVOfIntermedidatePopPSL: DoubleSummaryStatistics{count=1000, sum=930.417760, min=0.000000, average=0.930418, max=0.993555}
preferenceDiversityPopAll: DoubleSummaryStatistics{count=1000, sum=4.640078, min=0.000000, average=0.004640, max=0.084102}
Genotype diversity: 1.0
Entropy diversity: 6.78856057705518
PC diversity: 0.951
MPSLGP top 5 HV by task at generation 9:
  Task 0: #1 ind=0 HV=0.993554933327478; #2 ind=1 HV=0.9930897616879235; #3 ind=2 HV=0.9927876295121765; #4 ind=21 HV=0.9925022293649434; #5 ind=38 HV=0.9918566933684703
  Task 1: #1 ind=37 HV=0.9921687551573743; #2 ind=22 HV=0.9915195643279107; #3 ind=9 HV=0.9914878925925392; #4 ind=10 HV=0.9913705051461871; #5 ind=11 HV=0.9912156302844625
  Task 2: #1 ind=45 HV=0.9854971164733856; #2 ind=137 HV=0.9821649711539048; #3 ind=72 HV=0.9819475416435997; #4 ind=449 HV=0.9797364410904613; #5 ind=195 HV=0.979460547119262

Pareto Front of Subpopulation 9
Objective 0: [5252.804319718358, 5256.309802466683, 5258.230798289849, 5431.891533908842, 5614.725806466886, 5643.298379052052, 6070.169226222846, 6267.8262580235605, 6342.214928074798]
Objective 1: [3188.228016215493, 2994.4172913374496, 2155.0164956373555, 1279.8140727843784, 1227.4921941516513, 1198.998647902561, 1182.9839380617268, 1156.758994077165, 1060.8702837108285]
2
duration: 74.0
MPSLGP task 0 best fitness of generation Fitness: [5431.891533908842 1279.8140727843784]
MPSLGP task 1 best fitness of generation Fitness: [5530.1983412517 1316.8514373553917]
MPSLGP task 2 best fitness of generation Fitness: [5541.354710274958 2071.282703296878]
Generation 9 elapsed 74.0 seconds.
Generation 10
Preselection cleared number: 1948
MPSLGP task-balanced survival counts: [task 0=334, task 1=333, task 2=333]
Subpop 0 reduced 5000 -> 1000
ideal points: [4872.46881171749, 1082.7957193577793]
nadir points: [7116.335844692017, 3293.9657512956765]
max objectives: [578154.1421887496, 156600.45869676402]
min objectives: [5413.854235241655, 1203.106354841977]
HVOfIntermedidatePopPSL: DoubleSummaryStatistics{count=1000, sum=975.103876, min=0.000000, average=0.975104, max=0.998818}
preferenceDiversityPopAll: DoubleSummaryStatistics{count=1000, sum=5.554589, min=0.000000, average=0.005555, max=0.088032}
Genotype diversity: 0.985
Entropy diversity: 6.790837019700409
PC diversity: 0.897
MPSLGP top 5 HV by task at generation 10:
  Task 0: #1 ind=0 HV=0.9988182857158935; #2 ind=1 HV=0.9986883385054638; #3 ind=12 HV=0.9980653626351801; #4 ind=4 HV=0.9979783117888436; #5 ind=5 HV=0.9978358741556986
  Task 1: #1 ind=2 HV=0.9984131585849301; #2 ind=3 HV=0.9979835860506951; #3 ind=30 HV=0.9973906160488057; #4 ind=32 HV=0.9973507492760405; #5 ind=19 HV=0.997179047289903
  Task 2: #1 ind=95 HV=0.9960881356872598; #2 ind=114 HV=0.9958867530877957; #3 ind=227 HV=0.9958503565478352; #4 ind=151 HV=0.9957533789947837; #5 ind=152 HV=0.9956170773655407

Pareto Front of Subpopulation 10
Objective 0: [5413.854235241655, 5500.699981476704, 5503.372267805156, 5560.49896123691, 5709.927444475528, 5890.525586753094, 5943.327820633189, 5950.061369573581, 6144.986821355473, 6544.474302495597, 6997.688743874722, 7116.335844692017]
Objective 1: [3293.9657512956765, 1974.7428413016605, 1883.9640539780958, 1504.5719318250776, 1429.4542686418572, 1401.369860270759, 1367.8762316626962, 1260.2344495695434, 1248.8456348846812, 1236.1987673900876, 1209.208635796167, 1203.106354841977]
MPSLGP task 0 best fitness of generation Fitness: [5503.372267805156 1883.9640539780958]
MPSLGP task 1 best fitness of generation Fitness: [6144.986821355473 1248.8456348846812]
MPSLGP task 2 best fitness of generation Fitness: [5570.314975434216 4501.268915362176]
2
duration: 83.0
Generation 10 elapsed 83.0 seconds.
Generation 11
Preselection cleared number: 2015
MPSLGP task-balanced survival counts: [task 0=334, task 1=333, task 2=333]
Subpop 0 reduced 5000 -> 1000
ideal points: [4792.243430135917, 1019.9767455214663]
nadir points: [6590.327864379447, 1993.80897901571]
max objectives: [36462.84946755762, 8521.712366889406]
min objectives: [5324.714922373241, 1133.3074950238515]
HVOfIntermedidatePopPSL: DoubleSummaryStatistics{count=1000, sum=803.278258, min=0.000000, average=0.803278, max=0.974894}
preferenceDiversityPopAll: DoubleSummaryStatistics{count=1000, sum=4.587950, min=0.000000, average=0.004588, max=0.074966}
Genotype diversity: 1.0
Entropy diversity: 6.811550617854455
PC diversity: 0.955
MPSLGP top 5 HV by task at generation 11:
  Task 0: #1 ind=0 HV=0.9748940044679333; #2 ind=1 HV=0.9709377988519886; #3 ind=2 HV=0.9703362374877117; #4 ind=10 HV=0.9659105556984042; #5 ind=3 HV=0.964134802556993
  Task 1: #1 ind=26 HV=0.9554896337211737; #2 ind=20 HV=0.9512750284266285; #3 ind=29 HV=0.9506350051281174; #4 ind=41 HV=0.9481411976137261; #5 ind=34 HV=0.9451955138416537
  Task 2: #1 ind=4 HV=0.9599079545897728; #2 ind=166 HV=0.9343112110022618; #3 ind=90 HV=0.9242485796298214; #4 ind=174 HV=0.9111571771691067; #5 ind=177 HV=0.909082153637287

Pareto Front of Subpopulation 11
Objective 0: [5324.714922373241, 5469.868816578237, 5532.52434715454, 5575.213465598121, 5699.340249526547, 5734.0429674607, 5770.719959024689, 6348.481590040843, 6432.7582194908755, 6590.327864379447]
Objective 1: [1993.80897901571, 1615.5679183328175, 1429.1699429249857, 1364.712496538632, 1304.463169894414, 1246.4808235001983, 1209.292635023041, 1208.7788489750892, 1165.4014066977543, 1133.3074950238515]
2
duration: 80.0
MPSLGP task 0 best fitness of generation Fitness: [5770.719959024689 1209.292635023041]
MPSLGP task 1 best fitness of generation Fitness: [6421.27859373024 1219.9854314500262]
MPSLGP task 2 best fitness of generation Fitness: [6432.7582194908755 1165.4014066977543]
Generation 11 elapsed 80.0 seconds.
Generation 12
Preselection cleared number: 1804
MPSLGP task-balanced survival counts: [task 0=334, task 1=333, task 2=333]
Subpop 0 reduced 5000 -> 1000
ideal points: [4711.300901411218, 876.3571753607132]
nadir points: [6083.033495567739, 1534.4382748401113]
max objectives: [62812.119048112596, 62218.119048112596]
min objectives: [5234.778779345797, 973.7301948452368]
HVOfIntermedidatePopPSL: DoubleSummaryStatistics{count=1000, sum=927.610691, min=0.000000, average=0.927611, max=0.997256}
preferenceDiversityPopAll: DoubleSummaryStatistics{count=1000, sum=4.893115, min=0.000000, average=0.004893, max=0.073936}
Genotype diversity: 1.0
Entropy diversity: 6.829434116035095
PC diversity: 0.948
MPSLGP top 5 HV by task at generation 12:
  Task 0: #1 ind=0 HV=0.9972557069775806; #2 ind=5 HV=0.9942018306483706; #3 ind=6 HV=0.994191349069085; #4 ind=1 HV=0.9939409657261962; #5 ind=7 HV=0.9931890108385774
  Task 1: #1 ind=20 HV=0.9913015028468664; #2 ind=37 HV=0.9909870473365594; #3 ind=55 HV=0.9892831821158772; #4 ind=56 HV=0.9891118258783029; #5 ind=57 HV=0.9888760476163787
  Task 2: #1 ind=2 HV=0.9913866668873939; #2 ind=40 HV=0.9887313671661005; #3 ind=41 HV=0.9881939264217496; #4 ind=29 HV=0.9863856868664637; #5 ind=31 HV=0.9858021915384783

Pareto Front of Subpopulation 12
Objective 0: [5234.778779345797, 5291.753316558083, 5567.479659220902, 5884.565763662627, 6083.033495567739]
Objective 1: [1534.4382748401113, 1073.0767164950812, 988.9650047830073, 987.4646928212387, 973.7301948452368]
2
duration: 79.0
MPSLGP task 0 best fitness of generation Fitness: [5291.753316558083 1073.0767164950812]
MPSLGP task 1 best fitness of generation Fitness: [6083.033495567739 973.7301948452368]
MPSLGP task 2 best fitness of generation Fitness: [5234.778779345797 1534.4382748401113]
Generation 12 elapsed 79.0 seconds.
Generation 13
Preselection cleared number: 1904
MPSLGP task-balanced survival counts: [task 0=334, task 1=333, task 2=333]
Subpop 0 reduced 5000 -> 1000
ideal points: [4596.601341370721, 1063.60386929003]
nadir points: [7223.486360387178, 2210.802397447638]
max objectives: [156532.67590573907, 156400.67590573907]
min objectives: [5107.334823745245, 1181.7820769889222]
HVOfIntermedidatePopPSL: DoubleSummaryStatistics{count=1000, sum=929.966552, min=0.000000, average=0.929967, max=0.996004}
preferenceDiversityPopAll: DoubleSummaryStatistics{count=1000, sum=6.012408, min=0.000000, average=0.006012, max=0.087933}
Genotype diversity: 1.0
Entropy diversity: 6.6741026014985305
PC diversity: 0.959
MPSLGP top 5 HV by task at generation 13:
  Task 0: #1 ind=0 HV=0.9960040724095641; #2 ind=1 HV=0.9957104142603272; #3 ind=2 HV=0.995339866294104; #4 ind=10 HV=0.9953226123003983; #5 ind=12 HV=0.9947442030427583
  Task 1: #1 ind=11 HV=0.9948153616466098; #2 ind=48 HV=0.9941857063595614; #3 ind=94 HV=0.9940519547884343; #4 ind=3 HV=0.9940215617701346; #5 ind=33 HV=0.9939466598937183
  Task 2: #1 ind=68 HV=0.9940096654486223; #2 ind=151 HV=0.9939530441002613; #3 ind=170 HV=0.9935309541723415; #4 ind=70 HV=0.9931363025873308; #5 ind=122 HV=0.993129829033991

Pareto Front of Subpopulation 13
Objective 0: [5107.334823745245, 5367.083005677705, 5465.476505507133, 5468.534769752005, 5600.817268141196, 5625.983370392001, 5940.051798311586, 6387.895577603602, 6665.046164969215, 7223.486360387178]
Objective 1: [2210.802397447638, 2136.940848218539, 2056.578470150853, 1418.250084979547, 1387.8837319200975, 1306.3314155177795, 1248.5097158172575, 1225.037565610648, 1195.445892676391, 1181.7820769889222]
2
duration: 93.0
MPSLGP task 0 best fitness of generation Fitness: [5468.534769752005 1418.250084979547]
MPSLGP task 1 best fitness of generation Fitness: [5940.051798311586 1248.5097158172575]
MPSLGP task 2 best fitness of generation Fitness: [5465.476505507133 2056.578470150853]
Generation 13 elapsed 93.0 seconds.
Generation 14
Preselection cleared number: 1931
MPSLGP task-balanced survival counts: [task 0=334, task 1=333, task 2=333]
Subpop 0 reduced 5000 -> 1000
ideal points: [4754.159136120533, 1141.7005614662296]
nadir points: [6878.199654707103, 3373.1545043650985]
max objectives: [29267.744354773895, 20782.75662298889]
min objectives: [5282.399040133925, 1268.5561794069217]
HVOfIntermedidatePopPSL: DoubleSummaryStatistics{count=1000, sum=832.833472, min=0.000000, average=0.832833, max=0.984156}
preferenceDiversityPopAll: DoubleSummaryStatistics{count=1000, sum=5.749263, min=0.000000, average=0.005749, max=0.092242}
Genotype diversity: 1.0
Entropy diversity: 6.835797218140676
PC diversity: 0.959
MPSLGP top 5 HV by task at generation 14:
  Task 0: #1 ind=0 HV=0.9841560618288855; #2 ind=1 HV=0.9825155288658495; #3 ind=3 HV=0.9800327529470767; #4 ind=4 HV=0.9798513279207245; #5 ind=5 HV=0.9792758737754386
  Task 1: #1 ind=2 HV=0.9810810472671951; #2 ind=13 HV=0.9784765541050118; #3 ind=8 HV=0.9728379790968006; #4 ind=73 HV=0.9636546576095804; #5 ind=113 HV=0.9620659813520974
  Task 2: #1 ind=155 HV=0.9354832704227845; #2 ind=157 HV=0.9350751260192087; #3 ind=158 HV=0.9346767136105829; #4 ind=179 HV=0.9337458434505059; #5 ind=181 HV=0.9316589722844968

Pareto Front of Subpopulation 14
Objective 0: [5282.399040133925, 5325.566254794248, 5483.969022159756, 5526.074890505057, 5528.172295659955, 5565.023202116194, 5584.655216878891, 5661.370805569924, 5682.98471678677, 6106.726221338729, 6462.4808314294205, 6529.675353716593, 6878.199654707103]
Objective 1: [3373.1545043650985, 1794.5722348506097, 1552.3592584099388, 1467.195265614704, 1454.8968650543684, 1423.0421205551247, 1389.8348560130398, 1364.39988063919, 1363.532660452649, 1328.0482728759089, 1319.6062683803611, 1276.216349982671, 1268.5561794069217]
MPSLGP task 0 best fitness of generation Fitness: [5483.969022159756 1552.3592584099388]
MPSLGP task 1 best fitness of generation Fitness: [5584.655216878891 1389.8348560130398]
MPSLGP task 2 best fitness of generation Fitness: [7055.720672450145 1357.4425354562263]
2
duration: 92.0
Generation 14 elapsed 92.0 seconds.
Generation 15
Preselection cleared number: 1950
MPSLGP task-balanced survival counts: [task 0=334, task 1=333, task 2=333]
Subpop 0 reduced 5000 -> 1000
ideal points: [4762.634697435285, 1027.005163611687]
nadir points: [6739.5321378259105, 2412.2585478908804]
max objectives: [85254.27923023241, 46119.503086052035]
min objectives: [5291.816330483649, 1141.11684845743]
HVOfIntermedidatePopPSL: DoubleSummaryStatistics{count=1000, sum=904.197872, min=0.000000, average=0.904198, max=0.994425}
preferenceDiversityPopAll: DoubleSummaryStatistics{count=1000, sum=6.228893, min=0.000000, average=0.006229, max=0.105876}
Genotype diversity: 1.0
Entropy diversity: 6.691200250727049
PC diversity: 0.977
MPSLGP top 5 HV by task at generation 15:
  Task 0: #1 ind=0 HV=0.9944246240787679; #2 ind=1 HV=0.993581297986582; #3 ind=2 HV=0.9932490147975022; #4 ind=17 HV=0.9921587754514232; #5 ind=3 HV=0.9920374654121591
  Task 1: #1 ind=33 HV=0.9902623558293853; #2 ind=35 HV=0.9878251968590623; #3 ind=36 HV=0.9877439992613823; #4 ind=57 HV=0.9871636456335978; #5 ind=70 HV=0.9869914710005515
  Task 2: #1 ind=73 HV=0.9854876529752802; #2 ind=10 HV=0.9839823971825175; #3 ind=82 HV=0.9816999730524716; #4 ind=83 HV=0.9802768688349279; #5 ind=108 HV=0.9796325264024608

Pareto Front of Subpopulation 15
Objective 0: [5291.816330483649, 5292.499100890593, 5353.347848962061, 5446.387364164926, 5481.722991209128, 5520.116117609723, 5555.567725459725, 5583.765037197154, 5799.456726477481, 5850.907717188878, 6233.171470765432, 6237.690849397099, 6456.398673721793, 6566.837828078133, 6599.667115697579, 6687.544603804097, 6739.5321378259105]
Objective 1: [2412.2585478908804, 2095.049526579991, 1490.2852843115252, 1463.3780426954545, 1410.3763360534285, 1363.7600853926415, 1278.8203395424134, 1276.3993149343587, 1258.5639337775428, 1233.0455173831288, 1205.4176318189566, 1198.6066498241707, 1187.3003445392242, 1185.7271390863207, 1183.8625040625193, 1180.1460179144997, 1141.11684845743]
2
duration: 90.0
MPSLGP task 0 best fitness of generation Fitness: [5353.347848962061 1490.2852843115252]
MPSLGP task 1 best fitness of generation Fitness: [6237.690849397099 1198.6066498241707]
MPSLGP task 2 best fitness of generation Fitness: [6456.398673721793 1187.3003445392242]
Generation 15 elapsed 90.0 seconds.
Generation 16
Preselection cleared number: 1859
MPSLGP task-balanced survival counts: [task 0=334, task 1=333, task 2=333]
Subpop 0 reduced 5000 -> 1000
ideal points: [4571.6351641836345, 949.0490936804999]
nadir points: [6418.289232219802, 1332.3212829473487]
max objectives: [37227.07991977967, 10698.564347990527]
min objectives: [5079.594626870705, 1054.4989929783333]
HVOfIntermedidatePopPSL: DoubleSummaryStatistics{count=1000, sum=853.503581, min=0.000000, average=0.853504, max=0.979331}
preferenceDiversityPopAll: DoubleSummaryStatistics{count=1000, sum=5.240414, min=0.000000, average=0.005240, max=0.099530}
Genotype diversity: 1.0
Entropy diversity: 6.808658577238726
PC diversity: 0.969
MPSLGP top 5 HV by task at generation 16:
  Task 0: #1 ind=0 HV=0.9793308163274299; #2 ind=1 HV=0.9779201537726822; #3 ind=2 HV=0.977673939284622; #4 ind=3 HV=0.9762558458886591; #5 ind=8 HV=0.973182204609544
  Task 1: #1 ind=11 HV=0.9719119466008654; #2 ind=12 HV=0.9719103627051845; #3 ind=15 HV=0.9671377098722636; #4 ind=28 HV=0.9647853571893318; #5 ind=48 HV=0.9621156435823108
  Task 2: #1 ind=46 HV=0.9640981425299345; #2 ind=33 HV=0.9610920208543732; #3 ind=80 HV=0.9470337416150301; #4 ind=60 HV=0.9461355413651105; #5 ind=113 HV=0.94547618046922

Pareto Front of Subpopulation 16
Objective 0: [5079.594626870705, 5289.562158067769, 5305.810795228288, 5512.04168355657, 5586.857804614119, 5966.793239516963, 6022.117801570916, 6418.289232219802]
Objective 1: [1332.3212829473487, 1205.3021519384056, 1183.1026372863853, 1133.737226414989, 1126.160217581084, 1077.2904359798413, 1075.7451280587993, 1054.4989929783333]
MPSLGP task 0 best fitness of generation Fitness: [5305.810795228288 1183.1026372863853]
MPSLGP task 1 best fitness of generation Fitness: [5644.468694615876 1133.5872735815065]
MPSLGP task 2 best fitness of generation Fitness: [5386.588079068693 1305.9115592959715]
2
duration: 94.0
Generation 16 elapsed 94.0 seconds.
Generation 17
Preselection cleared number: 1867
MPSLGP task-balanced survival counts: [task 0=334, task 1=333, task 2=333]
Subpop 0 reduced 5000 -> 1000
ideal points: [4971.790988157643, 1580.459835777797]
nadir points: [9329.324866228562, 2431.235593180332]
max objectives: [52832.73363893846, 16731.781133470125]
min objectives: [5524.212209064048, 1756.0664841975522]
HVOfIntermedidatePopPSL: DoubleSummaryStatistics{count=1000, sum=805.625166, min=0.000000, average=0.805625, max=0.967462}
preferenceDiversityPopAll: DoubleSummaryStatistics{count=1000, sum=3.856931, min=0.000000, average=0.003857, max=0.092585}
Genotype diversity: 1.0
Entropy diversity: 6.707206770576019
PC diversity: 0.978
MPSLGP top 5 HV by task at generation 17:
  Task 0: #1 ind=2 HV=0.9566608780879662; #2 ind=11 HV=0.9560285757599564; #3 ind=3 HV=0.9553320797521171; #4 ind=4 HV=0.9552921348383967; #5 ind=12 HV=0.9548349347412837
  Task 1: #1 ind=0 HV=0.9674616407233412; #2 ind=1 HV=0.9609258549011083; #3 ind=30 HV=0.9524823260474939; #4 ind=6 HV=0.9501419935576931; #5 ind=34 HV=0.9488613310226032
  Task 2: #1 ind=60 HV=0.9415109035498334; #2 ind=266 HV=0.9358772625720224; #3 ind=10 HV=0.9187777312676949; #4 ind=50 HV=0.9151105507508771; #5 ind=75 HV=0.9113830360792295

Pareto Front of Subpopulation 17
Objective 0: [5524.212209064048, 5752.337423184828, 5848.628886492283, 6248.363311766065, 6271.492063687358, 6458.16616240039, 6604.687554486503, 7870.600045985659, 8321.343535307911, 8588.387744011881, 9329.324866228562]
Objective 1: [2431.235593180332, 2346.498907287212, 2297.570551017445, 2270.458559160863, 2189.16613304388, 2048.8839115086885, 1903.4313412633928, 1823.3509968391008, 1801.7196274610324, 1782.1387678114843, 1756.0664841975522]
MPSLGP task 0 best fitness of generation Fitness: [5848.628886492283 2297.570551017445]
MPSLGP task 1 best fitness of generation Fitness: [6604.687554486503 1903.4313412633928]
MPSLGP task 2 best fitness of generation Fitness: [9329.324866228562 1756.0664841975522]
Generation 17 elapsed 94.0 seconds.
Generation 18
2
duration: 94.0
Preselection cleared number: 1932
MPSLGP task-balanced survival counts: [task 0=334, task 1=333, task 2=333]
Subpop 0 reduced 5000 -> 1000
ideal points: [4782.452208012151, 1028.997891779113]
nadir points: [6828.3337970973225, 1665.0564020474558]
max objectives: [336500.35126747005, 85578.18606446656]
min objectives: [5313.835786680167, 1143.330990865681]
HVOfIntermedidatePopPSL: DoubleSummaryStatistics{count=1000, sum=955.043507, min=0.000000, average=0.955044, max=0.997529}
preferenceDiversityPopAll: DoubleSummaryStatistics{count=1000, sum=3.267678, min=0.000000, average=0.003268, max=0.110740}
Genotype diversity: 1.0
Entropy diversity: 6.806291034350052
PC diversity: 1.0
MPSLGP top 5 HV by task at generation 18:
  Task 0: #1 ind=0 HV=0.9967530874622077; #2 ind=2 HV=0.9965649405413058; #3 ind=3 HV=0.9964487666393289; #4 ind=5 HV=0.9962759851567566; #5 ind=7 HV=0.9961785565922117
  Task 1: #1 ind=27 HV=0.9975293309736062; #2 ind=4 HV=0.99631317478188; #3 ind=6 HV=0.9961946860508664; #4 ind=15 HV=0.9957880775544695; #5 ind=60 HV=0.9953929931725077
  Task 2: #1 ind=1 HV=0.9966305538712016; #2 ind=9 HV=0.9957395161239073; #3 ind=29 HV=0.9952780343093112; #4 ind=18 HV=0.9952464023781784; #5 ind=32 HV=0.9950443933500603

Pareto Front of Subpopulation 18
Objective 0: [5313.835786680167, 5408.147048650659, 5445.772590369568, 5646.905757993896, 5736.621240376262, 5767.267476380337, 5792.943501048139, 5860.114091856754, 5955.775187718566, 6038.495454830409, 6195.729823075351, 6523.653888936038, 6828.3337970973225]
Objective 1: [1665.0564020474558, 1582.0992872661736, 1380.1972978547274, 1364.945767740457, 1350.8726591643062, 1343.182501085219, 1338.5254180537886, 1333.099874145788, 1268.5254256156331, 1236.3349254392378, 1219.3998683565878, 1179.7810542530788, 1143.330990865681]
2
duration: 96.0
MPSLGP task 0 best fitness of generation Fitness: [5445.772590369568 1380.1972978547274]
MPSLGP task 1 best fitness of generation Fitness: [5646.905757993896 1364.945767740457]
MPSLGP task 2 best fitness of generation Fitness: [5860.114091856754 1333.099874145788]
Generation 18 elapsed 96.0 seconds.
Generation 19
Preselection cleared number: 1926
MPSLGP task-balanced survival counts: [task 0=334, task 1=333, task 2=333]
Subpop 0 reduced 5000 -> 1000
ideal points: [4806.7149220496885, 921.9101168073299]
nadir points: [5995.612061302294, 1345.766138766332]
max objectives: [28859.869649172004, 8095.851848783299]
min objectives: [5340.794357832987, 1024.3445742303666]
HVOfIntermedidatePopPSL: DoubleSummaryStatistics{count=1000, sum=803.510246, min=0.000000, average=0.803510, max=0.971980}
preferenceDiversityPopAll: DoubleSummaryStatistics{count=1000, sum=2.608764, min=0.000000, average=0.002609, max=0.083724}
Genotype diversity: 1.0
Entropy diversity: 6.79852908692097
PC diversity: 0.982
MPSLGP top 5 HV by task at generation 19:
  Task 0: #1 ind=1 HV=0.9701584834851261; #2 ind=3 HV=0.9690162417741766; #3 ind=11 HV=0.9651133215082026; #4 ind=5 HV=0.9648074592064487; #5 ind=7 HV=0.963694020569856
  Task 1: #1 ind=9 HV=0.9692470110404764; #2 ind=2 HV=0.9691836166010452; #3 ind=4 HV=0.9655552632699963; #4 ind=6 HV=0.9642706743558673; #5 ind=18 HV=0.9590794245578084
  Task 2: #1 ind=0 HV=0.971980438145332; #2 ind=10 HV=0.9669956176414074; #3 ind=20 HV=0.9582191002354723; #4 ind=13 HV=0.9565885239724888; #5 ind=34 HV=0.9553353166671942

Pareto Front of Subpopulation 19
Objective 0: [5340.794357832987, 5478.546699259139, 5596.038839071523, 5763.929652302992, 5802.193322579842, 5828.513720905641, 5832.799486198841, 5957.779708499729, 5995.612061302294]
Objective 1: [1345.766138766332, 1191.9506230118714, 1159.5059647695525, 1144.5535367002085, 1138.4349364024674, 1118.2804609842933, 1086.238435131294, 1085.5909144917678, 1024.3445742303666]
MPSLGP task 0 best fitness of generation Fitness: [5832.799486198841 1086.238435131294]
MPSLGP task 1 best fitness of generation Fitness: [5478.546699259139 1191.9506230118714]
MPSLGP task 2 best fitness of generation Fitness: [5995.612061302294 1024.3445742303666]
2
duration: 96.0
Generation 19 elapsed 96.0 seconds.
Generation 20
Preselection cleared number: 1885
MPSLGP task-balanced survival counts: [task 0=334, task 1=333, task 2=333]
Subpop 0 reduced 5000 -> 1000
ideal points: [4610.223391433962, 942.7053131770139]
nadir points: [6406.872088006698, 1363.631192534347]
max objectives: [34411.763141951524, 24172.502517636567]
min objectives: [5122.470434926625, 1047.4503479744599]
HVOfIntermedidatePopPSL: DoubleSummaryStatistics{count=1000, sum=863.564194, min=0.000000, average=0.863564, max=0.987671}
preferenceDiversityPopAll: DoubleSummaryStatistics{count=1000, sum=2.789451, min=0.000000, average=0.002789, max=0.071601}
Genotype diversity: 1.0
Entropy diversity: 6.706608951266357
PC diversity: 0.986
MPSLGP top 5 HV by task at generation 20:
  Task 0: #1 ind=0 HV=0.9876707416426761; #2 ind=1 HV=0.9861002040031074; #3 ind=20 HV=0.9815957766507436; #4 ind=11 HV=0.9811489872766649; #5 ind=12 HV=0.9800944989365993
  Task 1: #1 ind=46 HV=0.9817571558615723; #2 ind=54 HV=0.9695857142701811; #3 ind=77 HV=0.9689109449990307; #4 ind=5 HV=0.9681845414446059; #5 ind=79 HV=0.9677989224701103
  Task 2: #1 ind=2 HV=0.9853370274852193; #2 ind=9 HV=0.9839299610554423; #3 ind=10 HV=0.9813007598548529; #4 ind=22 HV=0.9787669276295817; #5 ind=23 HV=0.9785948289896584

Pareto Front of Subpopulation 20
Objective 0: [5122.470434926625, 5330.375937942474, 5352.841092532501, 5773.725184309529, 5809.225477821077, 5971.628640983661, 6069.255528577487, 6370.767857341096, 6406.872088006698]
Objective 1: [1363.631192534347, 1220.1078301650705, 1149.72593109656, 1137.7823785448272, 1119.55250571121, 1104.1410499454942, 1092.2074691475427, 1073.1282415288442, 1047.4503479744599]
2
duration: 95.0
MPSLGP task 0 best fitness of generation Fitness: [5352.841092532501 1149.72593109656]
MPSLGP task 1 best fitness of generation Fitness: [5971.628640983661 1104.1410499454942]
MPSLGP task 2 best fitness of generation Fitness: [5330.375937942474 1220.1078301650705]
Generation 20 elapsed 95.0 seconds.
Generation 21
Preselection cleared number: 1778
MPSLGP task-balanced survival counts: [task 0=334, task 1=333, task 2=333]
Subpop 0 reduced 5000 -> 1000
ideal points: [4568.497894831805, 842.2629475350841]
nadir points: [6226.109094508574, 1633.1104683212761]
max objectives: [39433.22914299945, 23267.74156022654]
min objectives: [5076.108772035339, 935.8477194834268]
HVOfIntermedidatePopPSL: DoubleSummaryStatistics{count=1000, sum=909.530415, min=0.000000, average=0.909530, max=0.989831}
preferenceDiversityPopAll: DoubleSummaryStatistics{count=1000, sum=1.872193, min=0.000000, average=0.001872, max=0.079818}
Genotype diversity: 1.0
Entropy diversity: 6.846024526812282
PC diversity: 0.98
MPSLGP top 5 HV by task at generation 21:
  Task 0: #1 ind=14 HV=0.9872897271676538; #2 ind=2 HV=0.9844283611974748; #3 ind=3 HV=0.9839062930227349; #4 ind=4 HV=0.9833422634053515; #5 ind=28 HV=0.9827705161999053
  Task 1: #1 ind=7 HV=0.9786274684596976; #2 ind=46 HV=0.9772189139338416; #3 ind=47 HV=0.9756361054865663; #4 ind=9 HV=0.9724532557881687; #5 ind=104 HV=0.9717739245771775
  Task 2: #1 ind=0 HV=0.9898306608424319; #2 ind=1 HV=0.9886551584447046; #3 ind=13 HV=0.9885463813563495; #4 ind=26 HV=0.9846141189696052; #5 ind=27 HV=0.9840571323689734

Pareto Front of Subpopulation 21
Objective 0: [5076.108772035339, 5082.466505756951, 5095.212778951973, 5100.051282244676, 5101.986140445282, 5255.9710830334225, 5296.428107537911, 5309.333785149676, 5572.813519510324, 5725.620948348282, 5956.6627906874055, 6088.232164890913, 6226.109094508574]
Objective 1: [1633.1104683212761, 1415.264959686785, 1385.828304364797, 1275.1014882003656, 1169.3146966491768, 1161.4205225514597, 1158.0235448140156, 1010.2331280510261, 1007.491714131058, 977.3396761203767, 963.5098987622623, 961.6786707522187, 935.8477194834268]
2
duration: 97.0
MPSLGP task 0 best fitness of generation Fitness: [5255.9710830334225 1161.4205225514597]
MPSLGP task 1 best fitness of generation Fitness: [5725.620948348282 977.3396761203767]
MPSLGP task 2 best fitness of generation Fitness: [5309.333785149676 1010.2331280510261]
Generation 21 elapsed 97.0 seconds.
Generation 22
Preselection cleared number: 1756
MPSLGP task-balanced survival counts: [task 0=334, task 1=333, task 2=333]
Subpop 0 reduced 5000 -> 1000
ideal points: [4705.723358397122, 917.9386604870728]
nadir points: [6719.727379942546, 1248.0702649095474]
max objectives: [25552.494792273268, 17304.681543271465]
min objectives: [5228.581509330135, 1019.9318449856364]
HVOfIntermedidatePopPSL: DoubleSummaryStatistics{count=1000, sum=840.659259, min=0.000000, average=0.840659, max=0.991058}
preferenceDiversityPopAll: DoubleSummaryStatistics{count=1000, sum=2.084453, min=0.000000, average=0.002084, max=0.084169}
Genotype diversity: 1.0
Entropy diversity: 6.690153754439521
PC diversity: 0.981
MPSLGP top 5 HV by task at generation 22:
  Task 0: #1 ind=0 HV=0.9910583496065755; #2 ind=12 HV=0.9751364594518042; #3 ind=14 HV=0.9728800183304777; #4 ind=28 HV=0.9707947861857668; #5 ind=3 HV=0.9703002822662354
  Task 1: #1 ind=26 HV=0.9891006726128446; #2 ind=27 HV=0.9889108879862452; #3 ind=4 HV=0.9701434545080434; #4 ind=30 HV=0.9680063137535202; #5 ind=31 HV=0.9670630263346044
  Task 2: #1 ind=1 HV=0.9849101686741843; #2 ind=10 HV=0.976308877220134; #3 ind=11 HV=0.9755754021960242; #4 ind=13 HV=0.9745069596600898; #5 ind=2 HV=0.9736280179492758

Pareto Front of Subpopulation 22
Objective 0: [5228.581509330135, 5268.256861279195, 5623.915021101711, 5721.300758074038, 5747.056463366782, 5951.388146804296, 6040.710586008732, 6284.2052867319435, 6464.666257618868, 6719.727379942546]
Objective 1: [1248.0702649095474, 1132.19657757385, 1120.7341542176437, 1103.931412349324, 1089.0214196210145, 1084.8469563946128, 1074.5384192269412, 1047.1112427392218, 1036.9438198308198, 1019.9318449856364]
2
duration: 95.0
MPSLGP task 0 best fitness of generation Fitness: [5268.256861279195 1132.19657757385]
MPSLGP task 1 best fitness of generation Fitness: [5747.056463366782 1089.0214196210145]
MPSLGP task 2 best fitness of generation Fitness: [5228.581509330135 1248.0702649095474]
Generation 22 elapsed 95.0 seconds.
Generation 23
Preselection cleared number: 1763
MPSLGP task-balanced survival counts: [task 0=334, task 1=333, task 2=333]
Subpop 0 reduced 5000 -> 1000
ideal points: [4619.187439652346, 857.8412623735575]
nadir points: [6157.503788503353, 1215.9295774284546]
max objectives: [26847.245257681643, 10334.507878364362]
min objectives: [5132.430488502607, 953.1569581928416]
HVOfIntermedidatePopPSL: DoubleSummaryStatistics{count=1000, sum=835.637663, min=0.000000, average=0.835638, max=0.985822}
preferenceDiversityPopAll: DoubleSummaryStatistics{count=1000, sum=3.279080, min=0.000000, average=0.003279, max=0.102640}
Genotype diversity: 1.0
Entropy diversity: 6.852955998617881
PC diversity: 0.989
MPSLGP top 5 HV by task at generation 23:
  Task 0: #1 ind=0 HV=0.9858221641060652; #2 ind=3 HV=0.9778171409686488; #3 ind=12 HV=0.9767302748956426; #4 ind=4 HV=0.9766290146666639; #5 ind=13 HV=0.9749375779719042
  Task 1: #1 ind=7 HV=0.9710919800702557; #2 ind=33 HV=0.962406737882854; #3 ind=9 HV=0.9604745074008737; #4 ind=10 HV=0.9602058374722363; #5 ind=21 HV=0.9571406805994669
  Task 2: #1 ind=1 HV=0.9848556641269234; #2 ind=2 HV=0.9818279062409175; #3 ind=5 HV=0.9756323506668355; #4 ind=15 HV=0.9744447724463735; #5 ind=6 HV=0.974346595692547

Pareto Front of Subpopulation 23
Objective 0: [5132.430488502607, 5147.912238901248, 5202.641975293169, 5205.412055545836, 5347.257784673595, 5439.369831125543, 5505.430845083494, 5540.853438046877, 5619.225220427936, 5888.515006351867, 5968.0104156339075, 6157.503788503353]
Objective 1: [1215.9295774284546, 1139.06396301715, 1099.6966527561162, 1062.672279284845, 1061.2153374472182, 1035.431546470034, 1018.9780115467292, 1014.3812637750452, 1008.4099150827096, 986.2572013015742, 956.0983293554091, 953.1569581928416]
2
duration: 97.0
MPSLGP task 0 best fitness of generation Fitness: [5202.641975293169 1099.6966527561162]
MPSLGP task 1 best fitness of generation Fitness: [5619.225220427936 1008.4099150827096]
MPSLGP task 2 best fitness of generation Fitness: [5205.412055545836 1062.672279284845]
Generation 23 elapsed 97.0 seconds.
Generation 24
Preselection cleared number: 1807
MPSLGP task-balanced survival counts: [task 0=334, task 1=333, task 2=333]
Subpop 0 reduced 5000 -> 1000
ideal points: [4849.16003129711, 1230.9007221870213]
nadir points: [7638.322644997737, 2470.8755587352207]
max objectives: [70101.08012360812, 17063.27003090203]
min objectives: [5387.9555903301225, 1367.6674690966902]
HVOfIntermedidatePopPSL: DoubleSummaryStatistics{count=1000, sum=873.714767, min=0.000000, average=0.873715, max=0.982571}
preferenceDiversityPopAll: DoubleSummaryStatistics{count=1000, sum=3.158834, min=0.000000, average=0.003159, max=0.099823}
Genotype diversity: 1.0
Entropy diversity: 6.762452862937979
PC diversity: 0.99
MPSLGP top 5 HV by task at generation 24:
  Task 0: #1 ind=8 HV=0.9695920186308158; #2 ind=18 HV=0.9691482291305437; #3 ind=10 HV=0.9683123973594159; #4 ind=60 HV=0.9673329688619621; #5 ind=44 HV=0.966941040682376
  Task 1: #1 ind=36 HV=0.9825712148002576; #2 ind=0 HV=0.9802081350093026; #3 ind=37 HV=0.9771065262940689; #4 ind=6 HV=0.9720970645963147; #5 ind=38 HV=0.9718187213230166
  Task 2: #1 ind=1 HV=0.9769420721700891; #2 ind=15 HV=0.9767901194033624; #3 ind=2 HV=0.9762672499632692; #4 ind=3 HV=0.9758746994853411; #5 ind=4 HV=0.9732573283697411

Pareto Front of Subpopulation 24
Objective 0: [5387.9555903301225, 5418.607127568219, 5824.647518886253, 5914.6736775483005, 5959.375287901901, 6176.736099343281, 6247.318590399227, 6332.513469114434, 6859.808625449776, 6885.796667907678, 6996.6731647715205, 7129.048231500026, 7289.465165952221, 7413.586734778946, 7638.322644997737]
Objective 1: [2470.8755587352207, 1786.5790745500417, 1676.4504814477987, 1657.3887787142303, 1540.0369991016196, 1537.938840816627, 1535.3295459902583, 1509.5423841065203, 1496.704461823334, 1486.509194158978, 1447.1881484262994, 1411.234677567787, 1396.513606053828, 1388.3037132654208, 1367.6674690966902]
MPSLGP task 0 best fitness of generation Fitness: [6996.6731647715205 1447.1881484262994]
MPSLGP task 1 best fitness of generation Fitness: [5959.375287901901 1540.0369991016196]
MPSLGP task 2 best fitness of generation Fitness: [6176.736099343281 1537.938840816627]
2
duration: 100.0
Generation 24 elapsed 100.0 seconds.
Generation 25
Preselection cleared number: 1793
MPSLGP task-balanced survival counts: [task 0=334, task 1=333, task 2=333]
Subpop 0 reduced 5000 -> 1000
ideal points: [4850.307643885683, 1102.4479490047875]
nadir points: [7467.536733995425, 1844.190048513643]
max objectives: [48686.67245884449, 16896.630140915717]
min objectives: [5389.230715428537, 1224.9421655608749]
HVOfIntermedidatePopPSL: DoubleSummaryStatistics{count=1000, sum=770.870168, min=0.000000, average=0.770870, max=0.987245}
preferenceDiversityPopAll: DoubleSummaryStatistics{count=1000, sum=5.042312, min=0.000000, average=0.005042, max=0.106158}
Genotype diversity: 1.0
Entropy diversity: 6.227268898346076
PC diversity: 0.979
MPSLGP top 5 HV by task at generation 25:
  Task 0: #1 ind=5 HV=0.9791987073991101; #2 ind=19 HV=0.9713552839818699; #3 ind=34 HV=0.9712739424353496; #4 ind=8 HV=0.9674931420077216; #5 ind=85 HV=0.9674628253862096
  Task 1: #1 ind=0 HV=0.9872452123971485; #2 ind=1 HV=0.9868583444717278; #3 ind=2 HV=0.9867732398018572; #4 ind=3 HV=0.9866881560211797; #5 ind=4 HV=0.9866030931218164
  Task 2: #1 ind=15 HV=0.9780490882300313; #2 ind=16 HV=0.976457734533389; #3 ind=17 HV=0.975995991567947; #4 ind=31 HV=0.9743677950855566; #5 ind=18 HV=0.9742877457209614

Pareto Front of Subpopulation 25
Objective 0: [5389.230715428537, 5482.137824651378, 5493.345490078325, 5607.868226518214, 5607.868226518214, 5607.868226518214, 5607.868226518214, 5607.868226518214, 5941.350097974413, 6435.638909047528, 6481.6130957031855, 6493.650710646645, 6725.99559658434, 7279.645251493959, 7467.536733995425]
Objective 1: [1844.190048513643, 1787.336371401616, 1748.8286071395996, 1349.7189703851618, 1349.7189703851618, 1349.7189703851618, 1349.7189703851618, 1349.7189703851618, 1344.6913654939272, 1342.8645229619287, 1304.2057243563904, 1243.01707567033, 1242.4032792049838, 1231.0109405049152, 1224.9421655608749]
MPSLGP task 0 best fitness of generation Fitness: [5941.350097974413 1344.6913654939272]
MPSLGP task 1 best fitness of generation Fitness: [5607.868226518214 1349.7189703851618]
MPSLGP task 2 best fitness of generation Fitness: [6493.650710646645 1243.01707567033]
2
duration: 97.0
Generation 25 elapsed 97.0 seconds.
Generation 26
Preselection cleared number: 1795
MPSLGP task-balanced survival counts: [task 0=334, task 1=333, task 2=333]
Subpop 0 reduced 5000 -> 1000
ideal points: [4662.131592982169, 865.4707006841724]
nadir points: [6246.932926006324, 1444.310453975966]
max objectives: [357578.42478139093, 88932.60619534773]
min objectives: [5180.1462144246325, 961.6341118713026]
HVOfIntermedidatePopPSL: DoubleSummaryStatistics{count=1000, sum=933.203911, min=0.000000, average=0.933204, max=0.998337}
preferenceDiversityPopAll: DoubleSummaryStatistics{count=1000, sum=8.515125, min=0.000000, average=0.008515, max=0.126207}
Genotype diversity: 1.0
Entropy diversity: 6.660735946766559
PC diversity: 0.967
MPSLGP top 5 HV by task at generation 26:
  Task 0: #1 ind=2 HV=0.9976969400345842; #2 ind=3 HV=0.997677780085502; #3 ind=6 HV=0.9974178079947117; #4 ind=7 HV=0.9974036683783082; #5 ind=23 HV=0.9970903631093964
  Task 1: #1 ind=48 HV=0.9980499604212132; #2 ind=5 HV=0.9974405784148649; #3 ind=22 HV=0.9971756589476211; #4 ind=29 HV=0.9969379039188314; #5 ind=8 HV=0.9969094060653737
  Task 2: #1 ind=17 HV=0.9983373082346232; #2 ind=0 HV=0.9980072284523516; #3 ind=1 HV=0.9980051003819754; #4 ind=28 HV=0.9978011793871292; #5 ind=4 HV=0.9976419615293461

Pareto Front of Subpopulation 26
Objective 0: [5180.1462144246325, 5238.590252149326, 5246.128243761952, 5284.912925832847, 5288.030972747714, 5288.030972747714, 5374.185770010983, 5439.184995219548, 5477.521731858316, 5566.6526642510435, 5737.998529417906, 5866.559889440774, 6135.871084366285, 6148.86201672809, 6159.043023194186, 6166.993908503326, 6246.932926006324]
Objective 1: [1444.310453975966, 1292.1421643046197, 1207.0121086159634, 1194.312943022931, 1153.2102479366295, 1153.2102479366295, 1113.248810618621, 1096.3760034951265, 1060.4838439767045, 1039.2937899493627, 1021.3345649220137, 1009.3020143778122, 991.5770642393036, 989.4214051244489, 986.4816205483658, 980.045803760644, 961.6341118713026]
2
duration: 98.0
MPSLGP task 0 best fitness of generation Fitness: [5737.998529417906 1021.3345649220137]
MPSLGP task 1 best fitness of generation Fitness: [5866.559889440774 1009.3020143778122]
MPSLGP task 2 best fitness of generation Fitness: [5566.6526642510435 1039.2937899493627]
Generation 26 elapsed 98.0 seconds.
Generation 27
Preselection cleared number: 1986
MPSLGP task-balanced survival counts: [task 0=334, task 1=333, task 2=333]
Subpop 0 reduced 5000 -> 1000
ideal points: [4948.622759619774, 1162.583680825727]
nadir points: [7510.088491130329, 2244.6579883393715]
max objectives: [38285.5799475644, 8911.3949868911]
min objectives: [5498.46973291086, 1291.759645361919]
HVOfIntermedidatePopPSL: DoubleSummaryStatistics{count=1000, sum=824.516631, min=0.000000, average=0.824517, max=0.969984}
preferenceDiversityPopAll: DoubleSummaryStatistics{count=1000, sum=3.000060, min=0.000000, average=0.003000, max=0.123661}
Genotype diversity: 1.0
Entropy diversity: 6.8522250860669915
PC diversity: 0.979
MPSLGP top 5 HV by task at generation 27:
  Task 0: #1 ind=13 HV=0.9699842380583917; #2 ind=3 HV=0.9519758932565626; #3 ind=4 HV=0.9468339649094183; #4 ind=36 HV=0.9428535180675481; #5 ind=37 HV=0.9428147725367172
  Task 1: #1 ind=14 HV=0.9562198945242861; #2 ind=1 HV=0.9556713326794988; #3 ind=18 HV=0.9493496823054317; #4 ind=19 HV=0.948576457010605; #5 ind=5 HV=0.9459470280234253
  Task 2: #1 ind=0 HV=0.9614080973069382; #2 ind=15 HV=0.9542629731001067; #3 ind=2 HV=0.9531776691409666; #4 ind=16 HV=0.9527321933211237; #5 ind=17 HV=0.9515296153156829

Pareto Front of Subpopulation 27
Objective 0: [5498.46973291086, 5600.419806691993, 5766.813034721301, 5879.937966789992, 6016.745991838281, 6471.2357901559735, 6495.059307555901, 6686.086744082801, 6939.363797569531, 7128.351305141288, 7189.937419132795, 7423.314391125517, 7510.088491130329]
Objective 1: [2244.6579883393715, 1721.703300285837, 1639.8884087737824, 1551.5247888650774, 1465.8039187462273, 1465.7248098211421, 1400.0581102302167, 1381.4768738737112, 1365.1121669889399, 1355.1934951177027, 1333.449951161565, 1329.9254509567982, 1291.759645361919]
2
duration: 100.0
MPSLGP task 0 best fitness of generation Fitness: [6686.086744082801 1381.4768738737112]
MPSLGP task 1 best fitness of generation Fitness: [6495.059307555901 1400.0581102302167]
MPSLGP task 2 best fitness of generation Fitness: [6016.745991838281 1465.8039187462273]
Generation 27 elapsed 100.0 seconds.
Generation 28
Preselection cleared number: 2199
MPSLGP task-balanced survival counts: [task 0=334, task 1=333, task 2=333]
Subpop 0 reduced 5000 -> 1000
ideal points: [4478.457060343566, 813.2883973890305]
nadir points: [6225.027080434142, 1147.798398685205]
max objectives: [37820.14328510035, 14046.168522388354]
min objectives: [4976.0634003817395, 903.6537748767005]
HVOfIntermedidatePopPSL: DoubleSummaryStatistics{count=1000, sum=885.143136, min=0.000000, average=0.885143, max=0.984327}
preferenceDiversityPopAll: DoubleSummaryStatistics{count=1000, sum=4.734854, min=0.000000, average=0.004735, max=0.121155}
Genotype diversity: 1.0
Entropy diversity: 6.849490812807074
PC diversity: 0.974
MPSLGP top 5 HV by task at generation 28:
  Task 0: #1 ind=3 HV=0.9809983836943198; #2 ind=29 HV=0.978492578410241; #3 ind=7 HV=0.9776262214148608; #4 ind=30 HV=0.9760248105000559; #5 ind=15 HV=0.9759021737030473
  Task 1: #1 ind=12 HV=0.9820708461483576; #2 ind=6 HV=0.9785502562877285; #3 ind=47 HV=0.9731590441201671; #4 ind=64 HV=0.970671691285492; #5 ind=50 HV=0.969622905967935
  Task 2: #1 ind=0 HV=0.9843266855424005; #2 ind=1 HV=0.983959519110625; #3 ind=2 HV=0.9817468697009432; #4 ind=4 HV=0.9808330150696427; #5 ind=5 HV=0.9805991201598419

Pareto Front of Subpopulation 28
Objective 0: [4976.0634003817395, 5173.0555701947305, 5180.932010380668, 5229.312926980201, 5249.016739089042, 5297.576330476499, 5384.262352730206, 5574.29446694185, 5656.934404606989, 5730.807887978852, 5917.022437387146, 6225.027080434142]
Objective 1: [1147.798398685205, 1106.5869072477217, 1066.444459896593, 1047.718605773989, 1003.3390495799904, 980.3700793621538, 977.0255431293044, 940.0394802193186, 928.5227430025261, 919.0474464056897, 904.3332205961924, 903.6537748767005]
2
duration: 101.0
MPSLGP task 0 best fitness of generation Fitness: [5229.312926980201 1047.718605773989]
MPSLGP task 1 best fitness of generation Fitness: [5574.29446694185 940.0394802193186]
MPSLGP task 2 best fitness of generation Fitness: [5297.576330476499 980.3700793621538]
Generation 28 elapsed 101.0 seconds.
Generation 29
Preselection cleared number: 2118
MPSLGP task-balanced survival counts: [task 0=334, task 1=333, task 2=333]
Subpop 0 reduced 5000 -> 1000
ideal points: [4730.596998622804, 1103.9045516096667]
nadir points: [7474.876864357619, 1761.4294216489652]
max objectives: [28374.80181886151, 10240.586903927411]
min objectives: [5256.218887358671, 1226.5606128996296]
HVOfIntermedidatePopPSL: DoubleSummaryStatistics{count=1000, sum=821.028575, min=0.000000, average=0.821029, max=0.977581}
preferenceDiversityPopAll: DoubleSummaryStatistics{count=1000, sum=2.366845, min=0.000000, average=0.002367, max=0.125194}
Genotype diversity: 1.0
Entropy diversity: 6.8691723583359385
PC diversity: 0.993
MPSLGP top 5 HV by task at generation 29:
  Task 0: #1 ind=13 HV=0.9551817094965621; #2 ind=5 HV=0.9518544550644376; #3 ind=16 HV=0.9505121593725291; #4 ind=17 HV=0.9497154165805579; #5 ind=19 HV=0.9457508890150901
  Task 1: #1 ind=33 HV=0.9775811540081085; #2 ind=0 HV=0.9650408882893529; #3 ind=12 HV=0.9574465620526647; #4 ind=6 HV=0.9509633024029522; #5 ind=7 HV=0.9499255010051876
  Task 2: #1 ind=1 HV=0.9604696875336043; #2 ind=34 HV=0.9584759666005896; #3 ind=2 HV=0.9563628575107971; #4 ind=3 HV=0.9550244127367169; #5 ind=14 HV=0.9544005264262582

Pareto Front of Subpopulation 29
Objective 0: [5256.218887358671, 5415.290547279059, 5611.1118887370685, 5742.361629416235, 5849.877267990611, 5914.341079589911, 5990.003639928647, 6039.797207446245, 6178.951071102172, 6868.366804588004, 6984.444927143981, 7474.876864357619]
Objective 1: [1761.4294216489652, 1480.0940882777504, 1443.9352087241714, 1429.4283737247752, 1427.788080564671, 1385.738967923564, 1376.902558867907, 1320.5099366508657, 1309.821974226943, 1300.7523952267366, 1261.2854929138557, 1226.5606128996296]
2
duration: 101.0
MPSLGP task 0 best fitness of generation Fitness: [5849.877267990611 1427.788080564671]
MPSLGP task 1 best fitness of generation Fitness: [5415.290547279059 1480.0940882777504]
MPSLGP task 2 best fitness of generation Fitness: [5611.1118887370685 1443.9352087241714]
Generation 29 elapsed 101.0 seconds.
Generation 30
Preselection cleared number: 1934
MPSLGP task-balanced survival counts: [task 0=334, task 1=333, task 2=333]
Subpop 0 reduced 5000 -> 1000
ideal points: [4706.7590312323655, 924.398769080441]
nadir points: [6748.438973690849, 1346.8583822670626]
max objectives: [27023.22673520376, 12218.752053431439]
min objectives: [5229.73225692485, 1027.1097434227122]
HVOfIntermedidatePopPSL: DoubleSummaryStatistics{count=1000, sum=811.397101, min=0.000000, average=0.811397, max=0.978692}
preferenceDiversityPopAll: DoubleSummaryStatistics{count=1000, sum=2.465016, min=0.000000, average=0.002465, max=0.130555}
Genotype diversity: 1.0
Entropy diversity: 6.7877785301056015
PC diversity: 0.998
MPSLGP top 5 HV by task at generation 30:
  Task 0: #1 ind=0 HV=0.9786915487368746; #2 ind=1 HV=0.9745332720011258; #3 ind=5 HV=0.9689582698893165; #4 ind=31 HV=0.9671003713846944; #5 ind=17 HV=0.9662943567633026
  Task 1: #1 ind=11 HV=0.9730217925675116; #2 ind=12 HV=0.9728923729232302; #3 ind=13 HV=0.9727629995090838; #4 ind=15 HV=0.9719650631292537; #5 ind=3 HV=0.971228876938336
  Task 2: #1 ind=14 HV=0.9722244676975167; #2 ind=2 HV=0.971300896558977; #3 ind=33 HV=0.9655836419831666; #4 ind=34 HV=0.9647962419041269; #5 ind=35 HV=0.9646812205824432

Pareto Front of Subpopulation 30
Objective 0: [5229.73225692485, 5388.083570550312, 5427.006227485021, 5638.5007125794655, 5649.588206220185, 5685.173921213776, 5911.345927983057, 6198.888725352706, 6310.755612673005, 6719.025845339056, 6748.438973690849]
Objective 1: [1346.8583822670626, 1227.9049069165485, 1162.5770587910374, 1159.8669565206, 1129.6687346716935, 1115.6608112535905, 1062.650371577969, 1062.4158848541265, 1046.7462514007348, 1035.4986082522082, 1027.1097434227122]
2
duration: 100.0
MPSLGP task 0 best fitness of generation Fitness: [5427.006227485021 1162.5770587910374]
MPSLGP task 1 best fitness of generation Fitness: [5649.588206220185 1129.6687346716935]
MPSLGP task 2 best fitness of generation Fitness: [5229.73225692485 1346.8583822670626]
Generation 30 elapsed 100.0 seconds.
Generation 31
Preselection cleared number: 1996
MPSLGP task-balanced survival counts: [task 0=334, task 1=333, task 2=333]
Subpop 0 reduced 5000 -> 1000
ideal points: [4644.773033543502, 948.1964061050854]
nadir points: [6666.9778426548, 1423.4739615005965]
max objectives: [17066.065276639318, 10652.367144904485]
min objectives: [5160.858926159446, 1053.5515623389838]
HVOfIntermedidatePopPSL: DoubleSummaryStatistics{count=1000, sum=810.804393, min=0.000000, average=0.810804, max=0.971894}
preferenceDiversityPopAll: DoubleSummaryStatistics{count=1000, sum=1.928100, min=0.000000, average=0.001928, max=0.137443}
Genotype diversity: 1.0
Entropy diversity: 6.865730326539266
PC diversity: 0.994
MPSLGP top 5 HV by task at generation 31:
  Task 0: #1 ind=1 HV=0.9657906902049107; #2 ind=12 HV=0.9645947225952707; #3 ind=5 HV=0.9611080097019913; #4 ind=17 HV=0.9574004250675981; #5 ind=25 HV=0.9558947667050957
  Task 1: #1 ind=11 HV=0.9663500137567397; #2 ind=4 HV=0.9619621667096051; #3 ind=65 HV=0.9580403394202608; #4 ind=22 HV=0.9566244815338748; #5 ind=23 HV=0.956509737764355
  Task 2: #1 ind=0 HV=0.9718936899701328; #2 ind=2 HV=0.9654893245926621; #3 ind=3 HV=0.9650370047048662; #4 ind=21 HV=0.9608865193611892; #5 ind=13 HV=0.9601852598440715

Pareto Front of Subpopulation 31
Objective 0: [5160.858926159446, 5208.138018017868, 5312.539566160529, 5367.576357970596, 5406.102251719101, 5492.382912887377, 5834.366326937452, 5856.721385998302, 6348.451834963984, 6591.803473014268, 6666.9778426548]
Objective 1: [1423.4739615005965, 1284.4075735235529, 1257.0781404566078, 1214.0766877817296, 1185.5778897985874, 1143.6463540182049, 1107.0442336277738, 1080.688063235255, 1080.6218182156626, 1061.9959422171669, 1053.5515623389838]
MPSLGP task 0 best fitness of generation Fitness: [5312.539566160529 1257.0781404566078]
MPSLGP task 1 best fitness of generation Fitness: [5492.382912887377 1143.6463540182049]
MPSLGP task 2 best fitness of generation Fitness: [5208.138018017868 1284.4075735235529]
2
duration: 103.0
Generation 31 elapsed 103.0 seconds.
Generation 32
Preselection cleared number: 2009
MPSLGP task-balanced survival counts: [task 0=334, task 1=333, task 2=333]
Subpop 0 reduced 5000 -> 1000
ideal points: [4807.946734542871, 1016.0664131877915]
nadir points: [6891.850725279073, 1360.5174755462504]
max objectives: [29941.236171749886, 13851.58848368586]
min objectives: [5342.163038380968, 1128.9626813197683]
HVOfIntermedidatePopPSL: DoubleSummaryStatistics{count=1000, sum=858.181901, min=0.000000, average=0.858182, max=0.980876}
preferenceDiversityPopAll: DoubleSummaryStatistics{count=1000, sum=1.653717, min=0.000000, average=0.001654, max=0.136163}
Genotype diversity: 1.0
Entropy diversity: 6.871867973596552
PC diversity: 0.99
MPSLGP top 5 HV by task at generation 32:
  Task 0: #1 ind=8 HV=0.9720113753157856; #2 ind=14 HV=0.9675747074777677; #3 ind=30 HV=0.9600158586953472; #4 ind=18 HV=0.9575541183175925; #5 ind=66 HV=0.9558402009922979
  Task 1: #1 ind=1 HV=0.9790125503307346; #2 ind=2 HV=0.9768014753478056; #3 ind=11 HV=0.9700539444214594; #4 ind=12 HV=0.9689642838251712; #5 ind=16 HV=0.967295682275823
  Task 2: #1 ind=0 HV=0.9808757202317374; #2 ind=3 HV=0.9746102137067539; #3 ind=4 HV=0.9728961812938107; #4 ind=9 HV=0.9706501138772354; #5 ind=10 HV=0.9705175688999006

Pareto Front of Subpopulation 32
Objective 0: [5342.163038380968, 5536.8299341541715, 5648.642645059153, 5652.839000342414, 5832.222133556788, 6287.228821603814, 6891.592087839497, 6891.850725279073]
Objective 1: [1360.5174755462504, 1342.7948959620262, 1308.791257481702, 1229.2087322127772, 1165.5037838347343, 1148.215211646806, 1135.845137957629, 1128.9626813197683]
2
duration: 102.0
MPSLGP task 0 best fitness of generation Fitness: [6891.850725279073 1128.9626813197683]
MPSLGP task 1 best fitness of generation Fitness: [5652.839000342414 1229.2087322127772]
MPSLGP task 2 best fitness of generation Fitness: [5342.163038380968 1360.5174755462504]
Generation 32 elapsed 102.0 seconds.
Generation 33
Preselection cleared number: 1913
MPSLGP task-balanced survival counts: [task 0=334, task 1=333, task 2=333]
Subpop 0 reduced 5000 -> 1000
ideal points: [4604.2121736809495, 1023.4264404545328]
nadir points: [6461.852549668518, 1695.48578480805]
max objectives: [16951.301897398487, 9093.577520074075]
min objectives: [5115.791304089944, 1137.1404893939252]
HVOfIntermedidatePopPSL: DoubleSummaryStatistics{count=1000, sum=780.242039, min=0.000000, average=0.780242, max=0.969041}
preferenceDiversityPopAll: DoubleSummaryStatistics{count=1000, sum=1.405477, min=0.000000, average=0.001405, max=0.090419}
Genotype diversity: 1.0
Entropy diversity: 6.881048785980626
PC diversity: 0.984
MPSLGP top 5 HV by task at generation 33:
  Task 0: #1 ind=1 HV=0.956263872234298; #2 ind=16 HV=0.9449685875196858; #3 ind=6 HV=0.9435552611082524; #4 ind=18 HV=0.9422744090371739; #5 ind=19 HV=0.9404103742336114
  Task 1: #1 ind=0 HV=0.9690407480314092; #2 ind=3 HV=0.9534179977502512; #3 ind=4 HV=0.9521781575701078; #4 ind=5 HV=0.9507717774675557; #5 ind=17 HV=0.9434876544739073
  Task 2: #1 ind=2 HV=0.953486830354315; #2 ind=13 HV=0.9510933779968421; #3 ind=14 HV=0.9485513724216814; #4 ind=15 HV=0.9472295806619526; #5 ind=20 HV=0.9402669754151575

Pareto Front of Subpopulation 33
Objective 0: [5115.791304089944, 5150.512686678179, 5186.724415825447, 5194.588517434662, 5195.37134027225, 5406.315816825489, 5449.29104046314, 5515.609233584459, 5551.615240026527, 5808.773521642288, 5810.058306621868, 5870.515004616522, 6461.852549668518]
Objective 1: [1695.48578480805, 1649.4624281568395, 1524.101657877829, 1418.437624322134, 1316.8411065557666, 1303.5411651175455, 1286.7690154872835, 1254.6984276988587, 1209.6511723114236, 1197.6071534454313, 1163.0051646834836, 1141.3879093237774, 1137.1404893939252]
2
duration: 102.0
MPSLGP task 0 best fitness of generation Fitness: [5194.588517434662 1418.437624322134]
MPSLGP task 1 best fitness of generation Fitness: [5195.37134027225 1316.8411065557666]
MPSLGP task 2 best fitness of generation Fitness: [5406.315816825489 1303.5411651175455]
Generation 33 elapsed 102.0 seconds.
Generation 34
Preselection cleared number: 1903
MPSLGP task-balanced survival counts: [task 0=334, task 1=333, task 2=333]
Subpop 0 reduced 5000 -> 1000
ideal points: [4710.787882237346, 939.5690195796502]
nadir points: [6453.125257727224, 1379.313792210247]
max objectives: [24180.38962845935, 8304.798522686586]
min objectives: [5234.2087580414955, 1043.9655773107224]
HVOfIntermedidatePopPSL: DoubleSummaryStatistics{count=1000, sum=807.152965, min=0.000000, average=0.807153, max=0.981575}
preferenceDiversityPopAll: DoubleSummaryStatistics{count=1000, sum=0.719169, min=0.000000, average=0.000719, max=0.069331}
Genotype diversity: 1.0
Entropy diversity: 6.827283383360546
PC diversity: 0.997
MPSLGP top 5 HV by task at generation 34:
  Task 0: #1 ind=3 HV=0.9626724635609735; #2 ind=27 HV=0.9575434582521731; #3 ind=28 HV=0.9568551469118275; #4 ind=62 HV=0.9458229337161241; #5 ind=63 HV=0.9456239849384198
  Task 1: #1 ind=0 HV=0.9815753967020604; #2 ind=1 HV=0.9708524282565164; #3 ind=9 HV=0.9693617960494297; #4 ind=10 HV=0.9668830295258077; #5 ind=2 HV=0.9656878230710806
  Task 2: #1 ind=13 HV=0.9630949613465145; #2 ind=14 HV=0.9626942459802242; #3 ind=4 HV=0.9613157010864434; #4 ind=24 HV=0.9607488899025776; #5 ind=15 HV=0.9589913261569637

Pareto Front of Subpopulation 34
Objective 0: [5234.2087580414955, 5260.2350294272765, 5274.004125168314, 5337.437328584492, 5360.259335704148, 5470.40425617306, 5502.980587289669, 6268.509831103904, 6453.125257727224]
Objective 1: [1379.313792210247, 1313.9505276415148, 1296.3862832954765, 1281.6885602187685, 1203.0798433602322, 1195.3001381792856, 1066.9757455300278, 1055.5001529234141, 1043.9655773107224]
2
duration: 103.0
MPSLGP task 0 best fitness of generation Fitness: [5274.004125168314 1296.3862832954765]
MPSLGP task 1 best fitness of generation Fitness: [5502.980587289669 1066.9757455300278]
MPSLGP task 2 best fitness of generation Fitness: [5260.2350294272765 1313.9505276415148]
Generation 34 elapsed 103.0 seconds.
Generation 35
Preselection cleared number: 1918
MPSLGP task-balanced survival counts: [task 0=334, task 1=333, task 2=333]
Subpop 0 reduced 5000 -> 1000
ideal points: [4606.860549949008, 821.3467707536169]
nadir points: [6281.021727478947, 1206.2202081518117]
max objectives: [27307.845033347898, 6719.53465093064]
min objectives: [5118.733944387786, 912.6075230595743]
HVOfIntermedidatePopPSL: DoubleSummaryStatistics{count=1000, sum=819.226097, min=0.000000, average=0.819226, max=0.979428}
preferenceDiversityPopAll: DoubleSummaryStatistics{count=1000, sum=0.391937, min=0.000000, average=0.000392, max=0.046902}
Genotype diversity: 1.0
Entropy diversity: 6.837751882201815
PC diversity: 1.0
MPSLGP top 5 HV by task at generation 35:
  Task 0: #1 ind=28 HV=0.9613785481538317; #2 ind=29 HV=0.9592612312621749; #3 ind=48 HV=0.9531272912408715; #4 ind=50 HV=0.9521425918486097; #5 ind=52 HV=0.9513913558102095
  Task 1: #1 ind=0 HV=0.9794282492952429; #2 ind=1 HV=0.9783912091249918; #3 ind=2 HV=0.9782414490518266; #4 ind=3 HV=0.975547379362755; #5 ind=5 HV=0.974023103683455
  Task 2: #1 ind=4 HV=0.9742512297879146; #2 ind=14 HV=0.9697683769978895; #3 ind=19 HV=0.9644072695172418; #4 ind=8 HV=0.9641263742175095; #5 ind=9 HV=0.959227062637142

Pareto Front of Subpopulation 35
Objective 0: [5118.733944387786, 5133.457887604483, 5202.479871100426, 5229.089328544767, 5281.211716666294, 5285.72215850756, 5424.115604956227, 5487.2696597069735, 5510.581365174032, 5552.382145999756, 5756.072443944984, 5958.726609941572, 6281.021727478947]
Objective 1: [1206.2202081518117, 1155.7426474469248, 1096.1484943123287, 1004.7992069007742, 990.9190490912588, 981.5567007960199, 974.5631735257921, 958.1552206444176, 941.5854610680981, 938.2873091564688, 916.3203259597067, 915.2662745353446, 912.6075230595743]
2
duration: 106.0
MPSLGP task 0 best fitness of generation Fitness: [5118.733944387786 1206.2202081518117]
MPSLGP task 1 best fitness of generation Fitness: [5285.72215850756 981.5567007960199]
MPSLGP task 2 best fitness of generation Fitness: [5424.115604956227 974.5631735257921]
Generation 35 elapsed 106.0 seconds.
Generation 36
Preselection cleared number: 1988
MPSLGP task-balanced survival counts: [task 0=334, task 1=333, task 2=333]
Subpop 0 reduced 5000 -> 1000
ideal points: [4593.0311549056905, 1017.5429134611971]
nadir points: [6566.508764632512, 1353.4722861580958]
max objectives: [21806.024564146705, 4889.77470927035]
min objectives: [5103.3679498952115, 1130.603237179108]
HVOfIntermedidatePopPSL: DoubleSummaryStatistics{count=1000, sum=746.168798, min=0.000000, average=0.746169, max=0.947426}
preferenceDiversityPopAll: DoubleSummaryStatistics{count=1000, sum=0.679708, min=0.000000, average=0.000680, max=0.104592}
Genotype diversity: 1.0
Entropy diversity: 6.881956839330074
PC diversity: 1.0
MPSLGP top 5 HV by task at generation 36:
  Task 0: #1 ind=12 HV=0.9323201591970002; #2 ind=17 HV=0.9185140412730168; #3 ind=48 HV=0.9171968807777371; #4 ind=19 HV=0.9159132570091333; #5 ind=51 HV=0.9082780317240601
  Task 1: #1 ind=0 HV=0.9474261558566911; #2 ind=1 HV=0.9409392127083425; #3 ind=2 HV=0.9404431520489079; #4 ind=3 HV=0.9404226034063186; #5 ind=4 HV=0.9383608057859568
  Task 2: #1 ind=5 HV=0.9379622960516877; #2 ind=7 HV=0.9314548284480013; #3 ind=15 HV=0.9301109345247126; #4 ind=9 HV=0.9266630920963825; #5 ind=16 HV=0.9233801983324436

Pareto Front of Subpopulation 36
Objective 0: [5103.3679498952115, 5558.853647230542, 5576.62937521463, 5640.214206042234, 5671.078163229162, 5695.138489641133, 5726.0054761553765, 5841.799897647405, 5994.472249295795, 6138.680498319212, 6381.135484811908, 6566.508764632512]
Objective 1: [1353.4722861580958, 1306.4027867296245, 1293.2165765748214, 1232.4645082992938, 1232.4305225319113, 1227.3637365861214, 1182.057508312544, 1179.5621140331787, 1156.091840455425, 1144.9369364880113, 1131.1322760529874, 1130.603237179108]
2
duration: 107.0
MPSLGP task 0 best fitness of generation Fitness: [5737.789368375088 1221.3469821171602]
MPSLGP task 1 best fitness of generation Fitness: [5726.0054761553765 1182.057508312544]
MPSLGP task 2 best fitness of generation Fitness: [5695.138489641133 1227.3637365861214]
Generation 36 elapsed 107.0 seconds.
Generation 37
Preselection cleared number: 1897
MPSLGP task-balanced survival counts: [task 0=334, task 1=333, task 2=333]
Subpop 0 reduced 5000 -> 1000
ideal points: [4660.884471104458, 1101.7945471117127]
nadir points: [7354.170441105496, 1954.2147703491792]
max objectives: [63256.59935583756, 30495.779834666813]
min objectives: [5178.760523449397, 1224.2161634574586]
HVOfIntermedidatePopPSL: DoubleSummaryStatistics{count=1000, sum=926.291261, min=0.000000, average=0.926291, max=0.987225}
preferenceDiversityPopAll: DoubleSummaryStatistics{count=1000, sum=0.657032, min=0.000000, average=0.000657, max=0.063860}
Genotype diversity: 1.0
Entropy diversity: 6.896935500697844
PC diversity: 1.0
MPSLGP top 5 HV by task at generation 37:
  Task 0: #1 ind=0 HV=0.9872247196752403; #2 ind=6 HV=0.9837643224899341; #3 ind=42 HV=0.9821900772981617; #4 ind=24 HV=0.9814534166330288; #5 ind=10 HV=0.981428210903607
  Task 1: #1 ind=1 HV=0.9869699705583146; #2 ind=2 HV=0.9862322397465243; #3 ind=3 HV=0.9855530179968618; #4 ind=5 HV=0.984776965674892; #5 ind=18 HV=0.9846743226969172
  Task 2: #1 ind=4 HV=0.9854602389258627; #2 ind=8 HV=0.9829688066847468; #3 ind=153 HV=0.9828256245387015; #4 ind=9 HV=0.98260102493725; #5 ind=44 HV=0.9813205081336415

Pareto Front of Subpopulation 37
Objective 0: [5178.760523449397, 5280.119439538568, 5317.839155410184, 5328.332567768841, 5385.941756282846, 5414.512250869186, 5450.307071869727, 5466.786101945327, 5491.931616074347, 5596.5275819542585, 5606.025313570281, 5659.991861332674, 5784.089568253723, 5915.923370762495, 6241.336165858433, 6276.991816194844, 7111.157976865186, 7354.170441105496]
Objective 1: [1954.2147703491792, 1748.104077764874, 1712.091300305823, 1687.8146381016704, 1612.393644845637, 1607.4710882788058, 1553.879054696532, 1514.3418663265766, 1428.1538108363748, 1425.9977334154246, 1375.1635007373116, 1368.181993109727, 1323.8980581896321, 1310.593826235854, 1271.3909938378201, 1264.0232404184935, 1235.7948756605329, 1224.2161634574586]
MPSLGP task 0 best fitness of generation Fitness: [5491.931616074347 1428.1538108363748]
MPSLGP task 1 best fitness of generation Fitness: [5606.025313570281 1375.1635007373116]
MPSLGP task 2 best fitness of generation Fitness: [5596.5275819542585 1425.9977334154246]
2
duration: 105.0
Generation 37 elapsed 105.0 seconds.
Generation 38
Preselection cleared number: 1837
MPSLGP task-balanced survival counts: [task 0=334, task 1=333, task 2=333]
Subpop 0 reduced 5000 -> 1000
ideal points: [4712.689202353055, 1139.023607295078]
nadir points: [7067.570887636626, 4196.103246122249]
max objectives: [37565.84794317681, 9259.461985794202]
min objectives: [5236.3213359478395, 1265.5817858834198]
HVOfIntermedidatePopPSL: DoubleSummaryStatistics{count=1000, sum=835.847350, min=0.000000, average=0.835847, max=0.970255}
preferenceDiversityPopAll: DoubleSummaryStatistics{count=1000, sum=0.661442, min=0.000000, average=0.000661, max=0.062265}
Genotype diversity: 1.0
Entropy diversity: 6.881378430981472
PC diversity: 1.0
MPSLGP top 5 HV by task at generation 38:
  Task 0: #1 ind=1 HV=0.9665763984631718; #2 ind=22 HV=0.9456342391348362; #3 ind=39 HV=0.9423377663151562; #4 ind=76 HV=0.9421274783041191; #5 ind=40 HV=0.9409926693370373
  Task 1: #1 ind=0 HV=0.9702554488804984; #2 ind=2 HV=0.9656157681255365; #3 ind=15 HV=0.9642832577619168; #4 ind=4 HV=0.9619563132217215; #5 ind=16 HV=0.9619190317832879
  Task 2: #1 ind=3 HV=0.9652995740092052; #2 ind=17 HV=0.9604136572979296; #3 ind=32 HV=0.9517506178571603; #4 ind=47 HV=0.9474283131690115; #5 ind=74 HV=0.9473274226233068

Pareto Front of Subpopulation 38
Objective 0: [5236.3213359478395, 5243.064007945039, 5312.824591318145, 5371.083236576989, 5422.469691854902, 5436.478518821765, 5440.910651802318, 5446.676302741049, 5467.267898465565, 5752.217130100238, 5883.233048116235, 5905.750592405617, 6041.570646196837, 6534.719781414315, 7067.570887636626]
Objective 1: [4196.103246122249, 2327.7256626887392, 2180.552286927341, 1913.3338503005507, 1872.666255586635, 1599.754898086132, 1527.6688408113405, 1472.680594405916, 1436.7980723013898, 1433.0655714003951, 1425.6487001221249, 1365.2859406770003, 1327.4143432023411, 1306.5413836833468, 1265.5817858834198]
MPSLGP task 0 best fitness of generation Fitness: [5446.676302741049 1472.680594405916]
MPSLGP task 1 best fitness of generation Fitness: [5467.267898465565 1436.7980723013898]
MPSLGP task 2 best fitness of generation Fitness: [5905.750592405617 1365.2859406770003]
2
duration: 107.0
Generation 38 elapsed 107.0 seconds.
Generation 39
Preselection cleared number: 1914
MPSLGP task-balanced survival counts: [task 0=334, task 1=333, task 2=333]
Subpop 0 reduced 5000 -> 1000
ideal points: [4660.81359837497, 927.679652312812]
nadir points: [5970.729687322164, 1235.5460041654878]
max objectives: [32023.84986975696, 16398.951202522498]
min objectives: [5178.681775972189, 1030.7551692364577]
HVOfIntermedidatePopPSL: DoubleSummaryStatistics{count=1000, sum=863.583108, min=0.000000, average=0.863583, max=0.986574}
preferenceDiversityPopAll: DoubleSummaryStatistics{count=1000, sum=0.943546, min=0.000000, average=0.000944, max=0.071499}
Genotype diversity: 1.0
Entropy diversity: 6.84243401342894
PC diversity: 1.0
MPSLGP top 5 HV by task at generation 39:
  Task 0: #1 ind=21 HV=0.9757989078615306; #2 ind=23 HV=0.9731956113058101; #3 ind=38 HV=0.9698601758461309; #4 ind=40 HV=0.9683236522793108; #5 ind=31 HV=0.9680155085079654
  Task 1: #1 ind=0 HV=0.9865742976619621; #2 ind=2 HV=0.9823605453812364; #3 ind=6 HV=0.9797989455610855; #4 ind=3 HV=0.9791667630757253; #5 ind=4 HV=0.9791254408841892
  Task 2: #1 ind=1 HV=0.9836660483750264; #2 ind=7 HV=0.978789279555185; #3 ind=9 HV=0.9785102648263662; #4 ind=10 HV=0.9784617365316436; #5 ind=12 HV=0.9765661199989486

Pareto Front of Subpopulation 39
Objective 0: [5178.681775972189, 5362.401518470608, 5473.717592356785, 5497.788986953965, 5524.208283547487, 5970.729687322164]
Objective 1: [1235.5460041654878, 1194.7285898130358, 1179.7249089953766, 1163.727146348363, 1076.8856842275272, 1030.7551692364577]
2
duration: 106.0
MPSLGP task 0 best fitness of generation Fitness: [5199.777654699981 2044.7774803884677]
MPSLGP task 1 best fitness of generation Fitness: [5178.681775972189 1235.5460041654878]
MPSLGP task 2 best fitness of generation Fitness: [5524.208283547487 1076.8856842275272]
Generation 39 elapsed 106.0 seconds.
Generation 40
Preselection cleared number: 1846
MPSLGP task-balanced survival counts: [task 0=334, task 1=333, task 2=333]
Subpop 0 reduced 5000 -> 1000
ideal points: [4804.477507605125, 1146.3595047854033]
nadir points: [7453.623132239678, 2082.9452246557776]
max objectives: [35077.180556207895, 10109.727472128114]
min objectives: [5338.308341783471, 1273.7327830948925]
HVOfIntermedidatePopPSL: DoubleSummaryStatistics{count=1000, sum=841.602717, min=0.000000, average=0.841603, max=0.960844}
preferenceDiversityPopAll: DoubleSummaryStatistics{count=1000, sum=0.972245, min=0.000000, average=0.000972, max=0.059835}
Genotype diversity: 1.0
Entropy diversity: 6.902210101537775
PC diversity: 0.996
MPSLGP top 5 HV by task at generation 40:
  Task 0: #1 ind=44 HV=0.941737283324196; #2 ind=48 HV=0.9404568059901136; #3 ind=53 HV=0.9384729320006355; #4 ind=73 HV=0.9345914493518316; #5 ind=76 HV=0.9326869545431365
  Task 1: #1 ind=1 HV=0.9570238856358618; #2 ind=2 HV=0.9560270190231062; #3 ind=3 HV=0.9549839933052845; #4 ind=17 HV=0.954566163832561; #5 ind=19 HV=0.9496840088031151
  Task 2: #1 ind=0 HV=0.9608442746726625; #2 ind=18 HV=0.9543927923058734; #3 ind=4 HV=0.9533420105276218; #4 ind=5 HV=0.9527581448568122; #5 ind=6 HV=0.9523962794788606

Pareto Front of Subpopulation 40
Objective 0: [5338.308341783471, 5410.712864016357, 5497.891656305874, 5538.691405874619, 5619.177191899973, 5730.23388340621, 5827.219910633925, 5879.829912921414, 5900.665647787973, 6122.955272607447, 6450.0361530529335, 6742.633074728539, 6950.675030421058, 7050.649921634584, 7171.392063080217, 7394.864460647281, 7453.623132239678]
Objective 1: [2082.9452246557776, 1887.931711894751, 1738.8796761698031, 1680.121687029212, 1565.9398662570602, 1544.1643336968846, 1537.0150181707286, 1526.044234451765, 1479.359850426772, 1379.5610161464429, 1350.0217688833218, 1337.2492870873539, 1333.866033393686, 1309.5420250046445, 1284.2004958806647, 1279.6232877966977, 1273.7327830948925]
2
duration: 107.0
MPSLGP task 0 best fitness of generation Fitness: [5338.308341783471 2082.9452246557776]
MPSLGP task 1 best fitness of generation Fitness: [5900.665647787973 1479.359850426772]
MPSLGP task 2 best fitness of generation Fitness: [6122.955272607447 1379.5610161464429]
Generation 40 elapsed 107.0 seconds.
Generation 41
Preselection cleared number: 1926
MPSLGP task-balanced survival counts: [task 0=334, task 1=333, task 2=333]
Subpop 0 reduced 5000 -> 1000
ideal points: [4506.237954908155, 856.167853750648]
nadir points: [5563.113112228923, 3074.0077103011135]
max objectives: [26633.81849845976, 20746.13582833376]
min objectives: [5006.9310610090615, 951.2976152784977]
HVOfIntermedidatePopPSL: DoubleSummaryStatistics{count=1000, sum=884.144636, min=0.000000, average=0.884145, max=0.985071}
preferenceDiversityPopAll: DoubleSummaryStatistics{count=1000, sum=0.770991, min=0.000000, average=0.000771, max=0.069805}
Genotype diversity: 1.0
Entropy diversity: 6.862007565065296
PC diversity: 0.998
MPSLGP top 5 HV by task at generation 41:
  Task 0: #1 ind=5 HV=0.979250930575051; #2 ind=19 HV=0.9751920909439992; #3 ind=21 HV=0.9739793597202837; #4 ind=31 HV=0.9736880951359645; #5 ind=23 HV=0.9709809012163448
  Task 1: #1 ind=3 HV=0.9807104212424187; #2 ind=4 HV=0.9803992485569784; #3 ind=6 HV=0.9784325349865604; #4 ind=12 HV=0.9779564349147065; #5 ind=14 HV=0.9769941620403998
  Task 2: #1 ind=0 HV=0.9850705169072786; #2 ind=1 HV=0.9826386279032175; #3 ind=2 HV=0.9809927907689071; #4 ind=7 HV=0.977454633937107; #5 ind=13 HV=0.9773150623467664

Pareto Front of Subpopulation 41
Objective 0: [5006.9310610090615, 5055.123335997952, 5067.890833131038, 5199.967705514457, 5211.054217715515, 5222.528606851352, 5276.201416719588, 5316.366937193787, 5369.376494315802, 5392.922737449175, 5424.226385657908, 5563.113112228923]
Objective 1: [3074.0077103011135, 1489.1092540673126, 1189.828812928754, 1170.5904701345426, 1143.1142656622687, 1095.33376596187, 1080.8431021025754, 1040.0045196838764, 1038.6736212009855, 1032.779689038769, 1025.060314267088, 951.2976152784977]
2
duration: 112.0
MPSLGP task 0 best fitness of generation Fitness: [5199.967705514457 1170.5904701345426]
MPSLGP task 1 best fitness of generation Fitness: [5276.201416719588 1080.8431021025754]
MPSLGP task 2 best fitness of generation Fitness: [5067.890833131038 1189.828812928754]
Generation 41 elapsed 112.0 seconds.
Generation 42
Preselection cleared number: 1922
MPSLGP task-balanced survival counts: [task 0=334, task 1=333, task 2=333]
Subpop 0 reduced 5000 -> 1000
ideal points: [4606.081251036586, 990.8068510977959]
nadir points: [5362.367255911813, 1470.7681443014299]
max objectives: [45150.90354605869, 12644.864415294476]
min objectives: [5117.868056707317, 1100.8965012197732]
HVOfIntermedidatePopPSL: DoubleSummaryStatistics{count=1000, sum=865.310104, min=0.000000, average=0.865310, max=0.993450}
preferenceDiversityPopAll: DoubleSummaryStatistics{count=1000, sum=0.689054, min=0.000000, average=0.000689, max=0.052801}
Genotype diversity: 1.0
Entropy diversity: 6.795465435731538
PC diversity: 0.999
MPSLGP top 5 HV by task at generation 42:
  Task 0: #1 ind=8 HV=0.9741514821908882; #2 ind=10 HV=0.9736782295087655; #3 ind=12 HV=0.968015238820734; #4 ind=13 HV=0.9674350294775504; #5 ind=30 HV=0.9661099531339921
  Task 1: #1 ind=6 HV=0.9801595268947543; #2 ind=2 HV=0.979360055793514; #3 ind=17 HV=0.977467863144386; #4 ind=18 HV=0.9757003301748243; #5 ind=7 HV=0.9752902473327397
  Task 2: #1 ind=0 HV=0.993449774379774; #2 ind=4 HV=0.9817792440610286; #3 ind=1 HV=0.9811601886734969; #4 ind=5 HV=0.9804069968080263; #5 ind=20 HV=0.9748994252821339

Pareto Front of Subpopulation 42
Objective 0: [5117.868056707317, 5252.123276052938, 5302.49030484783, 5362.367255911813]
Objective 1: [1470.7681443014299, 1298.625252635131, 1262.1424153964617, 1100.8965012197732]
MPSLGP task 0 best fitness of generation Fitness: [5312.780782657326 1333.1186706729932]
MPSLGP task 1 best fitness of generation Fitness: [5252.123276052938 1298.625252635131]
MPSLGP task 2 best fitness of generation Fitness: [5362.367255911813 1100.8965012197732]
2
duration: 103.0
Generation 42 elapsed 103.0 seconds.
Generation 43
Preselection cleared number: 1923
MPSLGP task-balanced survival counts: [task 0=334, task 1=333, task 2=333]
Subpop 0 reduced 5000 -> 1000
ideal points: [4691.837011847942, 976.3112256728754]
nadir points: [6601.397174944286, 2334.2582947563496]
max objectives: [26120.93356740204, 11560.735640198633]
min objectives: [5213.152235386602, 1084.7902507476392]
HVOfIntermedidatePopPSL: DoubleSummaryStatistics{count=1000, sum=857.324835, min=0.000000, average=0.857325, max=0.978285}
preferenceDiversityPopAll: DoubleSummaryStatistics{count=1000, sum=0.238064, min=0.000000, average=0.000238, max=0.061732}
Genotype diversity: 1.0
Entropy diversity: 6.898321795058964
PC diversity: 0.998
MPSLGP top 5 HV by task at generation 43:
  Task 0: #1 ind=10 HV=0.9648315795063541; #2 ind=39 HV=0.9601675906537732; #3 ind=54 HV=0.9567033346837541; #4 ind=58 HV=0.9551635184518144; #5 ind=47 HV=0.9531359806857002
  Task 1: #1 ind=0 HV=0.9782849711529755; #2 ind=1 HV=0.972600751816422; #3 ind=2 HV=0.9722063783830446; #4 ind=16 HV=0.9710913263837959; #5 ind=5 HV=0.9704164582116633
  Task 2: #1 ind=3 HV=0.971647737150946; #2 ind=4 HV=0.9716245653477957; #3 ind=6 HV=0.9693596361099989; #4 ind=8 HV=0.9692068178564008; #5 ind=17 HV=0.9681221751753397

Pareto Front of Subpopulation 43
Objective 0: [5213.152235386602, 5234.637827177299, 5264.463124150003, 5322.946098572575, 5338.441874867072, 5341.027617704123, 5475.913369849557, 5521.264239147014, 5588.4843123795, 5661.367059836979, 5666.862276582397, 5677.226560050971, 5700.51100853167, 5820.35248338792, 6098.330884977244, 6601.397174944286]
Objective 1: [2334.2582947563496, 1750.8477377938834, 1594.0416669202386, 1381.3402916527702, 1297.2256294675608, 1233.1538438235875, 1227.5640822929054, 1216.6687949299812, 1208.4629184465157, 1202.5509520911874, 1173.35397120181, 1168.3910423402995, 1132.9681313009933, 1089.1501755926292, 1086.7277534747554, 1084.7902507476392]
2
duration: 111.0
MPSLGP task 0 best fitness of generation Fitness: [5322.946098572575 1381.3402916527702]
MPSLGP task 1 best fitness of generation Fitness: [5341.027617704123 1233.1538438235875]
MPSLGP task 2 best fitness of generation Fitness: [5700.51100853167 1132.9681313009933]
Generation 43 elapsed 111.0 seconds.
Generation 44
Preselection cleared number: 2005
MPSLGP task-balanced survival counts: [task 0=334, task 1=333, task 2=333]
Subpop 0 reduced 5000 -> 1000
ideal points: [4537.971786400793, 955.1485621519423]
nadir points: [6746.305339465296, 2728.6057790585473]
max objectives: [30907.97230423591, 10465.980266244915]
min objectives: [5042.190873778658, 1061.2761801688248]
HVOfIntermedidatePopPSL: DoubleSummaryStatistics{count=1000, sum=830.123842, min=0.000000, average=0.830124, max=0.972919}
preferenceDiversityPopAll: DoubleSummaryStatistics{count=1000, sum=0.111315, min=0.000000, average=0.000111, max=0.013339}
Genotype diversity: 1.0
Entropy diversity: 6.828709398331659
PC diversity: 1.0
MPSLGP top 5 HV by task at generation 44:
  Task 0: #1 ind=19 HV=0.9618725088722998; #2 ind=4 HV=0.9524741517050216; #3 ind=28 HV=0.9471067133122913; #4 ind=51 HV=0.9414688473380324; #5 ind=55 HV=0.9407981981431615
  Task 1: #1 ind=2 HV=0.9704853849260711; #2 ind=17 HV=0.9639804543221858; #3 ind=3 HV=0.9611377326411187; #4 ind=21 HV=0.9590150859875419; #5 ind=38 HV=0.9583531498015384
  Task 2: #1 ind=0 HV=0.9729189887527762; #2 ind=1 HV=0.9719260522979811; #3 ind=18 HV=0.9619867447939994; #4 ind=20 HV=0.9606485006133362; #5 ind=22 HV=0.958797161048073

Pareto Front of Subpopulation 44
Objective 0: [5042.190873778658, 5094.584186104243, 5112.331770559889, 5138.999336495006, 5179.576083217631, 5212.124784379324, 5229.814674382855, 5240.158312022046, 5310.00112716679, 5454.838645300886, 5809.977595500735, 6115.359661060502, 6142.53374015243, 6289.859307597799, 6599.051219030836, 6604.322423685313, 6746.305339465296]
Objective 1: [2728.6057790585473, 2193.0754512298736, 1838.6675351970189, 1642.873313600081, 1642.1992611646783, 1640.4042573164406, 1428.866707958121, 1232.242123107193, 1217.8092422752234, 1180.277247686805, 1142.2571278914547, 1141.5251871431392, 1106.7950636890237, 1091.4239999308556, 1079.6860557670589, 1077.734440485976, 1061.2761801688248]
2
duration: 92.0
MPSLGP task 0 best fitness of generation Fitness: [5229.814674382855 1428.866707958121]
MPSLGP task 1 best fitness of generation Fitness: [5454.838645300886 1180.277247686805]
MPSLGP task 2 best fitness of generation Fitness: [5240.158312022046 1232.242123107193]
Generation 44 elapsed 92.0 seconds.
Generation 45
Preselection cleared number: 1902
MPSLGP task-balanced survival counts: [task 0=334, task 1=333, task 2=333]
Subpop 0 reduced 5000 -> 1000
ideal points: [4558.7068322879495, 935.4311062381079]
nadir points: [6545.168891720939, 1528.3112505471217]
max objectives: [23299.675809458597, 8930.204100044357]
min objectives: [5065.229813653277, 1039.3678958201199]
HVOfIntermedidatePopPSL: DoubleSummaryStatistics{count=1000, sum=805.542066, min=0.000000, average=0.805542, max=0.974166}
preferenceDiversityPopAll: DoubleSummaryStatistics{count=1000, sum=0.314784, min=0.000000, average=0.000315, max=0.047361}
Genotype diversity: 1.0
Entropy diversity: 6.895618427805767
PC diversity: 0.994
MPSLGP top 5 HV by task at generation 45:
  Task 0: #1 ind=4 HV=0.9537897974226411; #2 ind=63 HV=0.9462749567987727; #3 ind=94 HV=0.9402709935916985; #4 ind=6 HV=0.9367393689918011; #5 ind=126 HV=0.9266900826422394
  Task 1: #1 ind=0 HV=0.9741657788749082; #2 ind=8 HV=0.9681480041099827; #3 ind=9 HV=0.9661113724987541; #4 ind=3 HV=0.9647245969616188; #5 ind=10 HV=0.9632579556800761
  Task 2: #1 ind=1 HV=0.969219955555962; #2 ind=2 HV=0.9658297770959879; #3 ind=11 HV=0.9625725219333958; #4 ind=15 HV=0.9607712771120706; #5 ind=27 HV=0.9586053830385333

Pareto Front of Subpopulation 45
Objective 0: [5065.229813653277, 5115.971131647704, 5196.067054936488, 5258.337801041198, 5493.536511485814, 5501.744632510818, 5939.489442284044, 6545.168891720939]
Objective 1: [1528.3112505471217, 1373.719772984361, 1245.7357377297012, 1153.9872158714716, 1129.0368659443193, 1091.8625946283864, 1057.5921515014343, 1039.3678958201199]
MPSLGP task 0 best fitness of generation Fitness: [5115.971131647704 1373.719772984361]
MPSLGP task 1 best fitness of generation Fitness: [5258.337801041198 1153.9872158714716]
MPSLGP task 2 best fitness of generation Fitness: [5501.744632510818 1091.8625946283864]
2
duration: 98.0
Generation 45 elapsed 98.0 seconds.
Generation 46
Preselection cleared number: 1893
MPSLGP task-balanced survival counts: [task 0=334, task 1=333, task 2=333]
Subpop 0 reduced 5000 -> 1000
ideal points: [4752.697550614563, 886.8285659450863]
nadir points: [6337.1643388874945, 1339.1833321445447]
max objectives: [24525.714195394656, 9899.298760288919]
min objectives: [5280.775056238403, 985.3650732723181]
HVOfIntermedidatePopPSL: DoubleSummaryStatistics{count=1000, sum=845.370965, min=0.000000, average=0.845371, max=0.984264}
preferenceDiversityPopAll: DoubleSummaryStatistics{count=1000, sum=0.516262, min=0.000000, average=0.000516, max=0.061323}
Genotype diversity: 1.0
Entropy diversity: 6.884729428052313
PC diversity: 0.997
MPSLGP top 5 HV by task at generation 46:
  Task 0: #1 ind=38 HV=0.9669220740531709; #2 ind=26 HV=0.9625965275504201; #3 ind=11 HV=0.958169388147574; #4 ind=68 HV=0.9567725147873186; #5 ind=29 HV=0.9564507148592971
  Task 1: #1 ind=0 HV=0.9842635254769413; #2 ind=1 HV=0.9821970507328048; #3 ind=14 HV=0.9742217735644548; #4 ind=2 HV=0.9739333331525426; #5 ind=3 HV=0.9737674142718222
  Task 2: #1 ind=15 HV=0.9734327113508051; #2 ind=5 HV=0.9729331756179489; #3 ind=19 HV=0.9710628620023772; #4 ind=20 HV=0.9698600208819518; #5 ind=21 HV=0.9696229218865156

Pareto Front of Subpopulation 46
Objective 0: [5280.775056238403, 5283.729043572792, 5309.932648098329, 5425.317290595151, 5621.815141678904, 5629.662214209908, 5649.009610602749, 5682.517469801125, 5694.601576803747, 5839.672382697958, 5914.827478755149, 6004.682737812429, 6038.343213754939, 6337.1643388874945]
Objective 1: [1339.1833321445447, 1237.9794715328535, 1120.8143632629217, 1057.8049313846786, 1056.2510613302875, 1050.2534912618066, 1044.128072395608, 1037.4192112161836, 1034.5825710744466, 1032.6640355214768, 1019.12163981091, 1013.4016755979974, 985.9036120771052, 985.3650732723181]
2
duration: 95.0
MPSLGP task 0 best fitness of generation Fitness: [5280.775056238403 1339.1833321445447]
MPSLGP task 1 best fitness of generation Fitness: [5425.317290595151 1057.8049313846786]
MPSLGP task 2 best fitness of generation Fitness: [5682.517469801125 1037.4192112161836]
Generation 46 elapsed 95.0 seconds.
Generation 47
Preselection cleared number: 1935
MPSLGP task-balanced survival counts: [task 0=334, task 1=333, task 2=333]
Subpop 0 reduced 5000 -> 1000
ideal points: [4665.285752000747, 973.7631135308956]
nadir points: [6580.656886209734, 1673.3543153222126]
max objectives: [42130.571563145495, 10490.982780474078]
min objectives: [5183.650835556386, 1081.9590150343283]
HVOfIntermedidatePopPSL: DoubleSummaryStatistics{count=1000, sum=872.484498, min=0.000000, average=0.872484, max=0.977766}
preferenceDiversityPopAll: DoubleSummaryStatistics{count=1000, sum=0.354676, min=0.000000, average=0.000355, max=0.052526}
Genotype diversity: 1.0
Entropy diversity: 6.874410937335254
PC diversity: 0.997
MPSLGP top 5 HV by task at generation 47:
  Task 0: #1 ind=6 HV=0.9752497247742732; #2 ind=7 HV=0.9750295153114361; #3 ind=10 HV=0.9723751594365878; #4 ind=35 HV=0.9678417742496925; #5 ind=40 HV=0.9644990519033688
  Task 1: #1 ind=0 HV=0.9777662933090867; #2 ind=2 HV=0.9767766214692377; #3 ind=3 HV=0.9766904220529903; #4 ind=4 HV=0.9756190750908602; #5 ind=15 HV=0.972974894969673
  Task 2: #1 ind=1 HV=0.9771891672842284; #2 ind=5 HV=0.9753361391091193; #3 ind=8 HV=0.9738967893572348; #4 ind=14 HV=0.9738230679789904; #5 ind=9 HV=0.973324680651266

Pareto Front of Subpopulation 47
Objective 0: [5183.650835556386, 5207.190340436704, 5342.065936745028, 5443.546108979266, 5474.269417498959, 5618.24838934344, 5656.427131871169, 5750.977138057642, 5760.820952393347, 5768.834213807771, 5815.493769916997, 6023.616316600819, 6266.714737473056, 6580.656886209734]
Objective 1: [1673.3543153222126, 1322.9136771270423, 1268.0763211486046, 1255.9835494599101, 1235.6740582726197, 1197.204567394685, 1188.9478582423035, 1174.8527042326314, 1150.9192365480558, 1146.1483157093317, 1129.8509698645503, 1106.842095539847, 1100.3747722642438, 1081.9590150343283]
2
duration: 95.0
MPSLGP task 0 best fitness of generation Fitness: [5342.065936745028 1268.0763211486046]
MPSLGP task 1 best fitness of generation Fitness: [5815.493769916997 1129.8509698645503]
MPSLGP task 2 best fitness of generation Fitness: [5768.834213807771 1146.1483157093317]
Generation 47 elapsed 95.0 seconds.
Generation 48
Preselection cleared number: 1922
MPSLGP task-balanced survival counts: [task 0=334, task 1=333, task 2=333]
Subpop 0 reduced 5000 -> 1000
ideal points: [4472.702159179427, 1000.5096671003106]
nadir points: [6396.575830945512, 1908.542844229858]
max objectives: [20431.18592606805, 18363.50764756874]
min objectives: [4969.669065754919, 1111.677407889234]
HVOfIntermedidatePopPSL: DoubleSummaryStatistics{count=1000, sum=838.997180, min=0.000000, average=0.838997, max=0.974294}
preferenceDiversityPopAll: DoubleSummaryStatistics{count=1000, sum=0.544489, min=0.000000, average=0.000544, max=0.097417}
Genotype diversity: 1.0
Entropy diversity: 6.84382030779006
PC diversity: 0.997
MPSLGP top 5 HV by task at generation 48:
  Task 0: #1 ind=1 HV=0.9717028490492263; #2 ind=2 HV=0.9712268240826161; #3 ind=34 HV=0.9659476293445726; #4 ind=39 HV=0.9543201085500518; #5 ind=6 HV=0.9522130318252247
  Task 1: #1 ind=17 HV=0.965932659004779; #2 ind=35 HV=0.9651739093525898; #3 ind=18 HV=0.9618267869852127; #4 ind=19 HV=0.9609928175282066; #5 ind=55 HV=0.9606448987641271
  Task 2: #1 ind=0 HV=0.9742938564619502; #2 ind=14 HV=0.9689304982710473; #3 ind=15 HV=0.9686582921509004; #4 ind=16 HV=0.9686339254624322; #5 ind=3 HV=0.9676689728852161

Pareto Front of Subpopulation 48
Objective 0: [4969.669065754919, 5223.741850484395, 5225.44313601125, 5228.3095630741445, 5251.80952587811, 5266.3109307657, 5514.45489079383, 5672.7046407345915, 5776.524326689949, 5783.625053639524, 5839.165092106734, 6117.956079181284, 6341.682808386919, 6396.575830945512]
Objective 1: [1908.542844229858, 1392.1568870924966, 1372.2560089094186, 1306.41933082194, 1290.4463506726752, 1224.2918687902566, 1184.4596885823266, 1160.255377474561, 1150.0431141703593, 1142.2522925896483, 1134.2889907248318, 1130.4996025823784, 1114.7030113519868, 1111.677407889234]
MPSLGP task 0 best fitness of generation Fitness: [5228.3095630741445 1306.41933082194]
MPSLGP task 1 best fitness of generation Fitness: [5514.45489079383 1184.4596885823266]
MPSLGP task 2 best fitness of generation Fitness: [5266.3109307657 1224.2918687902566]
2
duration: 93.0
Generation 48 elapsed 93.0 seconds.
Generation 49
Preselection cleared number: 1909
MPSLGP task-balanced survival counts: [task 0=334, task 1=333, task 2=333]
Subpop 0 reduced 5000 -> 1000
ideal points: [4533.578555066942, 960.2193915908371]
nadir points: [6487.291203290923, 1868.9824811750514]
max objectives: [27490.73951045447, 6344.684877613618]
min objectives: [5037.309505629935, 1066.91043510093]
HVOfIntermedidatePopPSL: DoubleSummaryStatistics{count=1000, sum=794.435922, min=0.000000, average=0.794436, max=0.962383}
preferenceDiversityPopAll: DoubleSummaryStatistics{count=1000, sum=0.208555, min=0.000000, average=0.000209, max=0.031123}
Genotype diversity: 1.0
Entropy diversity: 6.874410937335254
PC diversity: 1.0
MPSLGP top 5 HV by task at generation 49:
  Task 0: #1 ind=19 HV=0.945445216467046; #2 ind=35 HV=0.9440117304234324; #3 ind=23 HV=0.9404563125006387; #4 ind=24 HV=0.9399220993980806; #5 ind=40 HV=0.938154865677218
  Task 1: #1 ind=0 HV=0.9623828904434759; #2 ind=1 HV=0.960985715210199; #3 ind=13 HV=0.95235451061943; #4 ind=14 HV=0.951840018712043; #5 ind=16 HV=0.9505581193107998
  Task 2: #1 ind=2 HV=0.9597942014547084; #2 ind=3 HV=0.9584738804688476; #3 ind=4 HV=0.9538068541475948; #4 ind=5 HV=0.9507924293153039; #5 ind=15 HV=0.9506007569161121

Pareto Front of Subpopulation 49
Objective 0: [5037.309505629935, 5049.723556260811, 5137.694015650079, 5154.872308751743, 5297.899139786838, 5329.530481575814, 5334.347775959817, 5383.989006470074, 5615.480841109937, 5965.840784593951, 6286.240248963411, 6324.082261436502, 6487.291203290923]
Objective 1: [1868.9824811750514, 1495.6241776586976, 1391.3053130422195, 1299.069600171555, 1245.825418059656, 1208.8000482342322, 1194.9967606124846, 1188.5687336268602, 1144.0220646102389, 1135.267577258899, 1117.4217757067527, 1080.473095332447, 1066.91043510093]
MPSLGP task 0 best fitness of generation Fitness: [5137.694015650079 1391.3053130422195]
MPSLGP task 1 best fitness of generation Fitness: [5334.347775959817 1194.9967606124846]
MPSLGP task 2 best fitness of generation Fitness: [5329.530481575814 1208.8000482342322]
Generation 49 elapsed 95.0 seconds.
Generation 50
2
duration: 95.0
Preselection cleared number: 1920
MPSLGP task-balanced survival counts: [task 0=334, task 1=333, task 2=333]
Subpop 0 reduced 5000 -> 1000
ideal points: [4646.303514277405, 1026.8916627470564]
nadir points: [7010.836181577004, 2057.7581905122206]
max objectives: [39546.02389960649, 12231.975060982746]
min objectives: [5162.559460308228, 1140.9907363856182]
HVOfIntermedidatePopPSL: DoubleSummaryStatistics{count=1000, sum=870.889423, min=0.000000, average=0.870889, max=0.977055}
preferenceDiversityPopAll: DoubleSummaryStatistics{count=1000, sum=0.293535, min=0.000000, average=0.000294, max=0.045386}
Genotype diversity: 1.0
Entropy diversity: 6.892747613577747
PC diversity: 0.994
MPSLGP top 5 HV by task at generation 50:
  Task 0: #1 ind=19 HV=0.9690074001814941; #2 ind=23 HV=0.962859751411592; #3 ind=11 HV=0.961874755684974; #4 ind=24 HV=0.95959771669329; #5 ind=41 HV=0.9595271853561157
  Task 1: #1 ind=0 HV=0.9770551078022935; #2 ind=1 HV=0.9725345716173471; #3 ind=2 HV=0.9707164631244086; #4 ind=4 HV=0.9697718365281467; #5 ind=5 HV=0.9694681140317536
  Task 2: #1 ind=17 HV=0.9722820958160565; #2 ind=3 HV=0.9706613434822596; #3 ind=18 HV=0.9692620734053685; #4 ind=6 HV=0.9692603264532809; #5 ind=7 HV=0.9692282994190039

Pareto Front of Subpopulation 50
Objective 0: [5162.559460308228, 5258.810108558217, 5349.5313267559395, 5355.310770768207, 5476.565162991232, 5555.521776434442, 5596.59779255488, 5684.9279507591855, 5697.533770607319, 5713.8696085138945, 5739.844324473641, 6078.502924264525, 6101.534157233138, 6235.273162277881, 6472.28784642322, 6821.450080104638, 7010.836181577004]
Objective 1: [2057.7581905122206, 1663.3155167549412, 1501.7743808408704, 1404.4285288531828, 1377.9797008419991, 1351.6340329920058, 1302.5721709479112, 1300.063700763014, 1299.1977206710144, 1278.755111327744, 1201.3044728895038, 1200.33471067145, 1192.4708694580768, 1179.52868856625, 1167.969664195538, 1143.7311451995774, 1140.9907363856182]
MPSLGP task 0 best fitness of generation Fitness: [5349.5313267559395 1501.7743808408704]
MPSLGP task 1 best fitness of generation Fitness: [5739.844324473641 1201.3044728895038]
MPSLGP task 2 best fitness of generation Fitness: [5355.310770768207 1404.4285288531828]
Generation 50 elapsed 112.0 seconds.
The whole program elapsed 4660.0 seconds.
1
duration: 112.0

进程已结束，退出代码为 0
